플랫폼,중분류1,Word,Frequency
올리브영,스킨케어,피부,528
올리브영,스킨케어,크림,323
올리브영,스킨케어,보습,264
올리브영,스킨케어,수분,166
올리브영,스킨케어,럼,160
올리브영,스킨케어,에스트,146
올리브영,스킨케어,느낌,146
올리브영,스킨케어,로션,139
올리브영,스킨케어,자극,137
올리브영,스킨케어,효과,137
올리브영,스킨케어,건성,121
올리브영,스킨케어,겨울,120
올리브영,스킨케어,추천,113
올리브영,스킨케어,좋아,100
올리브영,스킨케어,흡수,98
올리브영,스킨케어,모공,95
올리브영,스킨케어,습,93
올리브영,스킨케어,끈,91
올리브영,스킨케어,앰플,87
올리브영,스킨케어,용량,84
올리브영,스킨케어,같아,84
올리브영,스킨케어,전,83
올리브영,스킨케어,감,83
올리브영,스킨케어,발라,82
올리브영,스킨케어,꾸준히,72
올리브영,스킨케어,얼굴,70
올리브영,스킨케어,건조,68
올리브영,스킨케어,촉촉하고,67
올리브영,스킨케어,아토,63
올리브영,스킨케어,순하고,61
올리브영,스킨케어,향,59
올리브영,스킨케어,화장,58
올리브영,스킨케어,베리,57
올리브영,스킨케어,잡티,55
올리브영,스킨케어,장벽,54
올리브영,스킨케어,트러블,53
올리브영,스킨케어,후,52
올리브영,스킨케어,민감,51
올리브영,스킨케어,발림성,51
올리브영,스킨케어,형,50
올리브영,스킨케어,케어,49
올리브영,스킨케어,지성,49
올리브영,스킨케어,적임,48
올리브영,스킨케어,마음에 들다,47
올리브영,스킨케어,해,44
올리브영,스킨케어,계속,44
올리브영,스킨케어,입니,43
올리브영,스킨케어,날,42
올리브영,스킨케어,바이오,42
올리브영,스킨케어,콜라겐,42
올리브영,스킨케어,정도,41
올리브영,스킨케어,타입,41
올리브영,스킨케어,없고,41
올리브영,스킨케어,미백,41
올리브영,스킨케어,기획,39
올리브영,스킨케어,여드름,39
올리브영,스킨케어,그냥,39
올리브영,스킨케어,라인,39
올리브영,스킨케어,바로,38
올리브영,스킨케어,여름,38
올리브영,스킨케어,템,37
올리브영,스킨케어,다른,37
올리브영,스킨케어,고민,37
올리브영,스킨케어,에센스,37
올리브영,스킨케어,부지,36
올리브영,스킨케어,진정,36
올리브영,스킨케어,용,36
올리브영,스킨케어,샘플,36
올리브영,스킨케어,있는데,36
올리브영,스킨케어,스킨,34
올리브영,스킨케어,같은,34
올리브영,스킨케어,마무리,34
올리브영,스킨케어,눈,34
올리브영,스킨케어,분,33
올리브영,스킨케어,합,33
올리브영,스킨케어,있어,33
올리브영,스킨케어,개선,32
올리브영,스킨케어,성분,31
올리브영,스킨케어,순해서,31
올리브영,스킨케어,할인,31
올리브영,스킨케어,건조한,31
올리브영,스킨케어,항상,31
올리브영,스킨케어,아침,31
올리브영,스킨케어,편이,30
올리브영,스킨케어,수분크림,30
올리브영,스킨케어,리뉴얼,30
올리브영,스킨케어,정착,29
올리브영,스킨케어,도움,29
올리브영,스킨케어,리뷰,29
올리브영,스킨케어,때문,29
올리브영,스킨케어,패드,29
올리브영,스킨케어,힐보,29
올리브영,스킨케어,다시,28
올리브영,스킨케어,확실히,28
올리브영,스킨케어,약간,28
올리브영,스킨케어,탄력,28
올리브영,스킨케어,자주,27
올리브영,스킨케어,사람,27
올리브영,스킨케어,증정,27
올리브영,스킨케어,품,27
올리브영,스킨케어,없어,27
올리브영,스킨케어,년,27
올리브영,스킨케어,무난,27
올리브영,스킨케어,트,26
올리브영,스킨케어,관리,26
올리브영,스킨케어,용감,26
올리브영,스킨케어,에스,25
올리브영,스킨케어,꼭,25
올리브영,스킨케어,살짝,25
올리브영,스킨케어,겨울철,25
올리브영,스킨케어,복합,25
올리브영,스킨케어,토너,25
올리브영,스킨케어,걸,25
올리브영,스킨케어,비타민,25
올리브영,스킨케어,악,24
올리브영,스킨케어,속,24
올리브영,스킨케어,점,24
올리브영,스킨케어,부담스럽지 않은,24
올리브영,스킨케어,메이크업,24
올리브영,스킨케어,저녁,24
올리브영,스킨케어,브랜드,24
올리브영,스킨케어,뭐,23
올리브영,스킨케어,쫀쫀,23
올리브영,스킨케어,같,23
올리브영,스킨케어,순한,22
올리브영,스킨케어,거의,22
올리브영,스킨케어,완전,22
올리브영,스킨케어,세트,22
올리브영,스킨케어,없어서,22
올리브영,스킨케어,건,21
올리브영,스킨케어,캡슐,21
올리브영,스킨케어,없어요,21
올리브영,스킨케어,막,21
올리브영,스킨케어,통,21
올리브영,스킨케어,좋다고,21
올리브영,스킨케어,좋았어요,21
올리브영,스킨케어,금방,21
올리브영,스킨케어,좋을,20
올리브영,스킨케어,의사,20
올리브영,스킨케어,그,20
올리브영,스킨케어,없는,20
올리브영,스킨케어,게,20
올리브영,스킨케어,기초,20
올리브영,스킨케어,못,20
올리브영,스킨케어,건조해서,20
올리브영,스킨케어,있,20
올리브영,스킨케어,통째,20
올리브영,스킨케어,엄마,20
올리브영,스킨케어,무조건,19
올리브영,스킨케어,매일,19
올리브영,스킨케어,유지,19
올리브영,스킨케어,도,19
올리브영,스킨케어,이건,19
올리브영,스킨케어,선물,19
올리브영,스킨케어,몇,19
올리브영,스킨케어,추가,19
올리브영,스킨케어,리필,19
올리브영,스킨케어,최고,18
올리브영,스킨케어,단점,18
올리브영,스킨케어,기분,18
올리브영,스킨케어,에스트라,18
올리브영,스킨케어,걱정,18
올리브영,스킨케어,알갱이,18
올리브영,스킨케어,아이,18
올리브영,스킨케어,촉촉해서,18
올리브영,스킨케어,같고,18
올리브영,스킨케어,구성,18
올리브영,스킨케어,기름,17
올리브영,스킨케어,촉촉한,17
올리브영,스킨케어,말,17
올리브영,스킨케어,예민한,17
올리브영,스킨케어,민감한,17
올리브영,스킨케어,분기,17
올리브영,스킨케어,꽤,17
올리브영,스킨케어,이유,17
올리브영,스킨케어,앞,17
올리브영,스킨케어,구달,17
올리브영,스킨케어,전혀,16
올리브영,스킨케어,젤,16
올리브영,스킨케어,위,16
올리브영,스킨케어,촉촉하게,16
올리브영,스킨케어,같습니다,16
올리브영,스킨케어,모두,16
올리브영,스킨케어,지금,16
올리브영,스킨케어,밤,16
올리브영,스킨케어,단계,15
올리브영,스킨케어,볼,15
올리브영,스킨케어,영,15
올리브영,스킨케어,많은,15
올리브영,스킨케어,유명한,15
올리브영,스킨케어,요즘,15
올리브영,스킨케어,만족,15
올리브영,스킨케어,각질,15
올리브영,스킨케어,쟁여두고 싶은,15
올리브영,스킨케어,괜찮은,15
올리브영,스킨케어,결,15
올리브영,스킨케어,팩,15
올리브영,스킨케어,빠르고,15
올리브영,스킨케어,다만,14
올리브영,스킨케어,강화,14
올리브영,스킨케어,부드럽고,14
올리브영,스킨케어,역시,14
올리브영,스킨케어,평소,14
올리브영,스킨케어,행사,14
올리브영,스킨케어,친구,14
올리브영,스킨케어,사실,14
올리브영,스킨케어,주름,14
올리브영,스킨케어,편,14
올리브영,스킨케어,동생,14
올리브영,스킨케어,양,14
올리브영,스킨케어,리,14
올리브영,스킨케어,별로,13
올리브영,스킨케어,있을,13
올리브영,스킨케어,적당한,13
올리브영,스킨케어,상태,13
올리브영,스킨케어,필수,13
올리브영,스킨케어,만족합니,13
올리브영,스킨케어,주문,13
올리브영,스킨케어,무겁지,13
올리브영,스킨케어,내내,13
올리브영,스킨케어,이제,13
올리브영,스킨케어,가벼운,13
올리브영,스킨케어,마스크,13
올리브영,스킨케어,톤,13
올리브영,스킨케어,굉장히,12
올리브영,스킨케어,무향,12
올리브영,스킨케어,덕,12
올리브영,스킨케어,하루,12
올리브영,스킨케어,부분,12
올리브영,스킨케어,강,12
올리브영,스킨케어,여기,12
올리브영,스킨케어,구,12
올리브영,스킨케어,입,12
올리브영,스킨케어,만족합니다,12
올리브영,스킨케어,늘,12
올리브영,스킨케어,있었는데,12
올리브영,스킨케어,좋은데,12
올리브영,스킨케어,히알루론산,12
올리브영,스킨케어,청귤,12
올리브영,스킨케어,기미,12
올리브영,스킨케어,올리브영,11
올리브영,스킨케어,자체,11
올리브영,스킨케어,마지막,11
올리브영,스킨케어,얘,11
올리브영,스킨케어,덜,11
올리브영,스킨케어,장점,11
올리브영,스킨케어,손,11
올리브영,스킨케어,거리,11
올리브영,스킨케어,많아서,11
올리브영,스킨케어,사계절,11
올리브영,스킨케어,예전,11
올리브영,스킨케어,레이어,11
올리브영,스킨케어,아쉬운,11
올리브영,스킨케어,시간,11
올리브영,스킨케어,비싼,11
올리브영,스킨케어,함,11
올리브영,스킨케어,거나,11
올리브영,스킨케어,가볍게,11
올리브영,스킨케어,쫀쫀하,11
올리브영,스킨케어,병,11
올리브영,스킨케어,프로,11
올리브영,스킨케어,향기도,11
올리브영,스킨케어,모델링,11
올리브영,스킨케어,비싸서,10
올리브영,스킨케어,만,10
올리브영,스킨케어,오히려,10
올리브영,스킨케어,덧,10
올리브영,스킨케어,앰,10
올리브영,스킨케어,이드,10
올리브영,스킨케어,수도,10
올리브영,스킨케어,아니라,10
올리브영,스킨케어,솔직히,10
올리브영,스킨케어,왜,10
올리브영,스킨케어,아토피,10
올리브영,스킨케어,홍조,10
올리브영,스킨케어,점점,10
올리브영,스킨케어,가족,10
올리브영,스킨케어,나이트,10
올리브영,스킨케어,있음,10
올리브영,스킨케어,물,10
올리브영,스킨케어,알,10
올리브영,스킨케어,화장품,10
올리브영,스킨케어,나쁘지,10
올리브영,스킨케어,덤,10
올리브영,스킨케어,짱,9
올리브영,스킨케어,라면,9
올리브영,스킨케어,더블,9
올리브영,스킨케어,저렴하게,9
올리브영,스킨케어,사진,9
올리브영,스킨케어,조합,9
올리브영,스킨케어,동안,9
올리브영,스킨케어,가장,9
올리브영,스킨케어,만족하며,9
올리브영,스킨케어,밀리,9
올리브영,스킨케어,겉,9
올리브영,스킨케어,제거,9
올리브영,스킨케어,세안,9
올리브영,스킨케어,적,9
올리브영,스킨케어,신경,9
올리브영,스킨케어,묽은,9
올리브영,스킨케어,발리,9
올리브영,스킨케어,펌프,9
올리브영,스킨케어,크게,9
올리브영,스킨케어,편해,9
올리브영,스킨케어,잡,9
올리브영,스킨케어,비타,9
올리브영,스킨케어,상큼,9
올리브영,스킨케어,청귤향,9
올리브영,스킨케어,빠르게,8
올리브영,스킨케어,낮,8
올리브영,스킨케어,듬뿍,8
올리브영,스킨케어,추,8
올리브영,스킨케어,제외,8
올리브영,스킨케어,가성비,8
올리브영,스킨케어,기간,8
올리브영,스킨케어,그때,8
올리브영,스킨케어,얇게,8
올리브영,스킨케어,워낙,8
올리브영,스킨케어,부드럽게,8
올리브영,스킨케어,계절,8
올리브영,스킨케어,자고,8
올리브영,스킨케어,종일,8
올리브영,스킨케어,가을,8
올리브영,스킨케어,환절기,8
올리브영,스킨케어,경우,8
올리브영,스킨케어,끝,8
올리브영,스킨케어,재,8
올리브영,스킨케어,시작,8
올리브영,스킨케어,사은,8
올리브영,스킨케어,냄새,8
올리브영,스킨케어,있다고,8
올리브영,스킨케어,이런,8
올리브영,스킨케어,제대로,8
올리브영,스킨케어,둘,8
올리브영,스킨케어,좋네,8
올리브영,스킨케어,많고,8
올리브영,스킨케어,뒤,8
올리브영,스킨케어,기,8
올리브영,스킨케어,그런지,8
올리브영,스킨케어,궁금해서,8
올리브영,스킨케어,주변,8
올리브영,스킨케어,굳이,8
올리브영,스킨케어,기능,8
올리브영,스킨케어,임,8
올리브영,스킨케어,보,8
올리브영,스킨케어,없지만,8
올리브영,스킨케어,및,8
올리브영,스킨케어,이후,8
올리브영,스킨케어,아니지만,8
올리브영,스킨케어,은은한,8
올리브영,스킨케어,주근깨,8
올리브영,스킨케어,티케,8
올리브영,스킨케어,지성인,7
올리브영,스킨케어,테스트,7
올리브영,스킨케어,인생,7
올리브영,스킨케어,판매,7
올리브영,스킨케어,상관없이,7
올리브영,스킨케어,결과,7
올리브영,스킨케어,봄,7
올리브영,스킨케어,약,7
올리브영,스킨케어,쟁여두,7
올리브영,스킨케어,촉촉해요,7
올리브영,스킨케어,온,7
올리브영,스킨케어,아니면,7
올리브영,스킨케어,절대,7
올리브영,스킨케어,같은데,7
올리브영,스킨케어,인기,7
올리브영,스킨케어,좋아하는,7
올리브영,스킨케어,중이,7
올리브영,스킨케어,애용,7
올리브영,스킨케어,순해요,7
올리브영,스킨케어,김,7
올리브영,스킨케어,충전,7
올리브영,스킨케어,보충,7
올리브영,스킨케어,예정,7
올리브영,스킨케어,좋게,7
올리브영,스킨케어,건조해져서,7
올리브영,스킨케어,베이스,7
올리브영,스킨케어,지속,7
올리브영,스킨케어,힐,7
올리브영,스킨케어,중간,7
올리브영,스킨케어,만족해,7
올리브영,스킨케어,자기,7
올리브영,스킨케어,좋겠네,7
올리브영,스킨케어,덕분,7
올리브영,스킨케어,꽉,7
올리브영,스킨케어,좁쌀,7
올리브영,스킨케어,산뜻하게,7
올리브영,스킨케어,가득한,7
올리브영,스킨케어,광,7
올리브영,스킨케어,수분앰플,7
올리브영,스킨케어,쫀쫀해,7
올리브영,스킨케어,대박,7
올리브영,스킨케어,등,7
올리브영,스킨케어,교정,7
올리브영,스킨케어,파우치,7
올리브영,스킨케어,건조하고,6
올리브영,스킨케어,딱히,6
올리브영,스킨케어,보호,6
올리브영,스킨케어,저번,6
올리브영,스킨케어,만큼,6
올리브영,스킨케어,있네요,6
올리브영,스킨케어,애정,6
올리브영,스킨케어,무겁지도,6
올리브영,스킨케어,날씨,6
올리브영,스킨케어,매끄럽게,6
올리브영,스킨케어,대가,6
올리브영,스킨케어,충분히,6
올리브영,스킨케어,뾰루,6
올리브영,스킨케어,촉촉,6
올리브영,스킨케어,흔적,6
올리브영,스킨케어,튜브,6
올리브영,스킨케어,확인,6
올리브영,스킨케어,만족해서,6
올리브영,스킨케어,남자친구,6
올리브영,스킨케어,좋지만,6
올리브영,스킨케어,마침,6
올리브영,스킨케어,쪽,6
올리브영,스킨케어,유수,6
올리브영,스킨케어,좋더라구요,6
올리브영,스킨케어,강추,6
올리브영,스킨케어,꾸준하게,6
올리브영,스킨케어,모든,6
올리브영,스킨케어,전반,6
올리브영,스킨케어,내,6
올리브영,스킨케어,대비,6
올리브영,스킨케어,없음,6
올리브영,스킨케어,돈,6
올리브영,스킨케어,예민해서,6
올리브영,스킨케어,바람,6
올리브영,스킨케어,그런,6
올리브영,스킨케어,좋다,6
올리브영,스킨케어,건조하지,6
올리브영,스킨케어,산뜻한,6
올리브영,스킨케어,피부염,6
올리브영,스킨케어,건조할,6
올리브영,스킨케어,당연히,6
올리브영,스킨케어,아예,6
올리브영,스킨케어,스트레스,6
올리브영,스킨케어,두,6
올리브영,스킨케어,괜찮아서,6
올리브영,스킨케어,적하,6
올리브영,스킨케어,단독,6
올리브영,스킨케어,엄청나게,6
올리브영,스킨케어,개인,6
올리브영,스킨케어,기존,6
올리브영,스킨케어,없으면,6
올리브영,스킨케어,링,6
올리브영,스킨케어,겉도,6
올리브영,스킨케어,광고,6
올리브영,스킨케어,대신,6
올리브영,스킨케어,겹,6
올리브영,스킨케어,양도,6
올리브영,스킨케어,글,6
올리브영,스킨케어,없는데,5
올리브영,스킨케어,민감하고,5
올리브영,스킨케어,직원,5
올리브영,스킨케어,여,5
올리브영,스킨케어,촉촉함이,5
올리브영,스킨케어,순하게,5
올리브영,스킨케어,산뜻하고,5
올리브영,스킨케어,이만,5
올리브영,스킨케어,기억,5
올리브영,스킨케어,발견,5
올리브영,스킨케어,부터,5
올리브영,스킨케어,지도,5
올리브영,스킨케어,작은,5
올리브영,스킨케어,무엇,5
올리브영,스킨케어,안심,5
올리브영,스킨케어,가끔,5
올리브영,스킨케어,점도,5
올리브영,스킨케어,촉촉하니,5
올리브영,스킨케어,아니라서,5
올리브영,스킨케어,선생님,5
올리브영,스킨케어,주로,5
올리브영,스킨케어,아닌,5
올리브영,스킨케어,안나,5
올리브영,스킨케어,전체,5
올리브영,스킨케어,좋아용,5
올리브영,스킨케어,은,5
올리브영,스킨케어,뛰어나요,5
올리브영,스킨케어,조아요,5
올리브영,스킨케어,눈가,5
올리브영,스킨케어,뭔가,5
올리브영,스킨케어,해결,5
올리브영,스킨케어,한겨울,5
올리브영,스킨케어,빛,5
올리브영,스킨케어,단,5
올리브영,스킨케어,무거운,5
올리브영,스킨케어,기름기,5
올리브영,스킨케어,루틴,5
올리브영,스킨케어,화,5
올리브영,스킨케어,좋아하는데,5
올리브영,스킨케어,있다,5
올리브영,스킨케어,밸런스,5
올리브영,스킨케어,예민,5
올리브영,스킨케어,무겁게,5
올리브영,스킨케어,미리,5
올리브영,스킨케어,땐,5
올리브영,스킨케어,거만,5
올리브영,스킨케어,더욱,5
올리브영,스킨케어,형도,5
올리브영,스킨케어,아이템,5
올리브영,스킨케어,바디,5
올리브영,스킨케어,선크림,5
올리브영,스킨케어,따갑고,5
올리브영,스킨케어,밀착,5
올리브영,스킨케어,레티놀,5
올리브영,스킨케어,한지,5
올리브영,스킨케어,넉넉하고,5
올리브영,스킨케어,봣,5
올리브영,스킨케어,없,5
올리브영,스킨케어,이상,5
올리브영,스킨케어,착한것,5
올리브영,스킨케어,이름,5
올리브영,스킨케어,작아서,5
올리브영,스킨케어,앰플이,5
올리브영,스킨케어,기대,5
올리브영,스킨케어,좋았어,5
올리브영,스킨케어,위해,5
올리브영,스킨케어,부족한,5
올리브영,스킨케어,출시,5
올리브영,스킨케어,주,5
올리브영,스킨케어,기도,5
올리브영,스킨케어,있길래,5
올리브영,스킨케어,어떤,5
올리브영,스킨케어,오늘,5
올리브영,스킨케어,크기,5
올리브영,스킨케어,옅어진,5
올리브영,스킨케어,미,4
올리브영,스킨케어,복구,4
올리브영,스킨케어,제발,4
올리브영,스킨케어,라가,4
올리브영,스킨케어,없네요,4
올리브영,스킨케어,튼튼하게,4
올리브영,스킨케어,준,4
올리브영,스킨케어,이전,4
올리브영,스킨케어,질감,4
올리브영,스킨케어,핸드,4
올리브영,스킨케어,뛰어난,4
올리브영,스킨케어,있었습니다,4
올리브영,스킨케어,직후,4
올리브영,스킨케어,완료,4
올리브영,스킨케어,높은,4
올리브영,스킨케어,우선,4
올리브영,스킨케어,좋더라고요,4
올리브영,스킨케어,촉촉합니다,4
올리브영,스킨케어,거울,4
올리브영,스킨케어,이런거,4
올리브영,스킨케어,듭,4
올리브영,스킨케어,토리,4
올리브영,스킨케어,지인,4
올리브영,스킨케어,딸,4
올리브영,스킨케어,며칠,4
올리브영,스킨케어,이벤트,4
올리브영,스킨케어,두번째,4
올리브영,스킨케어,가벼워서,4
올리브영,스킨케어,애,4
올리브영,스킨케어,기준,4
올리브영,스킨케어,촉촉해져서,4
올리브영,스킨케어,염,4
올리브영,스킨케어,혜택,4
올리브영,스킨케어,비교,4
올리브영,스킨케어,좋았던,4
올리브영,스킨케어,코,4
올리브영,스킨케어,잘맞네요,4
올리브영,스킨케어,몇번,4
올리브영,스킨케어,시림,4
올리브영,스킨케어,나이,4
올리브영,스킨케어,진,4
올리브영,스킨케어,움,4
올리브영,스킨케어,라마,4
올리브영,스킨케어,세,4
올리브영,스킨케어,싹,4
올리브영,스킨케어,첫,4
올리브영,스킨케어,현재,4
올리브영,스킨케어,좋아오,4
올리브영,스킨케어,집,4
올리브영,스킨케어,박스,4
올리브영,스킨케어,남편,4
올리브영,스킨케어,쭉,4
올리브영,스킨케어,뭘,4
올리브영,스킨케어,가득,4
올리브영,스킨케어,그렇지,4
올리브영,스킨케어,유명해서,4
올리브영,스킨케어,선택,4
올리브영,스킨케어,심한,4
올리브영,스킨케어,같다,4
올리브영,스킨케어,마냥,4
올리브영,스킨케어,없다고,4
올리브영,스킨케어,최,4
올리브영,스킨케어,성인,4
올리브영,스킨케어,비싸요,4
올리브영,스킨케어,쿠폰,4
올리브영,스킨케어,조아서,4
올리브영,스킨케어,몸,4
올리브영,스킨케어,건조하면,4
올리브영,스킨케어,탄탄하게,4
올리브영,스킨케어,확실하게,4
올리브영,스킨케어,젠,4
올리브영,스킨케어,짐,4
올리브영,스킨케어,좋아여,4
올리브영,스킨케어,대한,4
올리브영,스킨케어,편하게,4
올리브영,스킨케어,애스트,4
올리브영,스킨케어,확,4
올리브영,스킨케어,얼마나,4
올리브영,스킨케어,적도,4
올리브영,스킨케어,난리,4
올리브영,스킨케어,괜찮아요,4
올리브영,스킨케어,보통,4
올리브영,스킨케어,라이브,4
올리브영,스킨케어,묽어서,4
올리브영,스킨케어,배리,4
올리브영,스킨케어,사고,4
올리브영,스킨케어,신뢰,4
올리브영,스킨케어,좋겠어요,4
올리브영,스킨케어,편입,4
올리브영,스킨케어,살,4
올리브영,스킨케어,생기,4
올리브영,스킨케어,나니,4
올리브영,스킨케어,부모님,4
올리브영,스킨케어,고,4
올리브영,스킨케어,좋아해서,4
올리브영,스킨케어,매장,4
올리브영,스킨케어,좀더,4
올리브영,스킨케어,히터,4
올리브영,스킨케어,산,4
올리브영,스킨케어,난,4
올리브영,스킨케어,이자,4
올리브영,스킨케어,밀림,4
올리브영,스킨케어,햇,4
올리브영,스킨케어,없습니다,4
올리브영,스킨케어,없었어요,4
올리브영,스킨케어,체감,4
올리브영,스킨케어,패키지,4
올리브영,스킨케어,전보,4
올리브영,스킨케어,중단,4
올리브영,스킨케어,성은,4
올리브영,스킨케어,보지,4
올리브영,스킨케어,쿨링,4
올리브영,스킨케어,관심,4
올리브영,스킨케어,이상은,4
올리브영,스킨케어,특,4
올리브영,스킨케어,강한,4
올리브영,스킨케어,교환,4
올리브영,스킨케어,커서,4
올리브영,스킨케어,안색,4
올리브영,스킨케어,최근,4
올리브영,스킨케어,쫀득,3
올리브영,스킨케어,전부,3
올리브영,스킨케어,같아용,3
올리브영,스킨케어,이예,3
올리브영,스킨케어,언제,3
올리브영,스킨케어,급,3
올리브영,스킨케어,이마,3
올리브영,스킨케어,완전히,3
올리브영,스킨케어,일주일,3
올리브영,스킨케어,최애,3
올리브영,스킨케어,좋구요,3
올리브영,스킨케어,플러스,3
올리브영,스킨케어,유목민,3
올리브영,스킨케어,발색,3
올리브영,스킨케어,경험,3
올리브영,스킨케어,좋겠어,3
올리브영,스킨케어,불편한,3
올리브영,스킨케어,건조하거나,3
올리브영,스킨케어,인한,3
올리브영,스킨케어,심할,3
올리브영,스킨케어,변화,3
올리브영,스킨케어,발생,3
올리브영,스킨케어,있었고,3
올리브영,스킨케어,지지,3
올리브영,스킨케어,탁월한,3
올리브영,스킨케어,불구,3
올리브영,스킨케어,도포,3
올리브영,스킨케어,좋았거든요,3
올리브영,스킨케어,여러분,3
올리브영,스킨케어,다가,3
올리브영,스킨케어,스팟,3
올리브영,스킨케어,자연스러움,3
올리브영,스킨케어,참고,3
올리브영,스킨케어,윤기,3
올리브영,스킨케어,추합니다,3
올리브영,스킨케어,좋아해요,3
올리브영,스킨케어,같음,3
올리브영,스킨케어,용하는,3
올리브영,스킨케어,콜,3
올리브영,스킨케어,더마,3
올리브영,스킨케어,오전,3
올리브영,스킨케어,건조함,3
올리브영,스킨케어,그거,3
올리브영,스킨케어,그것,3
올리브영,스킨케어,착,3
올리브영,스킨케어,니,3
올리브영,스킨케어,스,3
올리브영,스킨케어,면,3
올리브영,스킨케어,그닥,3
올리브영,스킨케어,괜찮고,3
올리브영,스킨케어,예민할,3
올리브영,스킨케어,아무,3
올리브영,스킨케어,담날,3
올리브영,스킨케어,음,3
올리브영,스킨케어,괜찮아,3
올리브영,스킨케어,조카,3
올리브영,스킨케어,나중,3
올리브영,스킨케어,있는걸,3
올리브영,스킨케어,는걸,3
올리브영,스킨케어,좋다는,3
올리브영,스킨케어,정리,3
올리브영,스킨케어,따가,3
올리브영,스킨케어,중인,3
올리브영,스킨케어,부각,3
올리브영,스킨케어,방법,3
올리브영,스킨케어,우리,3
올리브영,스킨케어,외부,3
올리브영,스킨케어,반복,3
올리브영,스킨케어,전이,3
올리브영,스킨케어,쟁입니,3
올리브영,스킨케어,건조함이,3
올리브영,스킨케어,예,3
올리브영,스킨케어,코팅,3
올리브영,스킨케어,야하는,3
올리브영,스킨케어,다소,3
올리브영,스킨케어,뾰루지,3
올리브영,스킨케어,영양,3
올리브영,스킨케어,만족스러워,3
올리브영,스킨케어,고생,3
올리브영,스킨케어,없던,3
올리브영,스킨케어,병원,3
올리브영,스킨케어,괜찮을,3
올리브영,스킨케어,톡톡,3
올리브영,스킨케어,있는듯,3
올리브영,스킨케어,좋을거,3
올리브영,스킨케어,무,3
올리브영,스킨케어,있다면,3
올리브영,스킨케어,보이,3
올리브영,스킨케어,짱짱,3
올리브영,스킨케어,하니,3
올리브영,스킨케어,환해지는,3
올리브영,스킨케어,하나로,3
올리브영,스킨케어,지성은,3
올리브영,스킨케어,선호,3
올리브영,스킨케어,촉촉함을,3
올리브영,스킨케어,비슷한,3
올리브영,스킨케어,호불호,3
올리브영,스킨케어,건조함을,3
올리브영,스킨케어,평,3
올리브영,스킨케어,라로슈포제,3
올리브영,스킨케어,그게,3
올리브영,스킨케어,잔뜩,3
올리브영,스킨케어,현상,3
올리브영,스킨케어,좋고요,3
올리브영,스킨케어,좋을것,3
올리브영,스킨케어,줄평,3
올리브영,스킨케어,따가웠던,3
올리브영,스킨케어,보시,3
올리브영,스킨케어,만족스러운,3
올리브영,스킨케어,미니,3
올리브영,스킨케어,은은하게,3
올리브영,스킨케어,가까운,3
올리브영,스킨케어,로,3
올리브영,스킨케어,신분,3
올리브영,스킨케어,라만,3
올리브영,스킨케어,같고요,3
올리브영,스킨케어,기적,3
올리브영,스킨케어,임신,3
올리브영,스킨케어,편하고,3
올리브영,스킨케어,사면,3
올리브영,스킨케어,전용,3
올리브영,스킨케어,토,3
올리브영,스킨케어,같긴,3
올리브영,스킨케어,좋긴,3
올리브영,스킨케어,그대로,3
올리브영,스킨케어,신상,3
올리브영,스킨케어,좋어요,3
올리브영,스킨케어,아니고,3
올리브영,스킨케어,좋더라,3
올리브영,스킨케어,비싼거,3
올리브영,스킨케어,쿠션,3
올리브영,스킨케어,촉촉함도,3
올리브영,스킨케어,약한,3
올리브영,스킨케어,관련,3
올리브영,스킨케어,일해,3
올리브영,스킨케어,있었으면,3
올리브영,스킨케어,체험,3
올리브영,스킨케어,착한,3
올리브영,스킨케어,좋았,3
올리브영,스킨케어,빨,3
올리브영,스킨케어,대중,3
올리브영,스킨케어,림,3
올리브영,스킨케어,촉촉해,3
올리브영,스킨케어,있네,3
올리브영,스킨케어,있긴,3
올리브영,스킨케어,이나,3
올리브영,스킨케어,넉넉해서,3
올리브영,스킨케어,좋구,3
올리브영,스킨케어,적당,3
올리브영,스킨케어,종종,3
올리브영,스킨케어,탓,3
올리브영,스킨케어,싫어서,3
올리브영,스킨케어,여전히,3
올리브영,스킨케어,문제,3
올리브영,스킨케어,심하고,3
올리브영,스킨케어,꼼꼼하게,3
올리브영,스킨케어,용기,3
올리브영,스킨케어,차이,3
올리브영,스킨케어,펌핑,3
올리브영,스킨케어,건조하지도,3
올리브영,스킨케어,강력,3
올리브영,스킨케어,평생,3
올리브영,스킨케어,순,3
올리브영,스킨케어,귀찮아서,3
올리브영,스킨케어,만족하면서,3
올리브영,스킨케어,나쁜,3
올리브영,스킨케어,포장,3
올리브영,스킨케어,부위,3
올리브영,스킨케어,즉각,3
올리브영,스킨케어,소량,3
올리브영,스킨케어,옛날,3
올리브영,스킨케어,강해서,3
올리브영,스킨케어,달걀,3
올리브영,스킨케어,고요,3
올리브영,스킨케어,가볍고,3
올리브영,스킨케어,여러,3
올리브영,스킨케어,바닥,3
올리브영,스킨케어,다해,3
올리브영,스킨케어,프로그램,3
올리브영,스킨케어,샷,3
올리브영,스킨케어,진심,3
올리브영,스킨케어,있는지는,3
올리브영,스킨케어,감소,3
올리브영,스킨케어,어머니,3
올리브영,스킨케어,옅어지는,3
올리브영,스킨케어,드라마틱한,3
올리브영,스킨케어,아닌데,3
올리브영,스킨케어,피지,3
올리브영,스킨케어,필요해서,3
올리브영,스킨케어,대요,3
올리브영,스킨케어,있는거,3
올리브영,스킨케어,아니,3
올리브영,스킨케어,만족하는,3
올리브영,스킨케어,빵빵,3
올리브영,스킨케어,매끈해진,3
올리브영,스킨케어,마사,3
올리브영,스킨케어,순서대로,3
올리브영,스킨케어,쟁여놓,3
올리브영,스킨케어,아보,3
올리브영,스킨케어,칙칙한,3
올리브영,스킨케어,다크서클,3
올리브영,스킨케어,사두,2
올리브영,스킨케어,한정,2
올리브영,스킨케어,한가지,2
올리브영,스킨케어,비싸다는거,2
올리브영,스킨케어,부담스러운,2
올리브영,스킨케어,덩,2
올리브영,스킨케어,나본,2
올리브영,스킨케어,없었는데,2
올리브영,스킨케어,턱,2
올리브영,스킨케어,픽,2
올리브영,스킨케어,특가,2
올리브영,스킨케어,같으면,2
올리브영,스킨케어,없어서는,2
올리브영,스킨케어,안될,2
올리브영,스킨케어,아닙니다,2
올리브영,스킨케어,아마,2
올리브영,스킨케어,사랑,2
올리브영,스킨케어,있던데,2
올리브영,스킨케어,야합,2
올리브영,스킨케어,가능한,2
올리브영,스킨케어,지난,2
올리브영,스킨케어,빅세일,2
올리브영,스킨케어,사이즈,2
올리브영,스킨케어,없었어,2
올리브영,스킨케어,뛰어나,2
올리브영,스킨케어,붉어지거나,2
올리브영,스킨케어,가려움,2
올리브영,스킨케어,강화하는,2
올리브영,스킨케어,건강하게,2
올리브영,스킨케어,편안하게,2
올리브영,스킨케어,있었,2
올리브영,스킨케어,동기,2
올리브영,스킨케어,제로,2
올리브영,스킨케어,초반,2
올리브영,스킨케어,미쳤음,2
올리브영,스킨케어,형태,2
올리브영,스킨케어,깨끗하게,2
올리브영,스킨케어,줌,2
올리브영,스킨케어,케바케,2
올리브영,스킨케어,환해져,2
올리브영,스킨케어,이용,2
올리브영,스킨케어,순한데,2
올리브영,스킨케어,대용,2
올리브영,스킨케어,알맞는,2
올리브영,스킨케어,같더라구요,2
올리브영,스킨케어,수가,2
올리브영,스킨케어,더라구요,2
올리브영,스킨케어,있지,2
올리브영,스킨케어,만요,2
올리브영,스킨케어,중요한,2
올리브영,스킨케어,없인,2
올리브영,스킨케어,있어도,2
올리브영,스킨케어,일반,2
올리브영,스킨케어,비싸긴,2
올리브영,스킨케어,전후,2
올리브영,스킨케어,소비,2
올리브영,스킨케어,먼저,2
올리브영,스킨케어,있더라,2
올리브영,스킨케어,충분한,2
올리브영,스킨케어,기대했는데,2
올리브영,스킨케어,거려,2
올리브영,스킨케어,평이,2
올리브영,스킨케어,좋았던거,2
올리브영,스킨케어,쟁이,2
올리브영,스킨케어,드,2
올리브영,스킨케어,해도,2
올리브영,스킨케어,타고,2
올리브영,스킨케어,달이,2
올리브영,스킨케어,왠만하면,2
올리브영,스킨케어,빠른,2
올리브영,스킨케어,궁합,2
올리브영,스킨케어,처럼,2
올리브영,스킨케어,랄,2
올리브영,스킨케어,모습,2
올리브영,스킨케어,아픈,2
올리브영,스킨케어,건선,2
올리브영,스킨케어,편해요,2
올리브영,스킨케어,가지,2
올리브영,스킨케어,힘든데,2
올리브영,스킨케어,충실한,2
올리브영,스킨케어,유발,2
올리브영,스킨케어,포함,2
올리브영,스킨케어,층,2
올리브영,스킨케어,환경,2
올리브영,스킨케어,역할,2
올리브영,스킨케어,줄,2
올리브영,스킨케어,뿐,2
올리브영,스킨케어,네,2
올리브영,스킨케어,피해,2
올리브영,스킨케어,심했는데,2
올리브영,스킨케어,적합한,2
올리브영,스킨케어,햤,2
올리브영,스킨케어,햐,2
올리브영,스킨케어,좋으네요,2
올리브영,스킨케어,밤낮,2
올리브영,스킨케어,싹싹,2
올리브영,스킨케어,있으니,2
올리브영,스킨케어,쓰시,2
올리브영,스킨케어,좋을듯,2
올리브영,스킨케어,없죠,2
올리브영,스킨케어,줄기,2
올리브영,스킨케어,폭발,2
올리브영,스킨케어,같은거,2
올리브영,스킨케어,만족해요,2
올리브영,스킨케어,유명하다는,2
올리브영,스킨케어,좋아하네요,2
올리브영,스킨케어,두껍게,2
올리브영,스킨케어,개정,2
올리브영,스킨케어,여기저기,2
올리브영,스킨케어,조절,2
올리브영,스킨케어,아쉽습니다,2
올리브영,스킨케어,달동,2
올리브영,스킨케어,향수,2
올리브영,스킨케어,머리,2
올리브영,스킨케어,계획,2
올리브영,스킨케어,모낭,2
올리브영,스킨케어,그런거,2
올리브영,스킨케어,특징,2
올리브영,스킨케어,필요한,2
올리브영,스킨케어,반해,2
올리브영,스킨케어,다른거,2
올리브영,스킨케어,이제야,2
올리브영,스킨케어,열,2
올리브영,스킨케어,개꿀,2
올리브영,스킨케어,촉촉합니,2
올리브영,스킨케어,유일하게,2
올리브영,스킨케어,알레르기,2
올리브영,스킨케어,체질,2
올리브영,스킨케어,무척,2
올리브영,스킨케어,간지럽다,2
올리브영,스킨케어,지게,2
올리브영,스킨케어,당일,2
올리브영,스킨케어,여야,2
올리브영,스킨케어,재생,2
올리브영,스킨케어,같은게,2
올리브영,스킨케어,쓱,2
올리브영,스킨케어,겔,2
올리브영,스킨케어,퓸,2
올리브영,스킨케어,좋으니까,2
올리브영,스킨케어,테,2
올리브영,스킨케어,기획전,2
올리브영,스킨케어,다양해서,2
올리브영,스킨케어,산뜻,2
올리브영,스킨케어,촉촉해지는,2
올리브영,스킨케어,려,2
올리브영,스킨케어,알러지,2
올리브영,스킨케어,값,2
올리브영,스킨케어,초점,2
올리브영,스킨케어,우수,2
올리브영,스킨케어,갈릴,2
올리브영,스킨케어,아님,2
올리브영,스킨케어,면서,2
올리브영,스킨케어,원하는,2
올리브영,스킨케어,만족도,2
올리브영,스킨케어,예민하고,2
올리브영,스킨케어,개월,2
올리브영,스킨케어,사무실,2
올리브영,스킨케어,무슨,2
올리브영,스킨케어,얇은,2
올리브영,스킨케어,넬,2
올리브영,스킨케어,질,2
올리브영,스킨케어,안되는,2
올리브영,스킨케어,좋겠습니다,2
올리브영,스킨케어,없구요,2
올리브영,스킨케어,기름종이,2
올리브영,스킨케어,학생,2
올리브영,스킨케어,디,2
올리브영,스킨케어,사춘기,2
올리브영,스킨케어,아쉬워요,2
올리브영,스킨케어,아스트,2
올리브영,스킨케어,한편,2
올리브영,스킨케어,없었,2
올리브영,스킨케어,드네,2
올리브영,스킨케어,이불,2
올리브영,스킨케어,비싸다,2
올리브영,스킨케어,같아사,2
올리브영,스킨케어,인,2
올리브영,스킨케어,분기도,2
올리브영,스킨케어,짱짱하게,2
올리브영,스킨케어,눈물,2
올리브영,스킨케어,광명,2
올리브영,스킨케어,찬,2
올리브영,스킨케어,남동생,2
올리브영,스킨케어,반응,2
올리브영,스킨케어,긍정,2
올리브영,스킨케어,세번,2
올리브영,스킨케어,있답니다,2
올리브영,스킨케어,주기,2
올리브영,스킨케어,부족해서,2
올리브영,스킨케어,설마,2
올리브영,스킨케어,두통,2
올리브영,스킨케어,초,2
올리브영,스킨케어,없고요,2
올리브영,스킨케어,묽지도,2
올리브영,스킨케어,금액,2
올리브영,스킨케어,하드,2
올리브영,스킨케어,방송,2
올리브영,스킨케어,잘맞아서,2
올리브영,스킨케어,상,2
올리브영,스킨케어,끼리,2
올리브영,스킨케어,당황,2
올리브영,스킨케어,좋았고,2
올리브영,스킨케어,삿는데,2
올리브영,스킨케어,충,2
올리브영,스킨케어,입문,2
올리브영,스킨케어,무자,2
올리브영,스킨케어,사시,2
올리브영,스킨케어,특화된,2
올리브영,스킨케어,묽어요,2
올리브영,스킨케어,많은데,2
올리브영,스킨케어,답,2
올리브영,스킨케어,모,2
올리브영,스킨케어,몇개,2
올리브영,스킨케어,겸,2
올리브영,스킨케어,불,2
올리브영,스킨케어,남,2
올리브영,스킨케어,텍스쳐,2
올리브영,스킨케어,검색,2
올리브영,스킨케어,없더라구요,2
올리브영,스킨케어,만족스러워요,2
올리브영,스킨케어,투데이,2
올리브영,스킨케어,택배,2
올리브영,스킨케어,파운데이션,2
올리브영,스킨케어,건조해지더라구요,2
올리브영,스킨케어,이런건,2
올리브영,스킨케어,플사,2
올리브영,스킨케어,칭찬,2
올리브영,스킨케어,한창,2
올리브영,스킨케어,이해,2
올리브영,스킨케어,등등,2
올리브영,스킨케어,가능,2
올리브영,스킨케어,잘맞아,2
올리브영,스킨케어,좋아하고,2
올리브영,스킨케어,비쌉니다,2
올리브영,스킨케어,부드러운,2
올리브영,스킨케어,컨디션,2
올리브영,스킨케어,보라색,2
올리브영,스킨케어,엠플,2
올리브영,스킨케어,이앰플,2
올리브영,스킨케어,디자인,2
올리브영,스킨케어,찐득하지,2
올리브영,스킨케어,깔끔하게,2
올리브영,스킨케어,용이,2
올리브영,스킨케어,멀리,2
올리브영,스킨케어,남달라요,2
올리브영,스킨케어,시,2
올리브영,스킨케어,키트,2
올리브영,스킨케어,가벼운데,2
올리브영,스킨케어,부디,2
올리브영,스킨케어,화이트,2
올리브영,스킨케어,닝,2
올리브영,스킨케어,편안하고,2
올리브영,스킨케어,설명,2
올리브영,스킨케어,답답해서,2
올리브영,스킨케어,가로,2
올리브영,스킨케어,빨라,2
올리브영,스킨케어,배,2
올리브영,스킨케어,꿀,2
올리브영,스킨케어,특정,2
올리브영,스킨케어,아니어도,2
올리브영,스킨케어,비싸지만,2
올리브영,스킨케어,요철,2
올리브영,스킨케어,골,2
올리브영,스킨케어,쌤,2
올리브영,스킨케어,해주,2
올리브영,스킨케어,필요,2
올리브영,스킨케어,외출,2
올리브영,스킨케어,깔끔한,2
올리브영,스킨케어,괜찮은데,2
올리브영,스킨케어,서비스,2
올리브영,스킨케어,보임,2
올리브영,스킨케어,밀도,2
올리브영,스킨케어,순합니,2
올리브영,스킨케어,산뜻해서,2
올리브영,스킨케어,스포이드,2
올리브영,스킨케어,길게,2
올리브영,스킨케어,함유,2
올리브영,스킨케어,괜찮다고,2
올리브영,스킨케어,버전,2
올리브영,스킨케어,좋았다,2
올리브영,스킨케어,충분하고,2
올리브영,스킨케어,언니,2
올리브영,스킨케어,올인원,2
올리브영,스킨케어,소문,2
올리브영,스킨케어,하얗게,2
올리브영,스킨케어,정석,2
올리브영,스킨케어,텍스처,2
올리브영,스킨케어,촉촉한데,2
올리브영,스킨케어,갠,2
올리브영,스킨케어,잠도,2
올리브영,스킨케어,출근,2
올리브영,스킨케어,땅,2
올리브영,스킨케어,온갖,2
올리브영,스킨케어,요인,2
올리브영,스킨케어,하필,2
올리브영,스킨케어,생리,2
올리브영,스킨케어,더용,2
올리브영,스킨케어,충분할듯,2
올리브영,스킨케어,철저함,2
올리브영,스킨케어,기한,2
올리브영,스킨케어,듭니,2
올리브영,스킨케어,경제,2
올리브영,스킨케어,다행히,2
올리브영,스킨케어,많아,2
올리브영,스킨케어,집중,2
올리브영,스킨케어,안전하게,2
올리브영,스킨케어,상당히,2
올리브영,스킨케어,같네,2
올리브영,스킨케어,통정,2
올리브영,스킨케어,미스트,2
올리브영,스킨케어,너,2
올리브영,스킨케어,굿,2
올리브영,스킨케어,요청,2
올리브영,스킨케어,가요,2
올리브영,스킨케어,그동안,2
올리브영,스킨케어,뚜껑,2
올리브영,스킨케어,나름,2
올리브영,스킨케어,야할,2
올리브영,스킨케어,리페,2
올리브영,스킨케어,따갑거나,2
올리브영,스킨케어,있도록,2
올리브영,스킨케어,쟁임템,2
올리브영,스킨케어,아기,2
올리브영,스킨케어,계정,2
올리브영,스킨케어,목,2
올리브영,스킨케어,폭풍,2
올리브영,스킨케어,꿀템,2
올리브영,스킨케어,보아,2
올리브영,스킨케어,시너지,2
올리브영,스킨케어,극적,2
올리브영,스킨케어,마다,2
올리브영,스킨케어,쯤,2
올리브영,스킨케어,시점,2
올리브영,스킨케어,다행,2
올리브영,스킨케어,별,2
올리브영,스킨케어,꽃향,2
올리브영,스킨케어,부스터,2
올리브영,스킨케어,홈,2
올리브영,스킨케어,유튜버,2
올리브영,스킨케어,탱탱해지는,2
올리브영,스킨케어,득템,2
올리브영,스킨케어,주정,2
올리브영,스킨케어,있으나,2
올리브영,스킨케어,필,2
올리브영,스킨케어,해지,2
올리브영,스킨케어,나비,2
올리브영,스킨케어,존,2
올리브영,스킨케어,자꾸,2
올리브영,스킨케어,대서,2
올리브영,스킨케어,있으면,2
올리브영,스킨케어,쪼금,2
올리브영,스킨케어,수축,2
올리브영,스킨케어,향료,2
올리브영,스킨케어,시리즈,2
올리브영,스킨케어,잠시,2
올리브영,스킨케어,있길,2
올리브영,스킨케어,리프,2
올리브영,스킨케어,팅,2
올리브영,스킨케어,콜라,2
올리브영,스킨케어,굿굿굿,2
올리브영,스킨케어,로사,2
올리브영,스킨케어,축소,2
올리브영,스킨케어,기대하고,2
올리브영,스킨케어,타이,2
올리브영,스킨케어,할머니,2
올리브영,스킨케어,트닝,2
올리브영,스킨케어,극찬,2
올리브영,스킨케어,다크,2
올리브영,스킨케어,통해,2
올리브영,스킨케어,컨실러,2
올리브영,스킨케어,매,2
올리브영,스킨케어,아닐,2
올리브영,스킨케어,같지만,2
올리브영,스킨케어,앤,2
올리브영,스킨케어,트리,2
올리브영,스킨케어,촉촉하면서,2
올리브영,스킨케어,버튼,2
올리브영,스킨케어,사도,2
올리브영,스킨케어,드라마틱하게,2
올리브영,스킨케어,듯합,2
올리브영,스킨케어,빨라요,2
올리브영,스킨케어,수준,2
올리브영,스킨케어,수량,2
올리브영,스킨케어,씨너,2
올리브영,스킨케어,좋을테니,2
올리브영,스킨케어,공홈,2
올리브영,스킨케어,던데,2
올리브영,스킨케어,있는게,2
올리브영,스킨케어,신기했다는,2
올리브영,스킨케어,친절한,2
올리브영,스킨케어,상담,2
올리브영,스킨케어,원님,2
올리브영,스킨케어,작정,2
올리브영,스킨케어,오우,2
올리브영,스킨케어,쭐었다,2
올리브영,스킨케어,그랬나,2
올리브영,스킨케어,그날,2
올리브영,스킨케어,보련,2
올리브영,스킨케어,기대할,2
올리브영,스킨케어,좋겠,2
올리브영,스킨케어,저희,2
올리브영,스킨케어,향기,2
올리브영,스킨케어,차원,2
올리브영,스킨케어,기대하며,2
올리브영,스킨케어,장,2
올리브영,스킨케어,은근,2
올리브영,스킨케어,머,2
올리브영,스킨케어,필로,2
올리브영,스킨케어,바르게,2
올리브영,스킨케어,맑아지는,2
올리브영,스킨케어,신기했어요,2
올리브영,스킨케어,혹시,2
올리브영,스킨케어,은은해서,2
올리브영,스킨케어,옅어져서,2
올리브영,스킨케어,작년,2
올리브영,스킨케어,있는것,2
올리브영,스킨케어,박살,2
올리브영,스킨케어,유도체,2
올리브영,스킨케어,라이트,2
올리브영,스킨케어,콜라보,2
올리브영,스킨케어,좋겟어,2
올리브영,스킨케어,색소,2
올리브영,스킨케어,침착,2
올리브영,스킨케어,조그만거,2
올리브영,스킨케어,값해,1
올리브영,스킨케어,엄청난,1
올리브영,스킨케어,실,1
올리브영,스킨케어,갓난,1
올리브영,스킨케어,애기,1
올리브영,스킨케어,서인,1
올리브영,스킨케어,높아서,1
올리브영,스킨케어,누가,1
올리브영,스킨케어,만능,1
올리브영,스킨케어,말모,1
올리브영,스킨케어,친합니다,1
올리브영,스킨케어,확정,1
올리브영,스킨케어,깜짝,1
올리브영,스킨케어,도저히,1
올리브영,스킨케어,안되겠다,1
올리브영,스킨케어,수딩젤,1
올리브영,스킨케어,원상,1
올리브영,스킨케어,예민하신,1
올리브영,스킨케어,있다니,1
올리브영,스킨케어,이루,1
올리브영,스킨케어,합리,1
올리브영,스킨케어,민감하던,1
올리브영,스킨케어,세상,1
올리브영,스킨케어,도전,1
올리브영,스킨케어,고향,1
올리브영,스킨케어,가능하세요,1
올리브영,스킨케어,도톰허,1
올리브영,스킨케어,같죠,1
올리브영,스킨케어,감히,1
올리브영,스킨케어,반,1
올리브영,스킨케어,아숩네,1
올리브영,스킨케어,쟁이셔야해,1
올리브영,스킨케어,의,1
올리브영,스킨케어,부족할,1
올리브영,스킨케어,유명하죠,1
올리브영,스킨케어,오특가,1
올리브영,스킨케어,건조하니까,1
올리브영,스킨케어,개복치,1
올리브영,스킨케어,아니었구요,1
올리브영,스킨케어,있는지도,1
올리브영,스킨케어,셨던,1
올리브영,스킨케어,장바구니,1
올리브영,스킨케어,안지,1
올리브영,스킨케어,잘맞아요,1
올리브영,스킨케어,자잘한,1
올리브영,스킨케어,죄송해요,1
올리브영,스킨케어,녹,1
올리브영,스킨케어,푹,1
올리브영,스킨케어,최고다,1
올리브영,스킨케어,좋아합니다,1
올리브영,스킨케어,쫌,1
올리브영,스킨케어,도톰하게,1
올리브영,스킨케어,있긴하지만,1
올리브영,스킨케어,만족하고,1
올리브영,스킨케어,뿐이니깐,1
올리브영,스킨케어,일과,1
올리브영,스킨케어,풍부하면서도,1
올리브영,스킨케어,건조함으로,1
올리브영,스킨케어,점차,1
올리브영,스킨케어,회복,1
올리브영,스킨케어,푸석한,1
올리브영,스킨케어,은은하고,1
올리브영,스킨케어,묵직하거나,1
올리브영,스킨케어,있으며,1
올리브영,스킨케어,고려,1
올리브영,스킨케어,가치,1
올리브영,스킨케어,종합,1
올리브영,스킨케어,유용한,1
올리브영,스킨케어,안녕하세요,1
올리브영,스킨케어,유몽민,1
올리브영,스킨케어,건조해질,1
올리브영,스킨케어,원하시는,1
올리브영,스킨케어,있더라구요,1
올리브영,스킨케어,건조하다고,1
올리브영,스킨케어,년전,1
올리브영,스킨케어,모름,1
올리브영,스킨케어,한몫,1
올리브영,스킨케어,요물,1
올리브영,스킨케어,찰떡,1
올리브영,스킨케어,콩떡임,1
올리브영,스킨케어,슬퍼하지,1
올리브영,스킨케어,약국,1
올리브영,스킨케어,시중,1
올리브영,스킨케어,웬만해,1
올리브영,스킨케어,선,1
올리브영,스킨케어,급하시면,1
올리브영,스킨케어,곪은적,1
올리브영,스킨케어,빵,1
올리브영,스킨케어,깔끔하니,1
올리브영,스킨케어,거던,1
올리브영,스킨케어,클렌징,1
올리브영,스킨케어,독도,1
올리브영,스킨케어,폼클렌징,1
올리브영,스킨케어,메이크,1
올리브영,스킨케어,프렘,1
올리브영,스킨케어,밀,1
올리브영,스킨케어,헤,1
올리브영,스킨케어,네이처,1
올리브영,스킨케어,어성초,1
올리브영,스킨케어,에이,1
올리브영,스킨케어,비싸네,1
올리브영,스킨케어,딱입니다,1
올리브영,스킨케어,오이,1
올리브영,스킨케어,오홋,1
올리브영,스킨케어,부들부들해졌어요,1
올리브영,스킨케어,일이,1
올리브영,스킨케어,정가,1
올리브영,스킨케어,데이,1
올리브영,스킨케어,만족하실것,1
올리브영,스킨케어,딱좋네요,1
올리브영,스킨케어,산유,1
올리브영,스킨케어,국,1
올리브영,스킨케어,연,1
올리브영,스킨케어,건조하네요,1
올리브영,스킨케어,썻던,1
올리브영,스킨케어,갑입니댜,1
올리브영,스킨케어,최상,1
올리브영,스킨케어,해비,1
올리브영,스킨케어,알차네요,1
올리브영,스킨케어,선착순,1
올리브영,스킨케어,려고,1
올리브영,스킨케어,괜찮으면,1
올리브영,스킨케어,뛰어나는데,1
올리브영,스킨케어,유명하고,1
올리브영,스킨케어,같다는,1
올리브영,스킨케어,이듭,1
올리브영,스킨케어,심하더라구요,1
올리브영,스킨케어,쟁겨넣,1
올리브영,스킨케어,촉촉하긴,1
올리브영,스킨케어,없긴,1
올리브영,스킨케어,파워,1
올리브영,스킨케어,무겁고,1
올리브영,스킨케어,텁텁해,1
올리브영,스킨케어,방치,1
올리브영,스킨케어,겨울나기,1
올리브영,스킨케어,부족해도,1
올리브영,스킨케어,사악하다는,1
올리브영,스킨케어,메리트,1
올리브영,스킨케어,좋아졋다,1
올리브영,스킨케어,없겟지만은,1
올리브영,스킨케어,뮤,1
올리브영,스킨케어,사악하네여,1
올리브영,스킨케어,닷,1
올리브영,스킨케어,가나,1
올리브영,스킨케어,사이트,1
올리브영,스킨케어,많으니까,1
올리브영,스킨케어,편했어요,1
올리브영,스킨케어,바사,1
올리브영,스킨케어,감기,1
올리브영,스킨케어,인해,1
올리브영,스킨케어,스완,1
올리브영,스킨케어,님,1
올리브영,스킨케어,만족스럽습니다,1
올리브영,스킨케어,건조한것,1
올리브영,스킨케어,인샹,1
올리브영,스킨케어,같은것도,1
올리브영,스킨케어,번둘,1
올리브영,스킨케어,있겠지만,1
올리브영,스킨케어,느무,1
올리브영,스킨케어,엄청나요,1
올리브영,스킨케어,뜰,1
올리브영,스킨케어,심각,1
올리브영,스킨케어,이런지,1
올리브영,스킨케어,피하,1
올리브영,스킨케어,심각하네요,1
올리브영,스킨케어,정직하게,1
올리브영,스킨케어,보더,1
올리브영,스킨케어,적절한,1
올리브영,스킨케어,지나,1
올리브영,스킨케어,수년,1
올리브영,스킨케어,종착,1
올리브영,스킨케어,콧물제형,1
올리브영,스킨케어,철끈,1
올리브영,스킨케어,취침,1
올리브영,스킨케어,탄탄해진,1
올리브영,스킨케어,푸석해진,1
올리브영,스킨케어,현저,1
올리브영,스킨케어,진하게,1
올리브영,스킨케어,랍,1
올리브영,스킨케어,튼튼해진,1
올리브영,스킨케어,만족한,1
올리브영,스킨케어,콜레스테롤,1
올리브영,스킨케어,지방산,1
올리브영,스킨케어,찾기,1
올리브영,스킨케어,사이사이,1
올리브영,스킨케어,보장,1
올리브영,스킨케어,일정,1
올리브영,스킨케어,힘들,1
올리브영,스킨케어,물리,1
올리브영,스킨케어,화학,1
올리브영,스킨케어,있을뿐더러,1
올리브영,스킨케어,일시,1
올리브영,스킨케어,방편,1
올리브영,스킨케어,근본,1
올리브영,스킨케어,법,1
올리브영,스킨케어,아니기,1
올리브영,스킨케어,에멀젼,1
올리브영,스킨케어,증세,1
올리브영,스킨케어,과거,1
올리브영,스킨케어,초초초,1
올리브영,스킨케어,게다가,1
올리브영,스킨케어,보들보들해서,1
올리브영,스킨케어,우수합니다,1
올리브영,스킨케어,주위,1
올리브영,스킨케어,침침해져,1
올리브영,스킨케어,트루,1
올리브영,스킨케어,오빠,1
올리브영,스킨케어,비싼게,1
올리브영,스킨케어,에스테,1
올리브영,스킨케어,쟁여둬,1
올리브영,스킨케어,청소년,1
올리브영,스킨케어,장년,1
올리브영,스킨케어,아우,1
올리브영,스킨케어,분실,1
올리브영,스킨케어,어요,1
올리브영,스킨케어,심함,1
올리브영,스킨케어,필요할,1
올리브영,스킨케어,부족해요,1
올리브영,스킨케어,보숩감,1
올리브영,스킨케어,건조해,1
올리브영,스킨케어,넘쳐서,1
올리브영,스킨케어,궁금했는데,1
올리브영,스킨케어,부들부들한데,1
올리브영,스킨케어,비싼건데,1
올리브영,스킨케어,짱짱하고,1
올리브영,스킨케어,빠르진,1
올리브영,스킨케어,피,1
올리브영,스킨케어,극성,1
올리브영,스킨케어,쩍쩍,1
올리브영,스킨케어,제법,1
올리브영,스킨케어,유용하셨다면,1
올리브영,스킨케어,부탁드립니다,1
올리브영,스킨케어,직하지,1
올리브영,스킨케어,나쁘진,1
올리브영,스킨케어,불편하다고,1
올리브영,스킨케어,적당히가,1
올리브영,스킨케어,뭔,1
올리브영,스킨케어,작게,1
올리브영,스킨케어,유명하다,1
올리브영,스킨케어,같은걸,1
올리브영,스킨케어,무겁다는,1
올리브영,스킨케어,많지만,1
올리브영,스킨케어,괜찮더라,1
올리브영,스킨케어,빛과,1
올리브영,스킨케어,소금,1
올리브영,스킨케어,필요없더라구요,1
올리브영,스킨케어,가능하니,1
올리브영,스킨케어,비싸고,1
올리브영,스킨케어,안해,1
올리브영,스킨케어,오특,1
올리브영,스킨케어,살때,1
올리브영,스킨케어,좋았는데,1
올리브영,스킨케어,금보,1
올리브영,스킨케어,종료,1
올리브영,스킨케어,건조하긴,1
올리브영,스킨케어,픽해,1
올리브영,스킨케어,일어나서,1
올리브영,스킨케어,유툽,1
올리브영,스킨케어,짤,1
올리브영,스킨케어,장나라,1
올리브영,스킨케어,밑바닥,1
올리브영,스킨케어,계신다고,1
올리브영,스킨케어,그럴만,1
올리브영,스킨케어,당분간,1
올리브영,스킨케어,순하기도,1
올리브영,스킨케어,보송하게,1
올리브영,스킨케어,악랄함,1
올리브영,스킨케어,겨,1
올리브영,스킨케어,님편,1
올리브영,스킨케어,아가,1
올리브영,스킨케어,여부,1
올리브영,스킨케어,따갑지,1
올리브영,스킨케어,무겁다,1
올리브영,스킨케어,직해도,1
올리브영,스킨케어,스킨로션,1
올리브영,스킨케어,매력,1
올리브영,스킨케어,묵직한,1
올리브영,스킨케어,재밌고,1
올리브영,스킨케어,먹기,1
올리브영,스킨케어,처방,1
올리브영,스킨케어,한텐,1
올리브영,스킨케어,많을거,1
올리브영,스킨케어,구원,1
올리브영,스킨케어,오조오억,1
올리브영,스킨케어,조,1
올리브영,스킨케어,아쉬운데,1
올리브영,스킨케어,쎄,1
올리브영,스킨케어,저렴했는데,1
올리브영,스킨케어,망했는데,1
올리브영,스킨케어,살림,1
올리브영,스킨케어,루고,1
올리브영,스킨케어,잠,1
올리브영,스킨케어,야한다는,1
올리브영,스킨케어,힘들어,1
올리브영,스킨케어,좋다며,1
올리브영,스킨케어,정보,1
올리브영,스킨케어,유명한데에는,1
올리브영,스킨케어,화농,1
올리브영,스킨케어,고정,1
올리브영,스킨케어,솔직,1
올리브영,스킨케어,대학병원,1
올리브영,스킨케어,진료,1
올리브영,스킨케어,신생아,1
올리브영,스킨케어,그러고,1
올리브영,스킨케어,유행,1
올리브영,스킨케어,리들샷,1
올리브영,스킨케어,있다는거,1
올리브영,스킨케어,나선,1
올리브영,스킨케어,최강,1
올리브영,스킨케어,두드러기,1
올리브영,스킨케어,세균,1
올리브영,스킨케어,밖,1
올리브영,스킨케어,차가운,1
올리브영,스킨케어,따끔했는데,1
올리브영,스킨케어,있다는게,1
올리브영,스킨케어,신기하다는,1
올리브영,스킨케어,매끈해지고,1
올리브영,스킨케어,불편하진,1
올리브영,스킨케어,화이트헤드,1
올리브영,스킨케어,들뜸도,1
올리브영,스킨케어,리제,1
올리브영,스킨케어,레이티,1
올리브영,스킨케어,브,1
올리브영,스킨케어,충분합니다,1
올리브영,스킨케어,차이점,1
올리브영,스킨케어,저렴한,1
올리브영,스킨케어,비싸도,1
올리브영,스킨케어,반면,1
올리브영,스킨케어,그림,1
올리브영,스킨케어,저렴하거나,1
올리브영,스킨케어,넉넉히,1
올리브영,스킨케어,헤어,1
올리브영,스킨케어,밴드,1
올리브영,스킨케어,컬,1
올리브영,스킨케어,후반,1
올리브영,스킨케어,쿨,1
올리브영,스킨케어,뮤트,1
올리브영,스킨케어,중시,1
올리브영,스킨케어,오후,1
올리브영,스킨케어,촉촉함,1
올리브영,스킨케어,지겹,1
올리브영,스킨케어,안좋은,1
올리브영,스킨케어,간지럽긴,1
올리브영,스킨케어,소개,1
올리브영,스킨케어,건조해지거나,1
올리브영,스킨케어,적합합니다,1
올리브영,스킨케어,장기간,1
올리브영,스킨케어,예민해지고,1
올리브영,스킨케어,방어,1
올리브영,스킨케어,특유,1
올리브영,스킨케어,더운,1
올리브영,스킨케어,여름철,1
올리브영,스킨케어,성능,1
올리브영,스킨케어,중요하게,1
올리브영,스킨케어,대상,1
올리브영,스킨케어,약하고,1
올리브영,스킨케어,뛰어나지만,1
올리브영,스킨케어,다를,1
올리브영,스킨케어,농도,1
올리브영,스킨케어,잘못,1
올리브영,스킨케어,첩,1
올리브영,스킨케어,촉성,1
올리브영,스킨케어,괜찮아졌음,1
올리브영,스킨케어,건강,1
올리브영,스킨케어,건조해지면,1
올리브영,스킨케어,부들부들한,1
올리브영,스킨케어,변해요,1
올리브영,스킨케어,순한게,1
올리브영,스킨케어,보판,1
올리브영,스킨케어,테넬,1
올리브영,스킨케어,중간지점,1
올리브영,스킨케어,를,1
올리브영,스킨케어,없나,1
올리브영,스킨케어,아쉽긴,1
올리브영,스킨케어,그러면서도,1
올리브영,스킨케어,촤라락,1
올리브영,스킨케어,딱일,1
올리브영,스킨케어,저렴해지면,1
올리브영,스킨케어,거저,1
올리브영,스킨케어,풀이,1
올리브영,스킨케어,웬일,1
올리브영,스킨케어,빨갛게,1
올리브영,스킨케어,부으셔,1
올리브영,스킨케어,좋으라고,1
올리브영,스킨케어,포인트,1
올리브영,스킨케어,주일,1
올리브영,스킨케어,괜찮겠지,1
올리브영,스킨케어,갑자기,1
올리브영,스킨케어,빨게,1
올리브영,스킨케어,무거운거,1
올리브영,스킨케어,안된다,1
올리브영,스킨케어,아닌말은,1
올리브영,스킨케어,아니겠지만,1
올리브영,스킨케어,잘맞을것,1
올리브영,스킨케어,생일,1
올리브영,스킨케어,밑,1
올리브영,스킨케어,미쳤지,1
올리브영,스킨케어,낭료,1
올리브영,스킨케어,한눈,1
올리브영,스킨케어,사기,1
올리브영,스킨케어,엇습,1
올리브영,스킨케어,가벼운거,1
올리브영,스킨케어,정성,1
올리브영,스킨케어,중학생,1
올리브영,스킨케어,유명,1
올리브영,스킨케어,준템,1
올리브영,스킨케어,수면,1
올리브영,스킨케어,순해샤,1
올리브영,스킨케어,이득,1
올리브영,스킨케어,없지,1
올리브영,스킨케어,딱인,1
올리브영,스킨케어,랍니,1
올리브영,스킨케어,유명한데엔,1
올리브영,스킨케어,좋다기에,1
올리브영,스킨케어,런가,1
올리브영,스킨케어,방,1
올리브영,스킨케어,박사,1
올리브영,스킨케어,라로슈,1
올리브영,스킨케어,포,1
올리브영,스킨케어,제중,1
올리브영,스킨케어,충분할,1
올리브영,스킨케어,페이스,1
올리브영,스킨케어,거격때문,1
올리브영,스킨케어,최적화,1
올리브영,스킨케어,딱이예요,1
올리브영,스킨케어,응것,1
올리브영,스킨케어,어드,1
올리브영,스킨케어,벤트,1
올리브영,스킨케어,캘린더,1
올리브영,스킨케어,반해서,1
올리브영,스킨케어,어워즈,1
올리브영,스킨케어,든든해서,1
올리브영,스킨케어,있겠어요,1
올리브영,스킨케어,아니다,1
올리브영,스킨케어,찍,1
올리브영,스킨케어,만족스럽네요,1
올리브영,스킨케어,필요한데,1
올리브영,스킨케어,로서,1
올리브영,스킨케어,생기지,1
올리브영,스킨케어,빨개질,1
올리브영,스킨케어,따갑게,1
올리브영,스킨케어,일어나고,1
올리브영,스킨케어,안됨,1
올리브영,스킨케어,가능했던,1
올리브영,스킨케어,와중,1
올리브영,스킨케어,짓,1
올리브영,스킨케어,건조해져,1
올리브영,스킨케어,사가,1
올리브영,스킨케어,안쪽,1
올리브영,스킨케어,하라,1
올리브영,스킨케어,고해,1
올리브영,스킨케어,순위,1
올리브영,스킨케어,자세히,1
올리브영,스킨케어,있는데요,1
올리브영,스킨케어,터,1
올리브영,스킨케어,건조하더,1
올리브영,스킨케어,리그,1
올리브영,스킨케어,가뱌우먄,1
올리브영,스킨케어,건조해지지,1
올리브영,스킨케어,김미연,1
올리브영,스킨케어,당장,1
올리브영,스킨케어,힌,1
올리브영,스킨케어,힝,1
올리브영,스킨케어,트라블,1
올리브영,스킨케어,있는지,1
올리브영,스킨케어,아깝습니다,1
올리브영,스킨케어,민감하,1
올리브영,스킨케어,붉게,1
올리브영,스킨케어,힘들었는데,1
올리브영,스킨케어,끼,1
올리브영,스킨케어,불가,1
올리브영,스킨케어,부활,1
올리브영,스킨케어,좋길래,1
올리브영,스킨케어,첨가,1
올리브영,스킨케어,솜,1
올리브영,스킨케어,온전,1
올리브영,스킨케어,귀찮은,1
올리브영,스킨케어,롤링,1
올리브영,스킨케어,진가,1
올리브영,스킨케어,있을거,1
올리브영,스킨케어,감수,1
올리브영,스킨케어,좋은지는,1
올리브영,스킨케어,성의,1
올리브영,스킨케어,끝판,1
올리브영,스킨케어,피곤한,1
올리브영,스킨케어,괜찮았는데,1
올리브영,스킨케어,그런것,1
올리브영,스킨케어,덜한,1
올리브영,스킨케어,남다르고,1
올리브영,스킨케어,건조해용,1
올리브영,스킨케어,먼가,1
올리브영,스킨케어,이외,1
올리브영,스킨케어,썻는데,1
올리브영,스킨케어,반정,1
올리브영,스킨케어,썻네용,1
올리브영,스킨케어,낞,1
올리브영,스킨케어,시원한,1
올리브영,스킨케어,간조,1
올리브영,스킨케어,딱이에요,1
올리브영,스킨케어,부들부들하네,1
올리브영,스킨케어,레위,1
올리브영,스킨케어,오특때,1
올리브영,스킨케어,자신,1
올리브영,스킨케어,반성,1
올리브영,스킨케어,있겠어,1
올리브영,스킨케어,순하다,1
올리브영,스킨케어,촉촉하다,1
올리브영,스킨케어,잘맞았어요,1
올리브영,스킨케어,디어,1
올리브영,스킨케어,사악하지만,1
올리브영,스킨케어,아쉬웠어요,1
올리브영,스킨케어,웰쥬,1
올리브영,스킨케어,겨율,1
올리브영,스킨케어,건조한데,1
올리브영,스킨케어,무관,1
올리브영,스킨케어,주르륵,1
올리브영,스킨케어,몽글몽글하게,1
올리브영,스킨케어,자전거,1
올리브영,스킨케어,출퇴근,1
올리브영,스킨케어,심함으로,1
올리브영,스킨케어,들뜸이,1
올리브영,스킨케어,덜했어요,1
올리브영,스킨케어,민가,1
올리브영,스킨케어,귀신,1
올리브영,스킨케어,웰라주,1
올리브영,스킨케어,비슷하거나,1
올리브영,스킨케어,산뜻하진,1
올리브영,스킨케어,만족하실거에요,1
올리브영,스킨케어,회분,1
올리브영,스킨케어,기타,1
올리브영,스킨케어,특별한,1
올리브영,스킨케어,강햔,1
올리브영,스킨케어,곳,1
올리브영,스킨케어,그땐,1
올리브영,스킨케어,빨랐어,1
올리브영,스킨케어,데일,1
올리브영,스킨케어,리용,1
올리브영,스킨케어,스러워,1
올리브영,스킨케어,잘맞을,1
올리브영,스킨케어,있죠,1
올리브영,스킨케어,유명한데,1
올리브영,스킨케어,유명한만큼,1
올리브영,스킨케어,같기는,1
올리브영,스킨케어,각,1
올리브영,스킨케어,방울,1
올리브영,스킨케어,이틀,1
올리브영,스킨케어,물앰플,1
올리브영,스킨케어,아쉽네요,1
올리브영,스킨케어,신제품,1
올리브영,스킨케어,추위,1
올리브영,스킨케어,락불그락,1
올리브영,스킨케어,진정제,1
올리브영,스킨케어,좋았아,1
올리브영,스킨케어,완벽하게,1
올리브영,스킨케어,좋아하시면,1
올리브영,스킨케어,저분자,1
올리브영,스킨케어,편안하네,1
올리브영,스킨케어,무색,1
올리브영,스킨케어,무취,1
올리브영,스킨케어,럼답,1
올리브영,스킨케어,많거나,1
올리브영,스킨케어,순하니,1
올리브영,스킨케어,기본,1
올리브영,스킨케어,몀,1
올리브영,스킨케어,매도,1
올리브영,스킨케어,빠방,1
올리브영,스킨케어,애스트라,1
올리브영,스킨케어,한해,1
올리브영,스킨케어,건조해지는게,1
올리브영,스킨케어,썻다,1
올리브영,스킨케어,무거워,1
올리브영,스킨케어,갈수록,1
올리브영,스킨케어,탁월합니다,1
올리브영,스킨케어,미쳣어,1
올리브영,스킨케어,거만한게,1
올리브영,스킨케어,없는거,1
올리브영,스킨케어,더쟁,1
올리브영,스킨케어,가볍지는,1
올리브영,스킨케어,확실한,1
올리브영,스킨케어,순해도,1
올리브영,스킨케어,악화,1
올리브영,스킨케어,민감한데,1
올리브영,스킨케어,킨,1
올리브영,스킨케어,세럼앰플,1
올리브영,스킨케어,종류,1
올리브영,스킨케어,가깝긴,1
올리브영,스킨케어,요새,1
올리브영,스킨케어,약도,1
올리브영,스킨케어,좀비,1
올리브영,스킨케어,부어,1
올리브영,스킨케어,아플,1
올리브영,스킨케어,편히,1
올리브영,스킨케어,부담스러우서,1
올리브영,스킨케어,까말까,1
올리브영,스킨케어,피붓결,1
올리브영,스킨케어,정돈,1
올리브영,스킨케어,보라,1
올리브영,스킨케어,완벽히,1
올리브영,스킨케어,기사,1
올리브영,스킨케어,당했나,1
올리브영,스킨케어,이럴꺼면,1
올리브영,스킨케어,남지,1
올리브영,스킨케어,유일한,1
올리브영,스킨케어,보습제,1
올리브영,스킨케어,번창,1
올리브영,스킨케어,부토,1
올리브영,스킨케어,적용,1
올리브영,스킨케어,건고,1
올리브영,스킨케어,작,1
올리브영,스킨케어,아쉬워,1
올리브영,스킨케어,여기껄,1
올리브영,스킨케어,따가워요,1
올리브영,스킨케어,있는데내,1
올리브영,스킨케어,피셜,1
올리브영,스킨케어,명물,1
올리브영,스킨케어,미쳤어,1
올리브영,스킨케어,료,1
올리브영,스킨케어,레전드,1
올리브영,스킨케어,소아과,1
올리브영,스킨케어,끈끈,1
올리브영,스킨케어,좋아해,1
올리브영,스킨케어,요건,1
올리브영,스킨케어,로부터,1
올리브영,스킨케어,해방,1
올리브영,스킨케어,튼튼한,1
올리브영,스킨케어,완성,1
올리브영,스킨케어,용할수록,1
올리브영,스킨케어,누적,1
올리브영,스킨케어,다수,1
올리브영,스킨케어,미쳐있을,1
올리브영,스킨케어,런칭,1
올리브영,스킨케어,비싼건,1
올리브영,스킨케어,어떨까,1
올리브영,스킨케어,사본,1
올리브영,스킨케어,단박,1
올리브영,스킨케어,비욘,1
올리브영,스킨케어,웰,1
올리브영,스킨케어,명함,1
올리브영,스킨케어,대적,1
올리브영,스킨케어,전자,1
올리브영,스킨케어,주사,1
올리브영,스킨케어,독사,1
올리브영,스킨케어,용하기엔,1
올리브영,스킨케어,가벼워요,1
올리브영,스킨케어,중건,1
올리브영,스킨케어,그런게,1
올리브영,스킨케어,좋겠네요,1
올리브영,스킨케어,가벼운데도,1
올리브영,스킨케어,답답하지,1
올리브영,스킨케어,같슴다,1
올리브영,스킨케어,좋았구,1
올리브영,스킨케어,덜해요,1
올리브영,스킨케어,스며듭니,1
올리브영,스킨케어,별다른,1
올리브영,스킨케어,편안,1
올리브영,스킨케어,다양하게,1
올리브영,스킨케어,복잡,1
올리브영,스킨케어,미묘한,1
올리브영,스킨케어,인해서,1
올리브영,스킨케어,붉어,1
올리브영,스킨케어,힘들어서,1
올리브영,스킨케어,밀지,1
올리브영,스킨케어,얼마,1
올리브영,스킨케어,일부러,1
올리브영,스킨케어,픽업,1
올리브영,스킨케어,비싸여,1
올리브영,스킨케어,흠,1
올리브영,스킨케어,촉촉하진,1
올리브영,스킨케어,이면,1
올리브영,스킨케어,비싸,1
올리브영,스킨케어,가득하고,1
올리브영,스킨케어,삼육오,1
올리브영,스킨케어,올리브,1
올리브영,스킨케어,촉촉하면서도,1
올리브영,스킨케어,만족스럽,1
올리브영,스킨케어,유용했어,1
올리브영,스킨케어,르,1
올리브영,스킨케어,미쳤는데,1
올리브영,스킨케어,없을까,1
올리브영,스킨케어,탱글탱글해요,1
올리브영,스킨케어,괜찮았어요,1
올리브영,스킨케어,많음,1
올리브영,스킨케어,길,1
올리브영,스킨케어,하자,1
올리브영,스킨케어,마자,1
올리브영,스킨케어,도대체,1
올리브영,스킨케어,어려움,1
올리브영,스킨케어,부족함,1
올리브영,스킨케어,길이,1
올리브영,스킨케어,추후,1
올리브영,스킨케어,핵,1
올리브영,스킨케어,없오요,1
올리브영,스킨케어,진찌,1
올리브영,스킨케어,메이트,1
올리브영,스킨케어,두껍고,1
올리브영,스킨케어,딩,1
올리브영,스킨케어,꼭꼭,1
올리브영,스킨케어,일절,1
올리브영,스킨케어,간격,1
올리브영,스킨케어,더욱더,1
올리브영,스킨케어,만족하고있어,1
올리브영,스킨케어,가볍지도,1
올리브영,스킨케어,엑스트라,1
올리브영,스킨케어,없었습니다,1
올리브영,스킨케어,그렇지는,1
올리브영,스킨케어,드하,1
올리브영,스킨케어,있나,1
올리브영,스킨케어,식,1
올리브영,스킨케어,뚝딱,1
올리브영,스킨케어,큐,1
올리브영,스킨케어,고맙다고,1
올리브영,스킨케어,어찌,1
올리브영,스킨케어,민감하신,1
올리브영,스킨케어,웃,1
올리브영,스킨케어,히알앰플,1
올리브영,스킨케어,금은,1
올리브영,스킨케어,요게,1
올리브영,스킨케어,듯해,1
올리브영,스킨케어,가벼우면서도,1
올리브영,스킨케어,구지,1
올리브영,스킨케어,끈적끈적하긴,1
올리브영,스킨케어,유독,1
올리브영,스킨케어,다용,1
올리브영,스킨케어,들뜸,1
올리브영,스킨케어,평균,1
올리브영,스킨케어,이상인,1
올리브영,스킨케어,투입,1
올리브영,스킨케어,없었고,1
올리브영,스킨케어,촉촉했어요,1
올리브영,스킨케어,겹겹,1
올리브영,스킨케어,빙하수,1
올리브영,스킨케어,있거든요,1
올리브영,스킨케어,별루,1
올리브영,스킨케어,없다는,1
올리브영,스킨케어,키,1
올리브영,스킨케어,호기심,1
올리브영,스킨케어,급하게,1
올리브영,스킨케어,쎄서,1
올리브영,스킨케어,필요없긴,1
올리브영,스킨케어,급해져서,1
올리브영,스킨케어,후다닥,1
올리브영,스킨케어,작성,1
올리브영,스킨케어,건조해지니까,1
올리브영,스킨케어,부드러워졌어요,1
올리브영,스킨케어,만족함,1
올리브영,스킨케어,나타,1
올리브영,스킨케어,직접,1
올리브영,스킨케어,기대한것보다,1
올리브영,스킨케어,출시일,1
올리브영,스킨케어,딱인거,1
올리브영,스킨케어,은제,1
올리브영,스킨케어,촉감,1
올리브영,스킨케어,쟁여놔,1
올리브영,스킨케어,있는건,1
올리브영,스킨케어,부드러워져요,1
올리브영,스킨케어,기대하긴,1
올리브영,스킨케어,어렵,1
올리브영,스킨케어,하규,1
올리브영,스킨케어,물광,1
올리브영,스킨케어,왕추,1
올리브영,스킨케어,좋다하여,1
올리브영,스킨케어,세수,1
올리브영,스킨케어,품외,1
올리브영,스킨케어,히안루론산,1
올리브영,스킨케어,량,1
올리브영,스킨케어,최대,1
올리브영,스킨케어,충분한데,1
올리브영,스킨케어,없으며,1
올리브영,스킨케어,다운,1
올리브영,스킨케어,앰플입,1
올리브영,스킨케어,세라,1
올리브영,스킨케어,편의,1
올리브영,스킨케어,맞이,1
올리브영,스킨케어,어려워요,1
올리브영,스킨케어,그렇겠지,1
올리브영,스킨케어,신중하게,1
올리브영,스킨케어,실패,1
올리브영,스킨케어,높다는,1
올리브영,스킨케어,아니었으면,1
올리브영,스킨케어,착했으면,1
올리브영,스킨케어,간단하게,1
올리브영,스킨케어,양은,1
올리브영,스킨케어,매끄럽고,1
올리브영,스킨케어,실키,1
올리브영,스킨케어,아쉬움,1
올리브영,스킨케어,남아,1
올리브영,스킨케어,편안한건,1
올리브영,스킨케어,여전해서,1
올리브영,스킨케어,원료,1
올리브영,스킨케어,건가,1
올리브영,스킨케어,부족해진,1
올리브영,스킨케어,아쉬웠지만,1
올리브영,스킨케어,대체,1
올리브영,스킨케어,리뉴,1
올리브영,스킨케어,답답한,1
올리브영,스킨케어,라로슈포제밤,1
올리브영,스킨케어,미끄덩한,1
올리브영,스킨케어,가득해요,1
올리브영,스킨케어,휙,1
올리브영,스킨케어,그리워지긴,1
올리브영,스킨케어,안되겠더라고요,1
올리브영,스킨케어,유튭,1
올리브영,스킨케어,많앗는데,1
올리브영,스킨케어,적응,1
올리브영,스킨케어,삿네,1
올리브영,스킨케어,듬뿍해서,1
올리브영,스킨케어,찹찹하,1
올리브영,스킨케어,여러가지,1
올리브영,스킨케어,평타,1
올리브영,스킨케어,한다해,1
올리브영,스킨케어,에버,1
올리브영,스킨케어,부탁,1
올리브영,스킨케어,푸석푸석한,1
올리브영,스킨케어,달라,1
올리브영,스킨케어,타라,1
올리브영,스킨케어,있던,1
올리브영,스킨케어,궁굼해,1
올리브영,스킨케어,전형,1
올리브영,스킨케어,짱짱해서,1
올리브영,스킨케어,괜찮았고,1
올리브영,스킨케어,손상,1
올리브영,스킨케어,충분핮,1
올리브영,스킨케어,속상했는데,1
올리브영,스킨케어,건조함도,1
올리브영,스킨케어,아니여도,1
올리브영,스킨케어,팔고,1
올리브영,스킨케어,귀찮거든요,1
올리브영,스킨케어,환영,1
올리브영,스킨케어,버즘,1
올리브영,스킨케어,절,1
올리브영,스킨케어,오니,1
올리브영,스킨케어,구나,1
올리브영,스킨케어,의심,1
올리브영,스킨케어,미쳤,1
올리브영,스킨케어,어차피,1
올리브영,스킨케어,플로,1
올리브영,스킨케어,션,1
올리브영,스킨케어,휘뚜루,1
올리브영,스킨케어,마뚜루,1
올리브영,스킨케어,뮬,1
올리브영,스킨케어,초보자,1
올리브영,스킨케어,반품,1
올리브영,스킨케어,불만족,1
올리브영,스킨케어,스럽네,1
올리브영,스킨케어,편하네,1
올리브영,스킨케어,딱좋아여,1
올리브영,스킨케어,실험할빠,1
올리브영,스킨케어,단축,1
올리브영,스킨케어,있으면서,1
올리브영,스킨케어,부르럽,1
올리브영,스킨케어,쫀쫀함,1
올리브영,스킨케어,달전,1
올리브영,스킨케어,적합할,1
올리브영,스킨케어,최고랍,1
올리브영,스킨케어,을사,1
올리브영,스킨케어,헷갈리지,1
올리브영,스킨케어,뽀송했다면,1
올리브영,스킨케어,맘에듭니,1
올리브영,스킨케어,사피,1
올리브영,스킨케어,환자,1
올리브영,스킨케어,유통,1
올리브영,스킨케어,넉넉하고요,1
올리브영,스킨케어,안전,1
올리브영,스킨케어,좋을거라고,1
올리브영,스킨케어,기대해요,1
올리브영,스킨케어,용했으면,1
올리브영,스킨케어,아쉽지만,1
올리브영,스킨케어,만족하구요,1
올리브영,스킨케어,앱,1
올리브영,스킨케어,사음,1
올리브영,스킨케어,점심,1
올리브영,스킨케어,반하것,1
올리브영,스킨케어,질리,1
올리브영,스킨케어,안정감,1
올리브영,스킨케어,있고요,1
올리브영,스킨케어,노력,1
올리브영,스킨케어,촉촉해졌어요,1
올리브영,스킨케어,유명한줄,1
올리브영,스킨케어,뒤집혔,1
올리브영,스킨케어,귀차니즘,1
올리브영,스킨케어,필요하다,1
올리브영,스킨케어,로드,1
올리브영,스킨케어,촉촉하다가,1
올리브영,스킨케어,아니겠음,1
올리브영,스킨케어,인터넷,1
올리브영,스킨케어,유명한거였고,1
올리브영,스킨케어,것임,1
올리브영,스킨케어,비싼데,1
올리브영,스킨케어,돈값,1
올리브영,스킨케어,편안합니다,1
올리브영,스킨케어,있었어요,1
올리브영,스킨케어,실용,1
올리브영,스킨케어,입처,1
올리브영,스킨케어,깔끔해,1
올리브영,스킨케어,만족스러웠습니다,1
올리브영,스킨케어,반드시,1
올리브영,스킨케어,베리아,1
올리브영,스킨케어,샤워,1
올리브영,스킨케어,촉촉하네요,1
올리브영,스킨케어,마르고,1
올리브영,스킨케어,촉촉햇,1
올리브영,스킨케어,이뻐,1
올리브영,스킨케어,가려움증,1
올리브영,스킨케어,탁월하다는,1
올리브영,스킨케어,안고,1
올리브영,스킨케어,심플,1
올리브영,스킨케어,위생,1
올리브영,스킨케어,편리했습니다,1
올리브영,스킨케어,핵심,1
올리브영,스킨케어,더말,1
올리브영,스킨케어,텍션,1
올리브영,스킨케어,강화해,1
올리브영,스킨케어,한층,1
올리브영,스킨케어,건강해진,1
올리브영,스킨케어,깊이,1
올리브영,스킨케어,브랜듭,1
올리브영,스킨케어,앖어,1
올리브영,스킨케어,공급,1
올리브영,스킨케어,지성수,1
올리브영,스킨케어,찰나,1
올리브영,스킨케어,햇습니,1
올리브영,스킨케어,춤,1
올리브영,스킨케어,용도,1
올리브영,스킨케어,간편하게,1
올리브영,스킨케어,필요없는것,1
올리브영,스킨케어,부족,1
올리브영,스킨케어,회사,1
올리브영,스킨케어,동료,1
올리브영,스킨케어,고오,1
올리브영,스킨케어,따가워서,1
올리브영,스킨케어,직하,1
올리브영,스킨케어,인지,1
올리브영,스킨케어,큰일,1
올리브영,스킨케어,서요,1
올리브영,스킨케어,해외,1
올리브영,스킨케어,잘맞아용,1
올리브영,스킨케어,편하구여,1
올리브영,스킨케어,아무나,1
올리브영,스킨케어,스타일,1
올리브영,스킨케어,도착,1
올리브영,스킨케어,같이있어서,1
올리브영,스킨케어,싫어하지,1
올리브영,스킨케어,한여름,1
올리브영,스킨케어,급해서,1
올리브영,스킨케어,장만,1
올리브영,스킨케어,돈거,1
올리브영,스킨케어,길고,1
올리브영,스킨케어,안되요,1
올리브영,스킨케어,전도,1
올리브영,스킨케어,에스트라껄,1
올리브영,스킨케어,어른,1
올리브영,스킨케어,아빠,1
올리브영,스킨케어,묜,1
올리브영,스킨케어,매끈하고,1
올리브영,스킨케어,복용,1
올리브영,스킨케어,촉촉파,1
올리브영,스킨케어,연고,1
올리브영,스킨케어,묵직하고,1
올리브영,스킨케어,편한,1
올리브영,스킨케어,불편해요,1
올리브영,스킨케어,없을까요,1
올리브영,스킨케어,압,1
올리브영,스킨케어,온고잉,1
올리브영,스킨케어,싫으신,1
올리브영,스킨케어,짱짱맨,1
올리브영,스킨케어,효자,1
올리브영,스킨케어,아부지,1
올리브영,스킨케어,만족한다며,1
올리브영,스킨케어,아스,1
올리브영,스킨케어,걸루,1
올리브영,스킨케어,통더쟁,1
올리브영,스킨케어,두기,1
올리브영,스킨케어,라임,1
올리브영,스킨케어,이상한,1
올리브영,스킨케어,오일,1
올리브영,스킨케어,믹스,1
올리브영,스킨케어,적합하다고,1
올리브영,스킨케어,미안해,1
올리브영,스킨케어,소프트,1
올리브영,스킨케어,정식,1
올리브영,스킨케어,젛다,1
올리브영,스킨케어,적당량,1
올리브영,스킨케어,순하면서,1
올리브영,스킨케어,많다는,1
올리브영,스킨케어,옵션,1
올리브영,스킨케어,스테아릭,1
올리브영,스킨케어,씨드,1
올리브영,스킨케어,없는줄,1
올리브영,스킨케어,대부분,1
올리브영,스킨케어,있더라고,1
올리브영,스킨케어,외곽,1
올리브영,스킨케어,건조해지길래,1
올리브영,스킨케어,사려,1
올리브영,스킨케어,만족합니당,1
올리브영,스킨케어,광팬,1
올리브영,스킨케어,예민하,1
올리브영,스킨케어,어떻게,1
올리브영,스킨케어,쿠,1
올리브영,스킨케어,샴플,1
올리브영,스킨케어,안주,1
올리브영,스킨케어,불량,1
올리브영,스킨케어,손바닥,1
올리브영,스킨케어,중세,1
올리브영,스킨케어,불편,1
올리브영,스킨케어,나왓기,1
올리브영,스킨케어,부랴부랴,1
올리브영,스킨케어,무낭,1
올리브영,스킨케어,추합니,1
올리브영,스킨케어,묽은데,1
올리브영,스킨케어,스무살,1
올리브영,스킨케어,딸아이,1
올리브영,스킨케어,혁명,1
올리브영,스킨케어,쫀쫀해짐,1
올리브영,스킨케어,재주,1
올리브영,스킨케어,부드러우면서,1
올리브영,스킨케어,틀때,1
올리브영,스킨케어,시루,1
올리브영,스킨케어,있는건데,1
올리브영,스킨케어,비밀,1
올리브영,스킨케어,없더라고요,1
올리브영,스킨케어,리가,1
올리브영,스킨케어,없을,1
올리브영,스킨케어,갑갑하거나,1
올리브영,스킨케어,부드러워서,1
올리브영,스킨케어,꼽자,1
올리브영,스킨케어,덩어리,1
올리브영,스킨케어,맺힌다,1
올리브영,스킨케어,청결한,1
올리브영,스킨케어,심하거나,1
올리브영,스킨케어,추해여,1
올리브영,스킨케어,뛰어나면서도,1
올리브영,스킨케어,무겁거나,1
올리브영,스킨케어,부족하지만,1
올리브영,스킨케어,싫어하는데,1
올리브영,스킨케어,실제,1
올리브영,스킨케어,에스트리,1
올리브영,스킨케어,이구,1
올리브영,스킨케어,간,1
올리브영,스킨케어,뒤러,1
올리브영,스킨케어,부누,1
올리브영,스킨케어,지로,1
올리브영,스킨케어,편리하고,1
올리브영,스킨케어,전남친,1
올리브영,스킨케어,놧네,1
올리브영,스킨케어,굳,1
올리브영,스킨케어,굿굿,1
올리브영,스킨케어,남친,1
올리브영,스킨케어,잘맞는,1
올리브영,스킨케어,트곤,1
올리브영,스킨케어,깨끗해,1
올리브영,스킨케어,입다,1
올리브영,스킨케어,다른건,1
올리브영,스킨케어,아니어서,1
올리브영,스킨케어,지루,1
올리브영,스킨케어,그렇더라구요,1
올리브영,스킨케어,맴도,1
올리브영,스킨케어,미쳤어요,1
올리브영,스킨케어,웰라쥬,1
올리브영,스킨케어,히알루로산,1
올리브영,스킨케어,수시,1
올리브영,스킨케어,확실해서,1
올리브영,스킨케어,짱짱하니까,1
올리브영,스킨케어,매트,1
올리브영,스킨케어,장해도,1
올리브영,스킨케어,빨개졌는데,1
올리브영,스킨케어,만난,1
올리브영,스킨케어,접촉성,1
올리브영,스킨케어,간지럽더라고요,1
올리브영,스킨케어,증상,1
올리브영,스킨케어,똑바로,1
올리브영,스킨케어,시선,1
올리브영,스킨케어,너머,1
올리브영,스킨케어,끝내,1
올리브영,스킨케어,성벽,1
올리브영,스킨케어,새벽,1
올리브영,스킨케어,무딘,1
올리브영,스킨케어,칼날,1
올리브영,스킨케어,미처,1
올리브영,스킨케어,풀,1
올리브영,스킨케어,숙제,1
올리브영,스킨케어,벽,1
올리브영,스킨케어,스러지던,1
올리브영,스킨케어,작고,1
올리브영,스킨케어,소리,1
올리브영,스킨케어,켜,1
올리브영,스킨케어,소릴,1
올리브영,스킨케어,우릴,1
올리브영,스킨케어,여린,1
올리브영,스킨케어,어둠,1
올리브영,스킨케어,고집,1
올리브영,스킨케어,제한,1
올리브영,스킨케어,틀,1
올리브영,스킨케어,싫은데,1
올리브영,스킨케어,필요한거,1
올리브영,스킨케어,삼,1
올리브영,스킨케어,편안해서,1
올리브영,스킨케어,위주,1
올리브영,스킨케어,리치,1
올리브영,스킨케어,불편하고,1
올리브영,스킨케어,심하게,1
올리브영,스킨케어,까탈,1
올리브영,스킨케어,변경,1
올리브영,스킨케어,주거,1
올리브영,스킨케어,시도,1
올리브영,스킨케어,쭈욱,1
올리브영,스킨케어,산뜻하니,1
올리브영,스킨케어,좋았으나,1
올리브영,스킨케어,확실합니,1
올리브영,스킨케어,속도,1
올리브영,스킨케어,비웟던,1
올리브영,스킨케어,괜찮았던,1
올리브영,스킨케어,인상,1
올리브영,스킨케어,많았는데,1
올리브영,스킨케어,그랬어요,1
올리브영,스킨케어,겸용,1
올리브영,스킨케어,안보,1
올리브영,스킨케어,어제,1
올리브영,스킨케어,주간,1
올리브영,스킨케어,혹,1
올리브영,스킨케어,저렴하다고,1
올리브영,스킨케어,괜찮았으면,1
올리브영,스킨케어,낭비하다,1
올리브영,스킨케어,온라인,1
올리브영,스킨케어,더주는군,1
올리브영,스킨케어,고가,1
올리브영,스킨케어,나쁨,1
올리브영,스킨케어,순합니다,1
올리브영,스킨케어,예민하신데,1
올리브영,스킨케어,이온,1
올리브영,스킨케어,과장,1
올리브영,스킨케어,매끈해졌어요,1
올리브영,스킨케어,나이아신,1
올리브영,스킨케어,아마이드,1
올리브영,스킨케어,처,1
올리브영,스킨케어,돌이,1
올리브영,스킨케어,아니시면,1
올리브영,스킨케어,효,1
올리브영,스킨케어,괴도,1
올리브영,스킨케어,씬님,1
올리브영,스킨케어,알람,1
올리브영,스킨케어,평점,1
올리브영,스킨케어,같았는데도,1
올리브영,스킨케어,없을듯,1
올리브영,스킨케어,맞춤,1
올리브영,스킨케어,촉촉해졌어,1
올리브영,스킨케어,쫜득하,1
올리브영,스킨케어,안된다는거네,1
올리브영,스킨케어,즉시,1
올리브영,스킨케어,촉촉해지고,1
올리브영,스킨케어,만족스럽고,1
올리브영,스킨케어,품질,1
올리브영,스킨케어,건강해,1
올리브영,스킨케어,만족스러울,1
올리브영,스킨케어,마를,1
올리브영,스킨케어,형감,1
올리브영,스킨케어,감안,1
올리브영,스킨케어,샀어욤,1
올리브영,스킨케어,아까웠는데,1
올리브영,스킨케어,순간,1
올리브영,스킨케어,겟,1
올리브영,스킨케어,가렵,1
올리브영,스킨케어,힌번,1
올리브영,스킨케어,찬스,1
올리브영,스킨케어,정확한건,1
올리브영,스킨케어,쫀쫀합니,1
올리브영,스킨케어,조아용,1
올리브영,스킨케어,이즈,1
올리브영,스킨케어,이정,1
올리브영,스킨케어,다썻,1
올리브영,스킨케어,뻥뻥,1
올리브영,스킨케어,컷던,1
올리브영,스킨케어,알짝,1
올리브영,스킨케어,필수품,1
올리브영,스킨케어,쫀쫀촉촉,1
올리브영,스킨케어,느,1
올리브영,스킨케어,자제,1
올리브영,스킨케어,드럈습니,1
올리브영,스킨케어,괜찮구,1
올리브영,스킨케어,강하고,1
올리브영,스킨케어,취향,1
올리브영,스킨케어,아니에요,1
올리브영,스킨케어,오른,1
올리브영,스킨케어,데리,1
올리브영,스킨케어,괜찮았어서,1
올리브영,스킨케어,매끈해서,1
올리브영,스킨케어,만족하십니,1
올리브영,스킨케어,있어용,1
올리브영,스킨케어,비슷해지는것도,1
올리브영,스킨케어,매끈하니,1
올리브영,스킨케어,유튜버님,1
올리브영,스킨케어,니들샷,1
올리브영,스킨케어,아아,1
올리브영,스킨케어,따끔함,1
올리브영,스킨케어,주신,1
올리브영,스킨케어,티존,1
올리브영,스킨케어,멀,1
올리브영,스킨케어,미나,1
올리브영,스킨케어,당근,1
올리브영,스킨케어,뿌듯하게,1
올리브영,스킨케어,옆,1
올리브영,스킨케어,초여름,1
올리브영,스킨케어,없었을,1
올리브영,스킨케어,있게,1
올리브영,스킨케어,코쪽,1
올리브영,스킨케어,좋넹,1
올리브영,스킨케어,괜찮습니다,1
올리브영,스킨케어,리프팅세럼,1
올리브영,스킨케어,딱좋아요,1
올리브영,스킨케어,정품,1
올리브영,스킨케어,잘쓸껭,1
올리브영,스킨케어,만이,1
올리브영,스킨케어,소이,1
올리브영,스킨케어,비슷하면서도,1
올리브영,스킨케어,높고,1
올리브영,스킨케어,없다,1
올리브영,스킨케어,빠르다,1
올리브영,스킨케어,많다,1
올리브영,스킨케어,좋드,1
올리브영,스킨케어,겨좀,1
올리브영,스킨케어,부작용,1
올리브영,스킨케어,성함,1
올리브영,스킨케어,수렴,1
올리브영,스킨케어,거수,1
올리브영,스킨케어,품세,1
올리브영,스킨케어,광채,1
올리브영,스킨케어,구멍,1
올리브영,스킨케어,다채롭,1
올리브영,스킨케어,배합,1
올리브영,스킨케어,분석,1
올리브영,스킨케어,없었음,1
올리브영,스킨케어,인공,1
올리브영,스킨케어,쟁일것,1
올리브영,스킨케어,형용,1
올리브영,스킨케어,힘들지만,1
올리브영,스킨케어,신기해요,1
올리브영,스킨케어,플럼핑,1
올리브영,스킨케어,끔찍했음,1
올리브영,스킨케어,빠름,1
올리브영,스킨케어,괜찮았음,1
올리브영,스킨케어,꾸준한,1
올리브영,스킨케어,권,1
올리브영,스킨케어,좋을가,1
올리브영,스킨케어,쫜득,1
올리브영,스킨케어,원하고,1
올리브영,스킨케어,세로,1
올리브영,스킨케어,들드라구,1
올리브영,스킨케어,켄,1
올리브영,스킨케어,좋을거라,1
올리브영,스킨케어,생략,1
올리브영,스킨케어,어무,1
올리브영,스킨케어,필름,1
올리브영,스킨케어,중반,1
올리브영,스킨케어,처지,1
올리브영,스킨케어,두드러져,1
올리브영,스킨케어,취저라구,1
올리브영,스킨케어,촉촉하,1
올리브영,스킨케어,대여,1
올리브영,스킨케어,분도,1
올리브영,스킨케어,채,1
올리브영,스킨케어,건조하시,1
올리브영,스킨케어,부,1
올리브영,스킨케어,스팅,1
올리브영,스킨케어,묽긴한데,1
올리브영,스킨케어,있길요,1
올리브영,스킨케어,피뷰,1
올리브영,스킨케어,부들부들,1
올리브영,스킨케어,탁월해요,1
올리브영,스킨케어,코스,1
올리브영,스킨케어,엑스,1
올리브영,스킨케어,오일이,1
올리브영,스킨케어,썽,1
올리브영,스킨케어,좋았으면,1
올리브영,스킨케어,있진,1
올리브영,스킨케어,방지,1
올리브영,스킨케어,있겠,1
올리브영,스킨케어,하보럽,1
올리브영,스킨케어,용하기에,1
올리브영,스킨케어,셋트,1
올리브영,스킨케어,반신반의,1
올리브영,스킨케어,쟁겨,1
올리브영,스킨케어,좋다는데,1
올리브영,스킨케어,나쁘지만,1
올리브영,스킨케어,안좋고,1
올리브영,스킨케어,굳귿굳,1
올리브영,스킨케어,웅옹융,1
올리브영,스킨케어,부족하다,1
올리브영,스킨케어,그러는데,1
올리브영,스킨케어,이럼,1
올리브영,스킨케어,그럼,1
올리브영,스킨케어,팔자,1
올리브영,스킨케어,중점,1
올리브영,스킨케어,뭉치,1
올리브영,스킨케어,용했는데,1
올리브영,스킨케어,게리,1
올리브영,스킨케어,딥샷세럼,1
올리브영,스킨케어,지배,1
올리브영,스킨케어,일부,1
올리브영,스킨케어,높습니다,1
올리브영,스킨케어,있었는데요,1
올리브영,스킨케어,그러던,1
올리브영,스킨케어,높이,1
올리브영,스킨케어,잔,1
올리브영,스킨케어,건조하진,1
올리브영,스킨케어,효능,1
올리브영,스킨케어,많다고,1
올리브영,스킨케어,가량,1
올리브영,스킨케어,편안해,1
올리브영,스킨케어,픔,1
올리브영,스킨케어,양감,1
올리브영,스킨케어,칭구,1
올리브영,스킨케어,뎅,1
올리브영,스킨케어,조어,1
올리브영,스킨케어,있을까,1
올리브영,스킨케어,폰,1
올리브영,스킨케어,도중,1
올리브영,스킨케어,임지연,1
올리브영,스킨케어,배우,1
올리브영,스킨케어,바쁘고,1
올리브영,스킨케어,뿐이었다,1
올리브영,스킨케어,속상해서,1
올리브영,스킨케어,직전,1
올리브영,스킨케어,급한,1
올리브영,스킨케어,팩토,1
올리브영,스킨케어,신기하다,1
올리브영,스킨케어,신세계,1
올리브영,스킨케어,시원하고,1
올리브영,스킨케어,글구,1
올리브영,스킨케어,햅삐,1
올리브영,스킨케어,추하고,1
올리브영,스킨케어,날로,1
올리브영,스킨케어,매가,1
올리브영,스킨케어,젤리,1
올리브영,스킨케어,톡,1
올리브영,스킨케어,진행,1
올리브영,스킨케어,방식,1
올리브영,스킨케어,극명하게,1
올리브영,스킨케어,부족하고,1
올리브영,스킨케어,히아루론산,1
올리브영,스킨케어,센텔,1
올리브영,스킨케어,리안,1
올리브영,스킨케어,데카,1
올리브영,스킨케어,시브,1
올리브영,스킨케어,어떠한,1
올리브영,스킨케어,주지,1
올리브영,스킨케어,뾰,1
올리브영,스킨케어,루지,1
올리브영,스킨케어,오픈,1
올리브영,스킨케어,밍,1
올리브영,스킨케어,자세한,1
올리브영,스킨케어,쪼만,1
올리브영,스킨케어,블랙,1
올리브영,스킨케어,헤드,1
올리브영,스킨케어,싫어할,1
올리브영,스킨케어,케이스,1
올리브영,스킨케어,예뻐지고,1
올리브영,스킨케어,입자,1
올리브영,스킨케어,가능해서,1
올리브영,스킨케어,한살이,1
올리브영,스킨케어,젊은,1
올리브영,스킨케어,았습니,1
올리브영,스킨케어,마사지,1
올리브영,스킨케어,더시,1
올리브영,스킨케어,송인,1
올리브영,스킨케어,필요합니다,1
올리브영,스킨케어,재품,1
올리브영,스킨케어,송,1
올리브영,스킨케어,보이지,1
올리브영,스킨케어,균일하고,1
올리브영,스킨케어,매끄럽습니다,1
올리브영,스킨케어,업그레이드,1
올리브영,스킨케어,또한,1
올리브영,스킨케어,어떤지,1
올리브영,스킨케어,콧물정,1
올리브영,스킨케어,촉촏해,1
올리브영,스킨케어,많지는,1
올리브영,스킨케어,넏,1
올리브영,스킨케어,그래요,1
올리브영,스킨케어,특템,1
올리브영,스킨케어,굿추,1
올리브영,스킨케어,금세,1
올리브영,스킨케어,아니에,1
올리브영,스킨케어,단연,1
올리브영,스킨케어,앰플류,1
올리브영,스킨케어,땨,1
올리브영,스킨케어,보로,1
올리브영,스킨케어,야무지게,1
올리브영,스킨케어,진하지,1
올리브영,스킨케어,거부,1
올리브영,스킨케어,여자,1
올리브영,스킨케어,성,1
올리브영,스킨케어,한전,1
올리브영,스킨케어,시원합니다,1
올리브영,스킨케어,시원합니,1
올리브영,스킨케어,강합니다,1
올리브영,스킨케어,혜자,1
올리브영,스킨케어,부드러워지는,1
올리브영,스킨케어,크러블,1
올리브영,스킨케어,외,1
올리브영,스킨케어,좋아하세요,1
올리브영,스킨케어,새로,1
올리브영,스킨케어,직해서,1
올리브영,스킨케어,좋아하셔서,1
올리브영,스킨케어,만족한다고,1
올리브영,스킨케어,저렴하고,1
올리브영,스킨케어,로만,1
올리브영,스킨케어,에드,1
올리브영,스킨케어,그래두,1
올리브영,스킨케어,넘치는게,1
올리브영,스킨케어,이신,1
올리브영,스킨케어,본인,1
올리브영,스킨케어,같다고,1
올리브영,스킨케어,보완,1
올리브영,스킨케어,당시,1
올리브영,스킨케어,살작,1
올리브영,스킨케어,화끈,1
올리브영,스킨케어,같더니,1
올리브영,스킨케어,귀여워서,1
올리브영,스킨케어,고촉,1
올리브영,스킨케어,촉,1
올리브영,스킨케어,투명합니다,1
올리브영,스킨케어,귀여워요,1
올리브영,스킨케어,전과,1
올리브영,스킨케어,잡기,1
올리브영,스킨케어,흐릿해,1
올리브영,스킨케어,두시,1
올리브영,스킨케어,귀여웠어,1
올리브영,스킨케어,어렵고,1
올리브영,스킨케어,괜찮,1
올리브영,스킨케어,넘엇어,1
올리브영,스킨케어,귀찮을,1
올리브영,스킨케어,번천,1
올리브영,스킨케어,청귱,1
올리브영,스킨케어,게디,1
올리브영,스킨케어,쟁여,1
올리브영,스킨케어,뾸,1
올리브영,스킨케어,간다,1
올리브영,스킨케어,지겨워진,1
올리브영,스킨케어,오직,1
올리브영,스킨케어,플라시보,1
올리브영,스킨케어,같기도,1
올리브영,스킨케어,있기를,1
올리브영,스킨케어,기대합니,1
올리브영,스킨케어,쏙쏙,1
올리브영,스킨케어,환한,1
올리브영,스킨케어,거듭,1
올리브영,스킨케어,평판,1
올리브영,스킨케어,환해졌어,1
올리브영,스킨케어,이상하게도,1
올리브영,스킨케어,강하게,1
올리브영,스킨케어,작동,1
올리브영,스킨케어,뽀얗게,1
올리브영,스킨케어,넓어서,1
올리브영,스킨케어,있다는,1
올리브영,스킨케어,옅은,1
올리브영,스킨케어,흉터,1
올리브영,스킨케어,시험,1
올리브영,스킨케어,감상,1
올리브영,스킨케어,가깝다,1
올리브영,스킨케어,있지는,1
올리브영,스킨케어,비포,1
올리브영,스킨케어,애프터,1
올리브영,스킨케어,표현,1
올리브영,스킨케어,타인,1
올리브영,스킨케어,어렵습니다,1
올리브영,스킨케어,소소한,1
올리브영,스킨케어,금고,1
올리브영,스킨케어,습관,1
올리브영,스킨케어,같았어요,1
올리브영,스킨케어,용하고있어,1
올리브영,스킨케어,이세,1
올리브영,스킨케어,건조해져요,1
올리브영,스킨케어,저서,1
올리브영,스킨케어,결정,1
올리브영,스킨케어,열흘,1
올리브영,스킨케어,샴푸,1
올리브영,스킨케어,피죤,1
올리브영,스킨케어,세제,1
올리브영,스킨케어,막상,1
올리브영,스킨케어,쓰레기,1
올리브영,스킨케어,빠르면은,1
올리브영,스킨케어,기대하게,1
올리브영,스킨케어,편해서,1
올리브영,스킨케어,기회,1
올리브영,스킨케어,좋을지,1
올리브영,스킨케어,나은,1
올리브영,스킨케어,앞서,1
올리브영,스킨케어,무리,1
올리브영,스킨케어,먹음,1
올리브영,스킨케어,편도,1
올리브영,스킨케어,만족스러웠,1
올리브영,스킨케어,화색,1
올리브영,스킨케어,불편하거나,1
올리브영,스킨케어,없었어여,1
올리브영,스킨케어,많은데는,1
올리브영,스킨케어,있슴,1
올리브영,스킨케어,얄듯해,1
올리브영,스킨케어,덜한듯,1
올리브영,스킨케어,맑아지고,1
올리브영,스킨케어,환해지는거,1
올리브영,스킨케어,많았던,1
올리브영,스킨케어,옅어지긴,1
올리브영,스킨케어,프로모션,1
올리브영,스킨케어,깔끔해서,1
올리브영,스킨케어,건조해지고,1
올리브영,스킨케어,유명하다길래,1
올리브영,스킨케어,누구,1
올리브영,스킨케어,비슷해서,1
올리브영,스킨케어,옅어지지,1
올리브영,스킨케어,씨,1
올리브영,스킨케어,자외선,1
올리브영,스킨케어,차단,1
올리브영,스킨케어,덩달아,1
올리브영,스킨케어,손등,1
올리브영,스킨케어,세월,1
올리브영,스킨케어,단종,1
올리브영,스킨케어,투성이,1
올리브영,스킨케어,어렵지만,1
올리브영,스킨케어,색,1
올리브영,스킨케어,행복해요,1
올리브영,스킨케어,잘맞으면,1
올리브영,스킨케어,주근,1
올리브영,스킨케어,마르,1
올리브영,스킨케어,치,1
올리브영,스킨케어,이키,1
올리브영,스킨케어,덕후,1
올리브영,스킨케어,편한거,1
올리브영,스킨케어,칙칙하게,1
올리브영,스킨케어,유도,1
올리브영,스킨케어,항산화,1
올리브영,스킨케어,돗마,1
올리브영,스킨케어,자마자,1
올리브영,스킨케어,가방,1
올리브영,스킨케어,있더라고요,1
올리브영,스킨케어,잡티돚생각,1
올리브영,스킨케어,충격,1
올리브영,스킨케어,순하구요,1
올리브영,스킨케어,좋겠지,1
올리브영,스킨케어,좋슺니,1
올리브영,스킨케어,환해지더라,1
올리브영,스킨케어,거여,1
올리브영,스킨케어,미첬,1
올리브영,스킨케어,으므므믐믐,1
올리브영,스킨케어,좋다길래,1
올리브영,스킨케어,곤데,1
올리브영,스킨케어,라서,1
올리브영,스킨케어,이진,1
올리브영,스킨케어,격일,1
올리브영,스킨케어,기기,1
올리브영,스킨케어,곤,1
올리브영,스킨케어,단발,1
올리브영,스킨케어,유명한거,1
올리브영,스킨케어,철통,1
올리브영,스킨케어,불편했구요,1
올리브영,스킨케어,드림,1
올리브영,스킨케어,정확히는,1
올리브영,스킨케어,애매,1
올리브영,스킨케어,불가능하고,1
올리브영,스킨케어,애매한,1
올리브영,스킨케어,탕,1
올리브영,스킨케어,있을지는,1
올리브영,스킨케어,귤향,1
올리브영,스킨케어,과대,1
올리브영,스킨케어,팔만원,1
올리브영,스킨케어,무쌤플,1
올리브영,스킨케어,슬퍼,1
올리브영,스킨케어,같으나,1
올리브영,스킨케어,칙칙하다고,1
올리브영,스킨케어,공병,1
올리브영,스킨케어,새,1
올리브영,스킨케어,걸쭉한,1
올리브영,스킨케어,감귤류,1
올리브영,스킨케어,향기롭내요,1
올리브영,스킨케어,오케,1
올리브영,스킨케어,잡티세럼,1
올리브영,스킨케어,좋지,1
올리브영,스킨케어,미세하게,1
올리브영,스킨케어,미비하게,1
올리브영,스킨케어,푸석푸석할,1
올리브영,스킨케어,맨,1
올리브영,스킨케어,말랑해요,1
올리브영,스킨케어,부담스러울,1
올리브영,스킨케어,샤이샤이,1
올리브영,스킨케어,컨실,1
올리브영,스킨케어,로우,1
올리브영,스킨케어,보구,1
올리브영,스킨케어,썻어,1
올리브영,스킨케어,삿구,1
올리브영,스킨케어,오타쿠,1
올리브영,스킨케어,삿어,1
올리브영,스킨케어,귀여워여,1
올리브영,스킨케어,모양,1
올리브영,스킨케어,지퍼,1
올리브영,스킨케어,썻,1
올리브영,스킨케어,구린데,1
올리브영,스킨케어,광도,1
올리브영,스킨케어,팔,1
올리브영,스킨케어,연해졌어,1
올리브영,스킨케어,안좋,1
올리브영,스킨케어,거가,1
올리브영,스킨케어,안된느,1
올리브영,스킨케어,있는진,1
올리브영,스킨케어,오래되지,1
올리브영,스킨케어,환해진것,1
올리브영,스킨케어,레이저,1
올리브영,스킨케어,품통,1
올리브영,스킨케어,분해,1
올리브영,스킨케어,주의,1
올리브영,스킨케어,서서히,1
올리브영,스킨케어,유명하잖아요,1
올리브영,스킨케어,단어,1
올리브영,스킨케어,따로따로,1
올리브영,스킨케어,실수,1
올리브영,스킨케어,잇엇음,1
올리브영,스킨케어,예정일,1
올리브영,스킨케어,문의,1
올리브영,스킨케어,움직임,1
올리브영,스킨케어,을해,1
올리브영,스킨케어,기전,1
올리브영,스킨케어,뎄,1
올리브영,스킨케어,어느새,1
올리브영,스킨케어,연해졌어요,1
올리브영,스킨케어,엠픔,1
올리브영,스킨케어,환해지고,1
올리브영,스킨케어,오돌토돌한,1
올리브영,스킨케어,연해지고,1
올리브영,스킨케어,가면,1
올리브영,스킨케어,많은건,1
올리브영,스킨케어,없었으나,1
올리브영,스킨케어,유투브,1
올리브영,스킨케어,언급,1
올리브영,스킨케어,먄,1
올리브영,스킨케어,힘들었었는데,1
올리브영,스킨케어,없었네요,1
올리브영,스킨케어,쓰려구,1
올리브영,스킨케어,찐득한,1
올리브영,스킨케어,찐득하면,1
올리브영,스킨케어,없구,1
올리브영,스킨케어,이기,1
올리브영,스킨케어,연해,1
올리브영,스킨케어,따끔거릴,1
올리브영,스킨케어,충분했어용,1
올리브영,스킨케어,착각,1
올리브영,스킨케어,파우더,1
올리브영,스킨케어,처리,1
올리브영,스킨케어,하얀,1
올리브영,스킨케어,투명해지,1
올리브영,스킨케어,더리,1
올리브영,스킨케어,따끔한,1
올리브영,스킨케어,예민히더라고요,1
올리브영,스킨케어,이니스프리,1
올리브영,스킨케어,그린티,1
올리브영,스킨케어,자임,1
올리브영,스킨케어,건조하긴하는데,1
올리브영,스킨케어,없으니까,1
올리브영,스킨케어,원하시면,1
올리브영,스킨케어,용하기,1
올리브영,스킨케어,맑아진거,1
올리브영,스킨케어,듀,1
올리브영,스킨케어,같지,1
올리브영,스킨케어,쫀쫀한,1
올리브영,스킨케어,조은,1
올리브영,스킨케어,가볍긴,1
올리브영,스킨케어,얼굴빛,1
올리브영,스킨케어,환해,1
올리브영,스킨케어,계,1
올리브영,스킨케어,세용,1
올리브영,스킨케어,안좋다고,1
올리브영,스킨케어,느거,1
올리브영,스킨케어,오레,1
올리브영,스킨케어,뭃거,1
올리브영,스킨케어,산뜻하네요,1
올리브영,스킨케어,연말,1
올리브영,스킨케어,저렴히,1
올리브영,스킨케어,첨,1
올리브영,스킨케어,거린,1
올리브영,스킨케어,없더라,1
올리브영,스킨케어,잘맞고,1
올리브영,스킨케어,봄여름가을겨울,1
올리브영,스킨케어,자도,1
올리브영,스킨케어,라포,1
올리브영,스킨케어,슈포제,1
올리브영,스킨케어,붉은,1
올리브영,스킨케어,레티놀세일,1
올리브영,스킨케어,성품,1
올리브영,스킨케어,러,1
올리브영,스킨케어,좋운듯,1
올리브영,스킨케어,뢔,1
올리브영,스킨케어,꾼,1
올리브영,스킨케어,어,1
올리브영,스킨케어,두운,1
올리브영,스킨케어,화사해졌어요,1
올리브영,스킨케어,귤,1
올리브영,스킨케어,의향,1
올리브영,스킨케어,있겠지,1
올리브영,스킨케어,찐득하지만,1
올리브영,스킨케어,있거나,1
올리브영,스킨케어,알뜰하게,1
올리브영,베이스메이크업,피부,305
올리브영,베이스메이크업,미스트,263
올리브영,베이스메이크업,분사,211
올리브영,베이스메이크업,화장,161
올리브영,베이스메이크업,향,122
올리브영,베이스메이크업,메이크업,120
올리브영,베이스메이크업,뿌리,112
올리브영,베이스메이크업,안개,100
올리브영,베이스메이크업,얼굴,97
올리브영,베이스메이크업,보습,95
올리브영,베이스메이크업,후,91
올리브영,베이스메이크업,달바,89
올리브영,베이스메이크업,지속,78
올리브영,베이스메이크업,느낌,75
올리브영,베이스메이크업,좋아,69
올리브영,베이스메이크업,습,68
올리브영,베이스메이크업,추천,65
올리브영,베이스메이크업,픽서,64
올리브영,베이스메이크업,픽,62
올리브영,베이스메이크업,건성,60
올리브영,베이스메이크업,수분,59
올리브영,베이스메이크업,전,57
올리브영,베이스메이크업,흡수,53
올리브영,베이스메이크업,겨울,50
올리브영,베이스메이크업,유지,50
올리브영,베이스메이크업,자극,49
올리브영,베이스메이크업,효과,47
올리브영,베이스메이크업,용량,45
올리브영,베이스메이크업,템,45
올리브영,베이스메이크업,럼,44
올리브영,베이스메이크업,같아,41
올리브영,베이스메이크업,확실히,40
올리브영,베이스메이크업,바로,39
올리브영,베이스메이크업,스프레이,39
올리브영,베이스메이크업,정도,38
올리브영,베이스메이크업,선물,37
올리브영,베이스메이크업,촉촉하고,36
올리브영,베이스메이크업,있어,36
올리브영,베이스메이크업,그냥,36
올리브영,베이스메이크업,건조할,35
올리브영,베이스메이크업,마음에 들다,35
올리브영,베이스메이크업,친구,35
올리브영,베이스메이크업,항상,32
올리브영,베이스메이크업,스킨,31
올리브영,베이스메이크업,케어,31
올리브영,베이스메이크업,감,31
올리브영,베이스메이크업,다른,30
올리브영,베이스메이크업,분,30
올리브영,베이스메이크업,자주,30
올리브영,베이스메이크업,베이스,30
올리브영,베이스메이크업,지성,30
올리브영,베이스메이크업,걸,30
올리브영,베이스메이크업,없고,30
올리브영,베이스메이크업,냄새,29
올리브영,베이스메이크업,완전,28
올리브영,베이스메이크업,여름,28
올리브영,베이스메이크업,리뷰,28
올리브영,베이스메이크업,고정,28
올리브영,베이스메이크업,꼭,26
올리브영,베이스메이크업,기름,25
올리브영,베이스메이크업,용,25
올리브영,베이스메이크업,건조한,25
올리브영,베이스메이크업,좋다고,24
올리브영,베이스메이크업,내추럴,24
올리브영,베이스메이크업,노란색,24
올리브영,베이스메이크업,기초,23
올리브영,베이스메이크업,복합,23
올리브영,베이스메이크업,입니,23
올리브영,베이스메이크업,기분,23
올리브영,베이스메이크업,시간,23
올리브영,베이스메이크업,단계,22
올리브영,베이스메이크업,계속,22
올리브영,베이스메이크업,진정,22
올리브영,베이스메이크업,타입,22
올리브영,베이스메이크업,집,22
올리브영,베이스메이크업,같은,21
올리브영,베이스메이크업,편이,21
올리브영,베이스메이크업,엄마,21
올리브영,베이스메이크업,최고,21
올리브영,베이스메이크업,통,21
올리브영,베이스메이크업,그,20
올리브영,베이스메이크업,가볍게,20
올리브영,베이스메이크업,세안,19
올리브영,베이스메이크업,광,19
올리브영,베이스메이크업,촉촉해서,19
올리브영,베이스메이크업,의사,19
올리브영,베이스메이크업,때문,18
올리브영,베이스메이크업,가장,18
올리브영,베이스메이크업,도움,18
올리브영,베이스메이크업,있는데,18
올리브영,베이스메이크업,막,18
올리브영,베이스메이크업,덜,18
올리브영,베이스메이크업,마지막,18
올리브영,베이스메이크업,기획,18
올리브영,베이스메이크업,약간,17
올리브영,베이스메이크업,성분,17
올리브영,베이스메이크업,살짝,17
올리브영,베이스메이크업,무난,17
올리브영,베이스메이크업,상태,17
올리브영,베이스메이크업,브랜드,17
올리브영,베이스메이크업,건조,16
올리브영,베이스메이크업,부담스럽지 않은,16
올리브영,베이스메이크업,뭐,16
올리브영,베이스메이크업,다시,16
올리브영,베이스메이크업,마무리,16
올리브영,베이스메이크업,없어서,16
올리브영,베이스메이크업,겨울철,16
올리브영,베이스메이크업,건조해서,16
올리브영,베이스메이크업,요즘,16
올리브영,베이스메이크업,다만,16
올리브영,베이스메이크업,건,16
올리브영,베이스메이크업,내,16
올리브영,베이스메이크업,말,16
올리브영,베이스메이크업,별로,16
올리브영,베이스메이크업,양도,16
올리브영,베이스메이크업,차이,16
올리브영,베이스메이크업,사라,16
올리브영,베이스메이크업,금방,15
올리브영,베이스메이크업,부지,15
올리브영,베이스메이크업,만족,15
올리브영,베이스메이크업,필수,15
올리브영,베이스메이크업,있,15
올리브영,베이스메이크업,쿠션,15
올리브영,베이스메이크업,통째,15
올리브영,베이스메이크업,할인,15
올리브영,베이스메이크업,그대로,15
올리브영,베이스메이크업,차앤박,15
올리브영,베이스메이크업,합,14
올리브영,베이스메이크업,고민,14
올리브영,베이스메이크업,부분,14
올리브영,베이스메이크업,에센스,14
올리브영,베이스메이크업,앰플,14
올리브영,베이스메이크업,퍼프,14
올리브영,베이스메이크업,물,14
올리브영,베이스메이크업,유명한,14
올리브영,베이스메이크업,꽤,14
올리브영,베이스메이크업,트러블,14
올리브영,베이스메이크업,날,14
올리브영,베이스메이크업,데이,14
올리브영,베이스메이크업,파우더,14
올리브영,베이스메이크업,해,13
올리브영,베이스메이크업,거의,13
올리브영,베이스메이크업,이건,13
올리브영,베이스메이크업,크림,13
올리브영,베이스메이크업,역시,13
올리브영,베이스메이크업,사무실,13
올리브영,베이스메이크업,게,13
올리브영,베이스메이크업,순하고,13
올리브영,베이스메이크업,세수,13
올리브영,베이스메이크업,이런,13
올리브영,베이스메이크업,미스,13
올리브영,베이스메이크업,샤워,13
올리브영,베이스메이크업,마스크,13
올리브영,베이스메이크업,좋은데,13
올리브영,베이스메이크업,도,12
올리브영,베이스메이크업,개선,12
올리브영,베이스메이크업,만족합니다,12
올리브영,베이스메이크업,화이트,12
올리브영,베이스메이크업,촉촉한,12
올리브영,베이스메이크업,지금,12
올리브영,베이스메이크업,가벼운,12
올리브영,베이스메이크업,민감,12
올리브영,베이스메이크업,만족합니,12
올리브영,베이스메이크업,날씨,12
올리브영,베이스메이크업,두,12
올리브영,베이스메이크업,손,12
올리브영,베이스메이크업,단점,12
올리브영,베이스메이크업,점,12
올리브영,베이스메이크업,하루,12
올리브영,베이스메이크업,종일,12
올리브영,베이스메이크업,아침,12
올리브영,베이스메이크업,편,11
올리브영,베이스메이크업,아니라,11
올리브영,베이스메이크업,히터,11
올리브영,베이스메이크업,개인,11
올리브영,베이스메이크업,재,11
올리브영,베이스메이크업,빠르고,11
올리브영,베이스메이크업,주문,11
올리브영,베이스메이크업,빠르게,11
올리브영,베이스메이크업,많고,11
올리브영,베이스메이크업,촉촉하게,11
올리브영,베이스메이크업,얘,11
올리브영,베이스메이크업,전체,11
올리브영,베이스메이크업,없으면,11
올리브영,베이스메이크업,가성비,11
올리브영,베이스메이크업,노랑,11
올리브영,베이스메이크업,보,10
올리브영,베이스메이크업,아니고,10
올리브영,베이스메이크업,악,10
올리브영,베이스메이크업,함,10
올리브영,베이스메이크업,평소,10
올리브영,베이스메이크업,공급,10
올리브영,베이스메이크업,이제,10
올리브영,베이스메이크업,워낙,10
올리브영,베이스메이크업,적,10
올리브영,베이스메이크업,저렴하게,10
올리브영,베이스메이크업,예전,10
올리브영,베이스메이크업,동안,10
올리브영,베이스메이크업,중간,10
올리브영,베이스메이크업,행사,10
올리브영,베이스메이크업,사실,10
올리브영,베이스메이크업,사람,10
올리브영,베이스메이크업,좋을,10
올리브영,베이스메이크업,수정,10
올리브영,베이스메이크업,코,10
올리브영,베이스메이크업,좋았어요,10
올리브영,베이스메이크업,회사,9
올리브영,베이스메이크업,분기,9
올리브영,베이스메이크업,충전,9
올리브영,베이스메이크업,트러플,9
올리브영,베이스메이크업,뒤,9
올리브영,베이스메이크업,뭔가,9
올리브영,베이스메이크업,끈,9
올리브영,베이스메이크업,내내,9
올리브영,베이스메이크업,꾸준히,9
올리브영,베이스메이크업,광채,9
올리브영,베이스메이크업,이유,9
올리브영,베이스메이크업,팩,9
올리브영,베이스메이크업,비교,9
올리브영,베이스메이크업,같고,9
올리브영,베이스메이크업,유명해서,9
올리브영,베이스메이크업,대비,9
올리브영,베이스메이크업,영,9
올리브영,베이스메이크업,아이,9
올리브영,베이스메이크업,탑,9
올리브영,베이스메이크업,임,9
올리브영,베이스메이크업,못,9
올리브영,베이스메이크업,외출,9
올리브영,베이스메이크업,사진,9
올리브영,베이스메이크업,커서,9
올리브영,베이스메이크업,순해서,8
올리브영,베이스메이크업,화장실,8
올리브영,베이스메이크업,형태,8
올리브영,베이스메이크업,건조함이,8
올리브영,베이스메이크업,밀착,8
올리브영,베이스메이크업,있을,8
올리브영,베이스메이크업,사계절,8
올리브영,베이스메이크업,아니지만,8
올리브영,베이스메이크업,없어요,8
올리브영,베이스메이크업,눈,8
올리브영,베이스메이크업,추,8
올리브영,베이스메이크업,볼,8
올리브영,베이스메이크업,알,8
올리브영,베이스메이크업,괜찮고,8
올리브영,베이스메이크업,많아서,8
올리브영,베이스메이크업,장점,8
올리브영,베이스메이크업,각질,8
올리브영,베이스메이크업,가볍고,8
올리브영,베이스메이크업,인생,8
올리브영,베이스메이크업,걱정,8
올리브영,베이스메이크업,더블,8
올리브영,베이스메이크업,픽싱,8
올리브영,베이스메이크업,첫,8
올리브영,베이스메이크업,색조,8
올리브영,베이스메이크업,표현,8
올리브영,베이스메이크업,안해,8
올리브영,베이스메이크업,프로폴리스,8
올리브영,베이스메이크업,곱,7
올리브영,베이스메이크업,여드름,7
올리브영,베이스메이크업,용감,7
올리브영,베이스메이크업,토너,7
올리브영,베이스메이크업,파운데이션,7
올리브영,베이스메이크업,적당한,7
올리브영,베이스메이크업,올리브영,7
올리브영,베이스메이크업,촉촉하니,7
올리브영,베이스메이크업,정착,7
올리브영,베이스메이크업,패키지,7
올리브영,베이스메이크업,좋아여,7
올리브영,베이스메이크업,바람,7
올리브영,베이스메이크업,은은한,7
올리브영,베이스메이크업,사이즈,7
올리브영,베이스메이크업,아니,7
올리브영,베이스메이크업,호불호,7
올리브영,베이스메이크업,미세한,7
올리브영,베이스메이크업,층,7
올리브영,베이스메이크업,건조함,7
올리브영,베이스메이크업,년,7
올리브영,베이스메이크업,왜,7
올리브영,베이스메이크업,디케이,7
올리브영,베이스메이크업,또한,7
올리브영,베이스메이크업,고정력,7
올리브영,베이스메이크업,확,7
올리브영,베이스메이크업,존,7
올리브영,베이스메이크업,건조해져서,7
올리브영,베이스메이크업,앞,7
올리브영,베이스메이크업,머리,7
올리브영,베이스메이크업,나쁘지,7
올리브영,베이스메이크업,건조하지,7
올리브영,베이스메이크업,핑크,7
올리브영,베이스메이크업,저렴하고,7
올리브영,베이스메이크업,이탈,7
올리브영,베이스메이크업,사가,6
올리브영,베이스메이크업,고루,6
올리브영,베이스메이크업,참고,6
올리브영,베이스메이크업,생일,6
올리브영,베이스메이크업,무조건,6
올리브영,베이스메이크업,물광,6
올리브영,베이스메이크업,남편,6
올리브영,베이스메이크업,좋아용,6
올리브영,베이스메이크업,좋네,6
올리브영,베이스메이크업,솔직히,6
올리브영,베이스메이크업,영양,6
올리브영,베이스메이크업,옆,6
올리브영,베이스메이크업,디자인,6
올리브영,베이스메이크업,구성,6
올리브영,베이스메이크업,나중,6
올리브영,베이스메이크업,어머니,6
올리브영,베이스메이크업,이나,6
올리브영,베이스메이크업,건조하고,6
올리브영,베이스메이크업,그런,6
올리브영,베이스메이크업,몇,6
올리브영,베이스메이크업,기,6
올리브영,베이스메이크업,선크림,6
올리브영,베이스메이크업,밖,6
올리브영,베이스메이크업,칙,6
올리브영,베이스메이크업,거리,6
올리브영,베이스메이크업,주름,6
올리브영,베이스메이크업,아쉬운,6
올리브영,베이스메이크업,비건,6
올리브영,베이스메이크업,용도,6
올리브영,베이스메이크업,라면,6
올리브영,베이스메이크업,필요한,6
올리브영,베이스메이크업,환절기,6
올리브영,베이스메이크업,매일,6
올리브영,베이스메이크업,굿굿,6
올리브영,베이스메이크업,여러,6
올리브영,베이스메이크업,글,6
올리브영,베이스메이크업,같은데,6
올리브영,베이스메이크업,오늘,6
올리브영,베이스메이크업,어,6
올리브영,베이스메이크업,테스트,6
올리브영,베이스메이크업,매트,6
올리브영,베이스메이크업,누구,6
올리브영,베이스메이크업,난,6
올리브영,베이스메이크업,땀,6
올리브영,베이스메이크업,좋더라구요,6
올리브영,베이스메이크업,대신,6
올리브영,베이스메이크업,굿,6
올리브영,베이스메이크업,핑크색,6
올리브영,베이스메이크업,좋구요,6
올리브영,베이스메이크업,탄력,6
올리브영,베이스메이크업,분홍,6
올리브영,베이스메이크업,에스트,5
올리브영,베이스메이크업,라인,5
올리브영,베이스메이크업,우선,5
올리브영,베이스메이크업,굉장히,5
올리브영,베이스메이크업,화장품,5
올리브영,베이스메이크업,사면,5
올리브영,베이스메이크업,제거,5
올리브영,베이스메이크업,어떤,5
올리브영,베이스메이크업,은근,5
올리브영,베이스메이크업,아닌,5
올리브영,베이스메이크업,오후,5
올리브영,베이스메이크업,헤어,5
올리브영,베이스메이크업,최근,5
올리브영,베이스메이크업,동생,5
올리브영,베이스메이크업,쟁여두고 싶은,5
올리브영,베이스메이크업,잠시,5
올리브영,베이스메이크업,같,5
올리브영,베이스메이크업,산,5
올리브영,베이스메이크업,결,5
올리브영,베이스메이크업,건조해지는,5
올리브영,베이스메이크업,이상,5
올리브영,베이스메이크업,촉촉해,5
올리브영,베이스메이크업,오일이,5
올리브영,베이스메이크업,세,5
올리브영,베이스메이크업,미리,5
올리브영,베이스메이크업,로션,5
올리브영,베이스메이크업,촉촉해요,5
올리브영,베이스메이크업,편하고,5
올리브영,베이스메이크업,충분히,5
올리브영,베이스메이크업,있음,5
올리브영,베이스메이크업,자기,5
올리브영,베이스메이크업,포장,5
올리브영,베이스메이크업,깔끔한,5
올리브영,베이스메이크업,많은,5
올리브영,베이스메이크업,초,5
올리브영,베이스메이크업,장벽,5
올리브영,베이스메이크업,순간,5
올리브영,베이스메이크업,수도,5
올리브영,베이스메이크업,관리,5
올리브영,베이스메이크업,시,5
올리브영,베이스메이크업,특유,5
올리브영,베이스메이크업,심한,5
올리브영,베이스메이크업,오히려,5
올리브영,베이스메이크업,경험,5
올리브영,베이스메이크업,있었는데,5
올리브영,베이스메이크업,원료,5
올리브영,베이스메이크업,밀리,5
올리브영,베이스메이크업,로럴,5
올리브영,베이스메이크업,작은,5
올리브영,베이스메이크업,가끔,5
올리브영,베이스메이크업,은,5
올리브영,베이스메이크업,위,5
올리브영,베이스메이크업,레이어,5
올리브영,베이스메이크업,로우,5
올리브영,베이스메이크업,무엇,5
올리브영,베이스메이크업,없을,5
올리브영,베이스메이크업,강,5
올리브영,베이스메이크업,부드럽게,5
올리브영,베이스메이크업,번짐,5
올리브영,베이스메이크업,픽스,5
올리브영,베이스메이크업,사형,5
올리브영,베이스메이크업,무,5
올리브영,베이스메이크업,무향,5
올리브영,베이스메이크업,완성,5
올리브영,베이스메이크업,괜찮은,5
올리브영,베이스메이크업,저녁,5
올리브영,베이스메이크업,같아여,5
올리브영,베이스메이크업,세번,5
올리브영,베이스메이크업,품,5
올리브영,베이스메이크업,버전,5
올리브영,베이스메이크업,같습니다,5
올리브영,베이스메이크업,예민한,5
올리브영,베이스메이크업,넓게,5
올리브영,베이스메이크업,즉각,5
올리브영,베이스메이크업,물기,4
올리브영,베이스메이크업,마냥,4
올리브영,베이스메이크업,휴대,4
올리브영,베이스메이크업,건조함을,4
올리브영,베이스메이크업,그럴,4
올리브영,베이스메이크업,지성인,4
올리브영,베이스메이크업,주변,4
올리브영,베이스메이크업,아이템,4
올리브영,베이스메이크업,지인,4
올리브영,베이스메이크업,촉촉함이,4
올리브영,베이스메이크업,매장,4
올리브영,베이스메이크업,저렴한,4
올리브영,베이스메이크업,테,4
올리브영,베이스메이크업,수가,4
올리브영,베이스메이크업,건조하지도,4
올리브영,베이스메이크업,어떻게,4
올리브영,베이스메이크업,향기도,4
올리브영,베이스메이크업,며칠,4
올리브영,베이스메이크업,게다가,4
올리브영,베이스메이크업,신경,4
올리브영,베이스메이크업,아래,4
올리브영,베이스메이크업,마치,4
올리브영,베이스메이크업,부모님,4
올리브영,베이스메이크업,가을,4
올리브영,베이스메이크업,딱히,4
올리브영,베이스메이크업,다르게,4
올리브영,베이스메이크업,외,4
올리브영,베이스메이크업,방어,4
올리브영,베이스메이크업,해도,4
올리브영,베이스메이크업,김,4
올리브영,베이스메이크업,이전,4
올리브영,베이스메이크업,보통,4
올리브영,베이스메이크업,생기,4
올리브영,베이스메이크업,같음,4
올리브영,베이스메이크업,간편하게,4
올리브영,베이스메이크업,부위,4
올리브영,베이스메이크업,연출,4
올리브영,베이스메이크업,스,4
올리브영,베이스메이크업,기능,4
올리브영,베이스메이크업,없는,4
올리브영,베이스메이크업,적임,4
올리브영,베이스메이크업,승무원,4
올리브영,베이스메이크업,기간,4
올리브영,베이스메이크업,음,4
올리브영,베이스메이크업,비싼,4
올리브영,베이스메이크업,별,4
올리브영,베이스메이크업,촉촉,4
올리브영,베이스메이크업,무겁지,4
올리브영,베이스메이크업,짱,4
올리브영,베이스메이크업,모공,4
올리브영,베이스메이크업,새벽,4
올리브영,베이스메이크업,거울,4
올리브영,베이스메이크업,뛰어난,4
올리브영,베이스메이크업,뛰어나고,4
올리브영,베이스메이크업,고치,4
올리브영,베이스메이크업,답답함,4
올리브영,베이스메이크업,초안,4
올리브영,베이스메이크업,확실한,4
올리브영,베이스메이크업,입자,4
올리브영,베이스메이크업,기도,4
올리브영,베이스메이크업,현상,4
올리브영,베이스메이크업,절대,4
올리브영,베이스메이크업,만족해요,4
올리브영,베이스메이크업,민감한,4
올리브영,베이스메이크업,조아요,4
올리브영,베이스메이크업,백화점,4
올리브영,베이스메이크업,등,4
올리브영,베이스메이크업,체감,4
올리브영,베이스메이크업,땐,4
올리브영,베이스메이크업,굳이,4
올리브영,베이스메이크업,빨라요,4
올리브영,베이스메이크업,루틴,4
올리브영,베이스메이크업,밤,4
올리브영,베이스메이크업,팬,4
올리브영,베이스메이크업,산뜻한,4
올리브영,베이스메이크업,심지어,4
올리브영,베이스메이크업,이쁘게,4
올리브영,베이스메이크업,양,4
올리브영,베이스메이크업,보시,4
올리브영,베이스메이크업,구,4
올리브영,베이스메이크업,그런지,4
올리브영,베이스메이크업,그림,4
올리브영,베이스메이크업,몇번,4
올리브영,베이스메이크업,캐릭터,4
올리브영,베이스메이크업,형,4
올리브영,베이스메이크업,몸,4
올리브영,베이스메이크업,바디,4
올리브영,베이스메이크업,노란,4
올리브영,베이스메이크업,계절,4
올리브영,베이스메이크업,쏙,4
올리브영,베이스메이크업,제공,4
올리브영,베이스메이크업,당시,3
올리브영,베이스메이크업,수준,3
올리브영,베이스메이크업,중요한데,3
올리브영,베이스메이크업,편안하게,3
올리브영,베이스메이크업,잘못,3
올리브영,베이스메이크업,건조해지는데,3
올리브영,베이스메이크업,방법,3
올리브영,베이스메이크업,침,3
올리브영,베이스메이크업,있는게,3
올리브영,베이스메이크업,촉촉함,3
올리브영,베이스메이크업,패드,3
올리브영,베이스메이크업,좁쌀,3
올리브영,베이스메이크업,덕분,3
올리브영,베이스메이크업,숨,3
올리브영,베이스메이크업,돈,3
올리브영,베이스메이크업,시작,3
올리브영,베이스메이크업,기대,3
올리브영,베이스메이크업,있는데요,3
올리브영,베이스메이크업,편입,3
올리브영,베이스메이크업,강추,3
올리브영,베이스메이크업,반,3
올리브영,베이스메이크업,주로,3
올리브영,베이스메이크업,오일,3
올리브영,베이스메이크업,그거,3
올리브영,베이스메이크업,발라,3
올리브영,베이스메이크업,있다고,3
올리브영,베이스메이크업,전후,3
올리브영,베이스메이크업,이자,3
올리브영,베이스메이크업,얼마나,3
올리브영,베이스메이크업,소문,3
올리브영,베이스메이크업,인기,3
올리브영,베이스메이크업,없어,3
올리브영,베이스메이크업,톡톡,3
올리브영,베이스메이크업,고급스러운,3
올리브영,베이스메이크업,친,3
올리브영,베이스메이크업,여전히,3
올리브영,베이스메이크업,려고,3
올리브영,베이스메이크업,어머님께,3
올리브영,베이스메이크업,있으면,3
올리브영,베이스메이크업,현재,3
올리브영,베이스메이크업,천,3
올리브영,베이스메이크업,일반,3
올리브영,베이스메이크업,과정,3
올리브영,베이스메이크업,부드럽고,3
올리브영,베이스메이크업,속,3
올리브영,베이스메이크업,여,3
올리브영,베이스메이크업,편리하고,3
올리브영,베이스메이크업,향기,3
올리브영,베이스메이크업,하얗게,3
올리브영,베이스메이크업,진심,3
올리브영,베이스메이크업,귀여운,3
올리브영,베이스메이크업,겸,3
올리브영,베이스메이크업,관심,3
올리브영,베이스메이크업,같지,3
올리브영,베이스메이크업,저희,3
올리브영,베이스메이크업,결과,3
올리브영,베이스메이크업,괜찮더라구요,3
올리브영,베이스메이크업,한편,3
올리브영,베이스메이크업,괜찮았어요,3
올리브영,베이스메이크업,다가,3
올리브영,베이스메이크업,불호,3
올리브영,베이스메이크업,실내,3
올리브영,베이스메이크업,모두,3
올리브영,베이스메이크업,후반,3
올리브영,베이스메이크업,대한,3
올리브영,베이스메이크업,편리하게,3
올리브영,베이스메이크업,봄,3
올리브영,베이스메이크업,많은데,3
올리브영,베이스메이크업,쫀쫀하,3
올리브영,베이스메이크업,부족,3
올리브영,베이스메이크업,틈틈히,3
올리브영,베이스메이크업,은은하고,3
올리브영,베이스메이크업,산뜻하게,3
올리브영,베이스메이크업,만족스러운,3
올리브영,베이스메이크업,듭니,3
올리브영,베이스메이크업,피지,3
올리브영,베이스메이크업,언제,3
올리브영,베이스메이크업,설명,3
올리브영,베이스메이크업,유명,3
올리브영,베이스메이크업,테디,3
올리브영,베이스메이크업,만족도,3
올리브영,베이스메이크업,아쉬워서,3
올리브영,베이스메이크업,요런,3
올리브영,베이스메이크업,어디,3
올리브영,베이스메이크업,편하게,3
올리브영,베이스메이크업,클렌징,3
올리브영,베이스메이크업,같지만,3
올리브영,베이스메이크업,괜찮아,3
올리브영,베이스메이크업,가방,3
올리브영,베이스메이크업,건조한데,3
올리브영,베이스메이크업,취향,3
올리브영,베이스메이크업,아니라서,3
올리브영,베이스메이크업,정가,3
올리브영,베이스메이크업,괜찮음,3
올리브영,베이스메이크업,거부,3
올리브영,베이스메이크업,건조하거나,3
올리브영,베이스메이크업,만족스러워요,3
올리브영,베이스메이크업,같기도,3
올리브영,베이스메이크업,딱이에,3
올리브영,베이스메이크업,고,3
올리브영,베이스메이크업,침대,3
올리브영,베이스메이크업,예쁘게,3
올리브영,베이스메이크업,기준,3
올리브영,베이스메이크업,중요한,3
올리브영,베이스메이크업,공,3
올리브영,베이스메이크업,완료,3
올리브영,베이스메이크업,안착,3
올리브영,베이스메이크업,메이,3
올리브영,베이스메이크업,컵후,3
올리브영,베이스메이크업,귀가,3
올리브영,베이스메이크업,만족하게,3
올리브영,베이스메이크업,착해요,3
올리브영,베이스메이크업,탄탄한,3
올리브영,베이스메이크업,유지시,3
올리브영,베이스메이크업,켜,3
올리브영,베이스메이크업,재사용,3
올리브영,베이스메이크업,철벽,3
올리브영,베이스메이크업,완벽하게,3
올리브영,베이스메이크업,좋게,3
올리브영,베이스메이크업,끝,3
올리브영,베이스메이크업,썬크림,3
올리브영,베이스메이크업,쭉,3
올리브영,베이스메이크업,조,3
올리브영,베이스메이크업,급하게,3
올리브영,베이스메이크업,이마,3
올리브영,베이스메이크업,학교,3
올리브영,베이스메이크업,팁,3
올리브영,베이스메이크업,운동,3
올리브영,베이스메이크업,최,3
올리브영,베이스메이크업,특별히,3
올리브영,베이스메이크업,쫀쫀,3
올리브영,베이스메이크업,아닌데,3
올리브영,베이스메이크업,둘,3
올리브영,베이스메이크업,사시,3
올리브영,베이스메이크업,미세,3
올리브영,베이스메이크업,한지,3
올리브영,베이스메이크업,예뻐서,3
올리브영,베이스메이크업,없,3
올리브영,베이스메이크업,뭉치,3
올리브영,베이스메이크업,필요,3
올리브영,베이스메이크업,좋더라고요,3
올리브영,베이스메이크업,유통,3
올리브영,베이스메이크업,기한,3
올리브영,베이스메이크업,편해요,3
올리브영,베이스메이크업,애,3
올리브영,베이스메이크업,길,3
올리브영,베이스메이크업,용기,3
올리브영,베이스메이크업,총,3
올리브영,베이스메이크업,픽서쓰,3
올리브영,베이스메이크업,좀더,3
올리브영,베이스메이크업,괜찮아요,3
올리브영,베이스메이크업,강력,3
올리브영,베이스메이크업,병,3
올리브영,베이스메이크업,쿠팡,3
올리브영,베이스메이크업,케이스,3
올리브영,베이스메이크업,홍조,3
올리브영,베이스메이크업,불어,3
올리브영,베이스메이크업,시원한,3
올리브영,베이스메이크업,좋구,3
올리브영,베이스메이크업,있는지,3
올리브영,베이스메이크업,같아용,3
올리브영,베이스메이크업,뭐해,3
올리브영,베이스메이크업,사도,3
올리브영,베이스메이크업,좋아하는,3
올리브영,베이스메이크업,기존,3
올리브영,베이스메이크업,정,3
올리브영,베이스메이크업,미세하게,3
올리브영,베이스메이크업,강해서,3
올리브영,베이스메이크업,물이,3
올리브영,베이스메이크업,후회,3
올리브영,베이스메이크업,같은게,3
올리브영,베이스메이크업,짐,3
올리브영,베이스메이크업,제발,3
올리브영,베이스메이크업,최애,3
올리브영,베이스메이크업,나은,3
올리브영,베이스메이크업,용이,3
올리브영,베이스메이크업,아톰,3
올리브영,베이스메이크업,그게,3
올리브영,베이스메이크업,담,3
올리브영,베이스메이크업,귀여워요,3
올리브영,베이스메이크업,목,3
올리브영,베이스메이크업,열,3
올리브영,베이스메이크업,강한,3
올리브영,베이스메이크업,워터,3
올리브영,베이스메이크업,리해,3
올리브영,베이스메이크업,우수한,3
올리브영,베이스메이크업,검증,3
올리브영,베이스메이크업,윤기,3
올리브영,베이스메이크업,장미,3
올리브영,베이스메이크업,고급,3
올리브영,베이스메이크업,분홍색,3
올리브영,베이스메이크업,추출,3
올리브영,베이스메이크업,유명하잖아요,2
올리브영,베이스메이크업,체크,2
올리브영,베이스메이크업,안녕하세요,2
올리브영,베이스메이크업,무슨,2
올리브영,베이스메이크업,유수,2
올리브영,베이스메이크업,얇은,2
올리브영,베이스메이크업,있다,2
올리브영,베이스메이크업,아쉬워요,2
올리브영,베이스메이크업,적합한,2
올리브영,베이스메이크업,지도,2
올리브영,베이스메이크업,있긴,2
올리브영,베이스메이크업,에스트라,2
올리브영,베이스메이크업,로,2
올리브영,베이스메이크업,전달,2
올리브영,베이스메이크업,분도,2
올리브영,베이스메이크업,종류,2
올리브영,베이스메이크업,퍼스트,2
올리브영,베이스메이크업,톡,2
올리브영,베이스메이크업,예쁘고,2
올리브영,베이스메이크업,좋았어,2
올리브영,베이스메이크업,더욱,2
올리브영,베이스메이크업,니,2
올리브영,베이스메이크업,함유,2
올리브영,베이스메이크업,반짝,2
올리브영,베이스메이크업,자꾸,2
올리브영,베이스메이크업,해소,2
올리브영,베이스메이크업,기본,2
올리브영,베이스메이크업,빠른,2
올리브영,베이스메이크업,감사,2
올리브영,베이스메이크업,촥,2
올리브영,베이스메이크업,움,2
올리브영,베이스메이크업,닝,2
올리브영,베이스메이크업,좋다,2
올리브영,베이스메이크업,랄,2
올리브영,베이스메이크업,무겁고,2
올리브영,베이스메이크업,직원,2
올리브영,베이스메이크업,엄청난,2
올리브영,베이스메이크업,역할,2
올리브영,베이스메이크업,이쁜,2
올리브영,베이스메이크업,료,2
올리브영,베이스메이크업,괜,2
올리브영,베이스메이크업,만족해,2
올리브영,베이스메이크업,인상,2
올리브영,베이스메이크업,심플,2
올리브영,베이스메이크업,환경,2
올리브영,베이스메이크업,만족스러웠,2
올리브영,베이스메이크업,햇,2
올리브영,베이스메이크업,공병,2
올리브영,베이스메이크업,이상은,2
올리브영,베이스메이크업,화장전후,2
올리브영,베이스메이크업,리페,2
올리브영,베이스메이크업,아양,2
올리브영,베이스메이크업,민피,2
올리브영,베이스메이크업,강력하게,2
올리브영,베이스메이크업,그것,2
올리브영,베이스메이크업,택배,2
올리브영,베이스메이크업,편안한,2
올리브영,베이스메이크업,손가락,2
올리브영,베이스메이크업,통해,2
올리브영,베이스메이크업,붉은,2
올리브영,베이스메이크업,없었는데,2
올리브영,베이스메이크업,의,2
올리브영,베이스메이크업,침투,2
올리브영,베이스메이크업,건강한,2
올리브영,베이스메이크업,조절,2
올리브영,베이스메이크업,이면,2
올리브영,베이스메이크업,가지,2
올리브영,베이스메이크업,호시,2
올리브영,베이스메이크업,부쩍,2
올리브영,베이스메이크업,울,2
올리브영,베이스메이크업,너,2
올리브영,베이스메이크업,지난,2
올리브영,베이스메이크업,전보,2
올리브영,베이스메이크업,딸,2
올리브영,베이스메이크업,뿌듯하고,2
올리브영,베이스메이크업,드릴,2
올리브영,베이스메이크업,사고,2
올리브영,베이스메이크업,로써,2
올리브영,베이스메이크업,마르는데,2
올리브영,베이스메이크업,건조하게,2
올리브영,베이스메이크업,좋았고,2
올리브영,베이스메이크업,나름,2
올리브영,베이스메이크업,있기는,2
올리브영,베이스메이크업,괜찮았어,2
올리브영,베이스메이크업,소식,2
올리브영,베이스메이크업,주가,2
올리브영,베이스메이크업,예,2
올리브영,베이스메이크업,인지,2
올리브영,베이스메이크업,행복하고,2
올리브영,베이스메이크업,정보,2
올리브영,베이스메이크업,여성,2
올리브영,베이스메이크업,신뢰,2
올리브영,베이스메이크업,비싸긴,2
올리브영,베이스메이크업,아니어서,2
올리브영,베이스메이크업,문제,2
올리브영,베이스메이크업,광고,2
올리브영,베이스메이크업,밸런스,2
올리브영,베이스메이크업,해결,2
올리브영,베이스메이크업,꽃,2
올리브영,베이스메이크업,실제,2
올리브영,베이스메이크업,더운,2
올리브영,베이스메이크업,대가,2
올리브영,베이스메이크업,셀러,2
올리브영,베이스메이크업,많은거,2
올리브영,베이스메이크업,부족한,2
올리브영,베이스메이크업,아니면,2
올리브영,베이스메이크업,모든,2
올리브영,베이스메이크업,만,2
올리브영,베이스메이크업,티존,2
올리브영,베이스메이크업,대도,2
올리브영,베이스메이크업,남아,2
올리브영,베이스메이크업,좋겠지만,2
올리브영,베이스메이크업,정성,2
올리브영,베이스메이크업,유명해진,2
올리브영,베이스메이크업,랭킹,2
올리브영,베이스메이크업,방식,2
올리브영,베이스메이크업,아로마,2
올리브영,베이스메이크업,트러스,2
올리브영,베이스메이크업,인증,2
올리브영,베이스메이크업,즉시,2
올리브영,베이스메이크업,트러,2
올리브영,베이스메이크업,쓰려구요,2
올리브영,베이스메이크업,추가,2
올리브영,베이스메이크업,온도,2
올리브영,베이스메이크업,대부분,2
올리브영,베이스메이크업,대용,2
올리브영,베이스메이크업,이벤트,2
올리브영,베이스메이크업,간단하게,2
올리브영,베이스메이크업,있을까,2
올리브영,베이스메이크업,없는것,2
올리브영,베이스메이크업,짱짱,2
올리브영,베이스메이크업,싫어서,2
올리브영,베이스메이크업,촉촉해지고,2
올리브영,베이스메이크업,고생,2
올리브영,베이스메이크업,미백,2
올리브영,베이스메이크업,듭,2
올리브영,베이스메이크업,일본,2
올리브영,베이스메이크업,할떄,2
올리브영,베이스메이크업,중이,2
올리브영,베이스메이크업,좋겠습니다,2
올리브영,베이스메이크업,첨,2
올리브영,베이스메이크업,크기,2
올리브영,베이스메이크업,텍스처,2
올리브영,베이스메이크업,윤광,2
올리브영,베이스메이크업,동일한,2
올리브영,베이스메이크업,낮,2
올리브영,베이스메이크업,삿는데,2
올리브영,베이스메이크업,따가워요,2
올리브영,베이스메이크업,부드러운,2
올리브영,베이스메이크업,애착,2
올리브영,베이스메이크업,그럼,2
올리브영,베이스메이크업,일주일,2
올리브영,베이스메이크업,투쿨,2
올리브영,베이스메이크업,포스,2
올리브영,베이스메이크업,쿨,2
올리브영,베이스메이크업,세팅,2
올리브영,베이스메이크업,끼임,2
올리브영,베이스메이크업,정신,2
올리브영,베이스메이크업,오전,2
올리브영,베이스메이크업,갑자기,2
올리브영,베이스메이크업,어제,2
올리브영,베이스메이크업,술,2
올리브영,베이스메이크업,옷에 묻음,2
올리브영,베이스메이크업,광나,2
올리브영,베이스메이크업,유튜브,2
올리브영,베이스메이크업,쓱,2
올리브영,베이스메이크업,많았는데,2
올리브영,베이스메이크업,두번째,2
올리브영,베이스메이크업,필름,2
올리브영,베이스메이크업,처럼,2
올리브영,베이스메이크업,코팅,2
올리브영,베이스메이크업,아니구요,2
올리브영,베이스메이크업,배,2
올리브영,베이스메이크업,다크닝,2
올리브영,베이스메이크업,완전히,2
올리브영,베이스메이크업,엄지,2
올리브영,베이스메이크업,보이,2
올리브영,베이스메이크업,쉐딩,2
올리브영,베이스메이크업,내츄럴,2
올리브영,베이스메이크업,당장,2
올리브영,베이스메이크업,중앙,2
올리브영,베이스메이크업,리,2
올리브영,베이스메이크업,던,2
올리브영,베이스메이크업,착용,2
올리브영,베이스메이크업,만족스러워,2
올리브영,베이스메이크업,징,2
올리브영,베이스메이크업,티슈,2
올리브영,베이스메이크업,헤어스프레이,2
올리브영,베이스메이크업,비슷한,2
올리브영,베이스메이크업,컨실러,2
올리브영,베이스메이크업,색조화,2
올리브영,베이스메이크업,셔,2
올리브영,베이스메이크업,귀찮은,2
올리브영,베이스메이크업,번만,2
올리브영,베이스메이크업,점점,2
올리브영,베이스메이크업,스파링,2
올리브영,베이스메이크업,포함,2
올리브영,베이스메이크업,번지,2
올리브영,베이스메이크업,지솓,2
올리브영,베이스메이크업,한텐,2
올리브영,베이스메이크업,아마,2
올리브영,베이스메이크업,각도,2
올리브영,베이스메이크업,꽃향,2
올리브영,베이스메이크업,그동안,2
올리브영,베이스메이크업,마르고,2
올리브영,베이스메이크업,아니에요,2
올리브영,베이스메이크업,런가,2
올리브영,베이스메이크업,만족스럽습니다,2
올리브영,베이스메이크업,쫌,2
올리브영,베이스메이크업,자연스러움,2
올리브영,베이스메이크업,알코올,2
올리브영,베이스메이크업,드라이,2
올리브영,베이스메이크업,그런게,2
올리브영,베이스메이크업,좋아해서,2
올리브영,베이스메이크업,한층,2
올리브영,베이스메이크업,매끈해진,2
올리브영,베이스메이크업,전반,2
올리브영,베이스메이크업,사기,2
올리브영,베이스메이크업,합리,2
올리브영,베이스메이크업,로드,2
올리브영,베이스메이크업,입,2
올리브영,베이스메이크업,없는데,2
올리브영,베이스메이크업,목적,2
올리브영,베이스메이크업,가능,2
올리브영,베이스메이크업,드라마틱한,2
올리브영,베이스메이크업,저렴하지는,2
올리브영,베이스메이크업,론,2
올리브영,베이스메이크업,좋았음,2
올리브영,베이스메이크업,눈화장,2
올리브영,베이스메이크업,유튜버,2
올리브영,베이스메이크업,야해요,2
올리브영,베이스메이크업,좋다길래,2
올리브영,베이스메이크업,미쳤어요,2
올리브영,베이스메이크업,조아여,2
올리브영,베이스메이크업,가스,2
올리브영,베이스메이크업,면서,2
올리브영,베이스메이크업,갑,2
올리브영,베이스메이크업,같더라고요,2
올리브영,베이스메이크업,복용,2
올리브영,베이스메이크업,원하시면,2
올리브영,베이스메이크업,특성,2
올리브영,베이스메이크업,섬세하게,2
올리브영,베이스메이크업,오특,2
올리브영,베이스메이크업,처리,2
올리브영,베이스메이크업,꿀,2
올리브영,베이스메이크업,품절,2
올리브영,베이스메이크업,일도,2
올리브영,베이스메이크업,판매,2
올리브영,베이스메이크업,괜찮아서,2
올리브영,베이스메이크업,입문,2
올리브영,베이스메이크업,기전,2
올리브영,베이스메이크업,곧,2
올리브영,베이스메이크업,더울,2
올리브영,베이스메이크업,그렇고,2
올리브영,베이스메이크업,빨라,2
올리브영,베이스메이크업,추강,2
올리브영,베이스메이크업,쯤,2
올리브영,베이스메이크업,픽싱력,2
올리브영,베이스메이크업,마다,2
올리브영,베이스메이크업,뷰티,2
올리브영,베이스메이크업,쟁여둠,2
올리브영,베이스메이크업,늘,2
올리브영,베이스메이크업,들뜨는,2
올리브영,베이스메이크업,확실하게,2
올리브영,베이스메이크업,똑같아요,2
올리브영,베이스메이크업,란,2
올리브영,베이스메이크업,지나,2
올리브영,베이스메이크업,닷,2
올리브영,베이스메이크업,굳,2
올리브영,베이스메이크업,쟁여놓,2
올리브영,베이스메이크업,좋았,2
올리브영,베이스메이크업,특,2
올리브영,베이스메이크업,마침,2
올리브영,베이스메이크업,비싸요,2
올리브영,베이스메이크업,다양한,2
올리브영,베이스메이크업,확인,2
올리브영,베이스메이크업,치익,2
올리브영,베이스메이크업,떡,2
올리브영,베이스메이크업,만큼,2
올리브영,베이스메이크업,뚝,2
올리브영,베이스메이크업,새로,2
올리브영,베이스메이크업,좋더라,2
올리브영,베이스메이크업,건조해,2
올리브영,베이스메이크업,근무,2
올리브영,베이스메이크업,베이비,2
올리브영,베이스메이크업,신분,2
올리브영,베이스메이크업,보완,2
올리브영,베이스메이크업,거나,2
올리브영,베이스메이크업,화,2
올리브영,베이스메이크업,증정,2
올리브영,베이스메이크업,얇게,2
올리브영,베이스메이크업,성비,2
올리브영,베이스메이크업,쓰시,2
올리브영,베이스메이크업,쪽,2
올리브영,베이스메이크업,편안해,2
올리브영,베이스메이크업,건조했는데,2
올리브영,베이스메이크업,귀여워서,2
올리브영,베이스메이크업,아님,2
올리브영,베이스메이크업,은은하게,2
올리브영,베이스메이크업,궁금해서,2
올리브영,베이스메이크업,틈,2
올리브영,베이스메이크업,귀여워,2
올리브영,베이스메이크업,느,2
올리브영,베이스메이크업,충분해서,2
올리브영,베이스메이크업,에두,2
올리브영,베이스메이크업,도구,2
올리브영,베이스메이크업,싹,2
올리브영,베이스메이크업,그때,2
올리브영,베이스메이크업,당황,2
올리브영,베이스메이크업,부드러워요,2
올리브영,베이스메이크업,충,2
올리브영,베이스메이크업,전용,2
올리브영,베이스메이크업,이럴,2
올리브영,베이스메이크업,손민수,2
올리브영,베이스메이크업,파우치,2
올리브영,베이스메이크업,진하지,2
올리브영,베이스메이크업,진,2
올리브영,베이스메이크업,플러스,2
올리브영,베이스메이크업,필요해서,2
올리브영,베이스메이크업,짐승,2
올리브영,베이스메이크업,간지럽고,2
올리브영,베이스메이크업,드,2
올리브영,베이스메이크업,적응,2
올리브영,베이스메이크업,범위,2
올리브영,베이스메이크업,촉촉하구,2
올리브영,베이스메이크업,꿀향,2
올리브영,베이스메이크업,만족하며,2
올리브영,베이스메이크업,직후,2
올리브영,베이스메이크업,촉촉해져서,2
올리브영,베이스메이크업,빨,2
올리브영,베이스메이크업,불,2
올리브영,베이스메이크업,촉촉해져요,2
올리브영,베이스메이크업,링,2
올리브영,베이스메이크업,해지,2
올리브영,베이스메이크업,요새,2
올리브영,베이스메이크업,만족하는,2
올리브영,베이스메이크업,주기도,2
올리브영,베이스메이크업,필수품,2
올리브영,베이스메이크업,싫어하시는,2
올리브영,베이스메이크업,자마자,2
올리브영,베이스메이크업,미쳐서,2
올리브영,베이스메이크업,자도,2
올리브영,베이스메이크업,촉촉함을,2
올리브영,베이스메이크업,세트,2
올리브영,베이스메이크업,만족스럽,2
올리브영,베이스메이크업,요건,2
올리브영,베이스메이크업,일상,2
올리브영,베이스메이크업,애정,2
올리브영,베이스메이크업,사려,2
올리브영,베이스메이크업,어의,2
올리브영,베이스메이크업,부탁드립니다,2
올리브영,베이스메이크업,유명한데,2
올리브영,베이스메이크업,지지,2
올리브영,베이스메이크업,궁금했던,2
올리브영,베이스메이크업,부족할,2
올리브영,베이스메이크업,하나로,2
올리브영,베이스메이크업,기두,2
올리브영,베이스메이크업,비쌈,2
올리브영,베이스메이크업,무거운,2
올리브영,베이스메이크업,마사지,2
올리브영,베이스메이크업,훌륭한,2
올리브영,베이스메이크업,주어,2
올리브영,베이스메이크업,있어야,1
올리브영,베이스메이크업,아토,1
올리브영,베이스메이크업,베리,1
올리브영,베이스메이크업,좋아하기,1
올리브영,베이스메이크업,경우,1
올리브영,베이스메이크업,있기,1
올리브영,베이스메이크업,내용물,1
올리브영,베이스메이크업,유몽민,1
올리브영,베이스메이크업,동기,1
올리브영,베이스메이크업,아니더라도,1
올리브영,베이스메이크업,인정,1
올리브영,베이스메이크업,알파카,1
올리브영,베이스메이크업,적절하게,1
올리브영,베이스메이크업,시로,1
올리브영,베이스메이크업,유전,1
올리브영,베이스메이크업,폭발,1
올리브영,베이스메이크업,가족,1
올리브영,베이스메이크업,차분히,1
올리브영,베이스메이크업,찍찍,1
올리브영,베이스메이크업,야함,1
올리브영,베이스메이크업,이외,1
올리브영,베이스메이크업,좋다구,1
올리브영,베이스메이크업,뮤,1
올리브영,베이스메이크업,조으다,1
올리브영,베이스메이크업,아니구,1
올리브영,베이스메이크업,책상,1
올리브영,베이스메이크업,가습기,1
올리브영,베이스메이크업,틀,1
올리브영,베이스메이크업,쎄서,1
올리브영,베이스메이크업,가득한,1
올리브영,베이스메이크업,페이스,1
올리브영,베이스메이크업,쓸데없는,1
올리브영,베이스메이크업,유명하기도,1
올리브영,베이스메이크업,고체,1
올리브영,베이스메이크업,가까워서,1
올리브영,베이스메이크업,바사,1
올리브영,베이스메이크업,아숩,1
올리브영,베이스메이크업,의견,1
올리브영,베이스메이크업,길게,1
올리브영,베이스메이크업,계시겠지만,1
올리브영,베이스메이크업,계실거,1
올리브영,베이스메이크업,아까워,1
올리브영,베이스메이크업,욥집,1
올리브영,베이스메이크업,편안해지는,1
올리브영,베이스메이크업,마법,1
올리브영,베이스메이크업,상큼,1
올리브영,베이스메이크업,코로,1
올리브영,베이스메이크업,가까이,1
올리브영,베이스메이크업,다양해서,1
올리브영,베이스메이크업,사랑,1
올리브영,베이스메이크업,옛날,1
올리브영,베이스메이크업,엣적,1
올리브영,베이스메이크업,카카오,1
올리브영,베이스메이크업,자국,1
올리브영,베이스메이크업,들뜸이,1
올리브영,베이스메이크업,와디,1
올리브영,베이스메이크업,대박,1
올리브영,베이스메이크업,아무,1
올리브영,베이스메이크업,좋기,1
올리브영,베이스메이크업,말모,1
올리브영,베이스메이크업,만족스러웠어요,1
올리브영,베이스메이크업,간혹,1
올리브영,베이스메이크업,같기만,1
올리브영,베이스메이크업,강한데,1
올리브영,베이스메이크업,빠르구요,1
올리브영,베이스메이크업,찝찝함도,1
올리브영,베이스메이크업,건조하다싶으면,1
올리브영,베이스메이크업,적함,1
올리브영,베이스메이크업,계신다면,1
올리브영,베이스메이크업,작아,1
올리브영,베이스메이크업,쩍쩍,1
올리브영,베이스메이크업,깜빡,1
올리브영,베이스메이크업,며느리,1
올리브영,베이스메이크업,약하게,1
올리브영,베이스메이크업,덜해요,1
올리브영,베이스메이크업,단독,1
올리브영,베이스메이크업,부족한데,1
올리브영,베이스메이크업,예민해진,1
올리브영,베이스메이크업,따가,1
올리브영,베이스메이크업,기대할,1
올리브영,베이스메이크업,싫고,1
올리브영,베이스메이크업,촤악,1
올리브영,베이스메이크업,착,1
올리브영,베이스메이크업,용법,1
올리브영,베이스메이크업,간단해,1
올리브영,베이스메이크업,너머,1
올리브영,베이스메이크업,착하면,1
올리브영,베이스메이크업,좋을까,1
올리브영,베이스메이크업,많아요,1
올리브영,베이스메이크업,없지만,1
올리브영,베이스메이크업,뿌렷을때,1
올리브영,베이스메이크업,시림,1
올리브영,베이스메이크업,축축하지도,1
올리브영,베이스메이크업,외국,1
올리브영,베이스메이크업,뉴스,1
올리브영,베이스메이크업,그럴만,1
올리브영,베이스메이크업,다해,1
올리브영,베이스메이크업,드쇄,1
올리브영,베이스메이크업,나라,1
올리브영,베이스메이크업,괜찮으,1
올리브영,베이스메이크업,광명,1
올리브영,베이스메이크업,부담스러우면,1
올리브영,베이스메이크업,난방,1
올리브영,베이스메이크업,좋지만,1
올리브영,베이스메이크업,인분,1
올리브영,베이스메이크업,향땜,1
올리브영,베이스메이크업,붉어지는,1
올리브영,베이스메이크업,없다,1
올리브영,베이스메이크업,본인,1
올리브영,베이스메이크업,지난달,1
올리브영,베이스메이크업,에어컨,1
올리브영,베이스메이크업,따뜻한,1
올리브영,베이스메이크업,홍색,1
올리브영,베이스메이크업,덩어리,1
올리브영,베이스메이크업,가렵,1
올리브영,베이스메이크업,가루,1
올리브영,베이스메이크업,급한,1
올리브영,베이스메이크업,빨갛게,1
올리브영,베이스메이크업,없다고,1
올리브영,베이스메이크업,조각,1
올리브영,베이스메이크업,깜짝,1
올리브영,베이스메이크업,뜨거운,1
올리브영,베이스메이크업,수도꼭지,1
올리브영,베이스메이크업,헹구,1
올리브영,베이스메이크업,쾌감,1
올리브영,베이스메이크업,놀란,1
올리브영,베이스메이크업,브레인,1
올리브영,베이스메이크업,붉,1
올리브영,베이스메이크업,은색,1
올리브영,베이스메이크업,서서히,1
올리브영,베이스메이크업,회복,1
올리브영,베이스메이크업,있다는,1
올리브영,베이스메이크업,절반,1
올리브영,베이스메이크업,괜찮아지고,1
올리브영,베이스메이크업,광대뼈,1
올리브영,베이스메이크업,딱딱한,1
올리브영,베이스메이크업,부드러워진다,1
올리브영,베이스메이크업,질감,1
올리브영,베이스메이크업,두꺼워서,1
올리브영,베이스메이크업,농축,1
올리브영,베이스메이크업,전문,1
올리브영,베이스메이크업,연구,1
올리브영,베이스메이크업,피,1
올리브영,베이스메이크업,밑,1
올리브영,베이스메이크업,를,1
올리브영,베이스메이크업,조합,1
올리브영,베이스메이크업,쫀득쫀득,1
올리브영,베이스메이크업,텐실막천,1
올리브영,베이스메이크업,위로,1
올리브영,베이스메이크업,꽉,1
올리브영,베이스메이크업,쥐,1
올리브영,베이스메이크업,빨개질,1
올리브영,베이스메이크업,찬물,1
올리브영,베이스메이크업,편해,1
올리브영,베이스메이크업,설날,1
올리브영,베이스메이크업,없을까봐,1
올리브영,베이스메이크업,박스,1
올리브영,베이스메이크업,비축,1
올리브영,베이스메이크업,준비,1
올리브영,베이스메이크업,위안,1
올리브영,베이스메이크업,장의,1
올리브영,베이스메이크업,전혀,1
올리브영,베이스메이크업,아프지,1
올리브영,베이스메이크업,종이,1
올리브영,베이스메이크업,절개,1
올리브영,베이스메이크업,친근하고,1
올리브영,베이스메이크업,편안하며,1
올리브영,베이스메이크업,육안,1
올리브영,베이스메이크업,변해졌고,1
올리브영,베이스메이크업,심리,1
올리브영,베이스메이크업,용인,1
올리브영,베이스메이크업,부드러워진,1
올리브영,베이스메이크업,미끈미끈하,1
올리브영,베이스메이크업,흡착,1
올리브영,베이스메이크업,일광,1
올리브영,베이스메이크업,원하시는,1
올리브영,베이스메이크업,딱이고,1
올리브영,베이스메이크업,세븐,1
올리브영,베이스메이크업,틴,1
올리브영,베이스메이크업,깜찍하고,1
올리브영,베이스메이크업,햄스,1
올리브영,베이스메이크업,호랑이,1
올리브영,베이스메이크업,호,1
올리브영,베이스메이크업,시가,1
올리브영,베이스메이크업,모델,1
올리브영,베이스메이크업,우리,1
올리브영,베이스메이크업,효도,1
올리브영,베이스메이크업,겸사겸사,1
올리브영,베이스메이크업,잡티,1
올리브영,베이스메이크업,피부관리,1
올리브영,베이스메이크업,엄,1
올리브영,베이스메이크업,이런거,1
올리브영,베이스메이크업,젊은,1
올리브영,베이스메이크업,달이,1
올리브영,베이스메이크업,행복해,1
올리브영,베이스메이크업,변화,1
올리브영,베이스메이크업,자식,1
올리브영,베이스메이크업,기뻐요,1
올리브영,베이스메이크업,돈버,1
올리브영,베이스메이크업,기쁨,1
올리브영,베이스메이크업,장난감,1
올리브영,베이스메이크업,기뻐하는,1
올리브영,베이스메이크업,절,1
올리브영,베이스메이크업,무척,1
올리브영,베이스메이크업,호다닥,1
올리브영,베이스메이크업,촉촉하다고,1
올리브영,베이스메이크업,좋아하셔요,1
올리브영,베이스메이크업,좋다네요,1
올리브영,베이스메이크업,촉촉하데,1
올리브영,베이스메이크업,저번,1
올리브영,베이스메이크업,잌,1
올리브영,베이스메이크업,추찬,1
올리브영,베이스메이크업,빠싹,1
올리브영,베이스메이크업,만족스럽고,1
올리브영,베이스메이크업,좋겟어,1
올리브영,베이스메이크업,따라서,1
올리브영,베이스메이크업,괜찮았고,1
올리브영,베이스메이크업,은은해서,1
올리브영,베이스메이크업,유명하죠,1
올리브영,베이스메이크업,싫어하더라고요,1
올리브영,베이스메이크업,평범한,1
올리브영,베이스메이크업,좋았는데,1
올리브영,베이스메이크업,괜찮고요,1
올리브영,베이스메이크업,진하게,1
올리브영,베이스메이크업,종종,1
올리브영,베이스메이크업,무게,1
올리브영,베이스메이크업,똑,1
올리브영,베이스메이크업,어찌,1
올리브영,베이스메이크업,며,1
올리브영,베이스메이크업,깜놀,1
올리브영,베이스메이크업,덕,1
올리브영,베이스메이크업,행복합니,1
올리브영,베이스메이크업,인,1
올리브영,베이스메이크업,만족해서,1
올리브영,베이스메이크업,만족스러워서,1
올리브영,베이스메이크업,웬,1
올리브영,베이스메이크업,충분하지,1
올리브영,베이스메이크업,유명했죠,1
올리브영,베이스메이크업,식,1
올리브영,베이스메이크업,급할,1
올리브영,베이스메이크업,기대했던,1
올리브영,베이스메이크업,달리,1
올리브영,베이스메이크업,딱일,1
올리브영,베이스메이크업,건조할까봐,1
올리브영,베이스메이크업,한혜진,1
올리브영,베이스메이크업,이효리,1
올리브영,베이스메이크업,만족하고,1
올리브영,베이스메이크업,만족했어서,1
올리브영,베이스메이크업,항,1
올리브영,베이스메이크업,꽃밭,1
올리브영,베이스메이크업,강렬한,1
올리브영,베이스메이크업,시원하고,1
올리브영,베이스메이크업,허브,1
올리브영,베이스메이크업,동물성,1
올리브영,베이스메이크업,식물성,1
올리브영,베이스메이크업,낼때,1
올리브영,베이스메이크업,정돈,1
올리브영,베이스메이크업,템포,1
올리브영,베이스메이크업,야외,1
올리브영,베이스메이크업,고서,1
올리브영,베이스메이크업,인사,1
올리브영,베이스메이크업,뭘,1
올리브영,베이스메이크업,좋아하신다고,1
올리브영,베이스메이크업,궁금해요,1
올리브영,베이스메이크업,줄,1
올리브영,베이스메이크업,정의,1
올리브영,베이스메이크업,어려운,1
올리브영,베이스메이크업,패키징,1
올리브영,베이스메이크업,한스,1
올리브영,베이스메이크업,달바템,1
올리브영,베이스메이크업,품일,1
올리브영,베이스메이크업,그렇기,1
올리브영,베이스메이크업,세대,1
올리브영,베이스메이크업,주목,1
올리브영,베이스메이크업,차라리,1
올리브영,베이스메이크업,아예,1
올리브영,베이스메이크업,장할,1
올리브영,베이스메이크업,많다하는,1
올리브영,베이스메이크업,높지,1
올리브영,베이스메이크업,만족할,1
올리브영,베이스메이크업,있겠냐라고,1
올리브영,베이스메이크업,아니야,1
올리브영,베이스메이크업,중심,1
올리브영,베이스메이크업,우연찮,1
올리브영,베이스메이크업,있는거구,1
올리브영,베이스메이크업,촉촉한데,1
올리브영,베이스메이크업,번들번들해지는게,1
올리브영,베이스메이크업,싫으시데,1
올리브영,베이스메이크업,계시던데,1
올리브영,베이스메이크업,불만족,1
올리브영,베이스메이크업,스러울,1
올리브영,베이스메이크업,실패하는,1
올리브영,베이스메이크업,없었으면,1
올리브영,베이스메이크업,가득,1
올리브영,베이스메이크업,홈쇼핑,1
올리브영,베이스메이크업,승문원,1
올리브영,베이스메이크업,시점,1
올리브영,베이스메이크업,상위,1
올리브영,베이스메이크업,차지,1
올리브영,베이스메이크업,가까웠거든요,1
올리브영,베이스메이크업,일인,1
올리브영,베이스메이크업,밍,1
올리브영,베이스메이크업,이구,1
올리브영,베이스메이크업,만족스럽더라구요,1
올리브영,베이스메이크업,매력,1
올리브영,베이스메이크업,당연하겠죠,1
올리브영,베이스메이크업,감히,1
올리브영,베이스메이크업,가능해져요,1
올리브영,베이스메이크업,달바세럼,1
올리브영,베이스메이크업,올인원,1
올리브영,베이스메이크업,셀,1
올리브영,베이스메이크업,세럼,1
올리브영,베이스메이크업,상품권,1
올리브영,베이스메이크업,건조해지는거랑은,1
올리브영,베이스메이크업,깉,1
올리브영,베이스메이크업,본적,1
올리브영,베이스메이크업,불만,1
올리브영,베이스메이크업,없으니까,1
올리브영,베이스메이크업,답,1
올리브영,베이스메이크업,담애,1
올리브영,베이스메이크업,살,1
올리브영,베이스메이크업,귀찮고,1
올리브영,베이스메이크업,솜,1
올리브영,베이스메이크업,번거롭다고,1
올리브영,베이스메이크업,사두,1
올리브영,베이스메이크업,간단하고,1
올리브영,베이스메이크업,강한것,1
올리브영,베이스메이크업,건조하면,1
올리브영,베이스메이크업,꼬오옥,1
올리브영,베이스메이크업,쓰세욤,1
올리브영,베이스메이크업,여해,1
올리브영,베이스메이크업,이정,1
올리브영,베이스메이크업,양가,1
올리브영,베이스메이크업,만족하셔서,1
올리브영,베이스메이크업,좋았던,1
올리브영,베이스메이크업,야합,1
올리브영,베이스메이크업,시어머니,1
올리브영,베이스메이크업,각각,1
올리브영,베이스메이크업,좋아하시네요,1
올리브영,베이스메이크업,계세,1
올리브영,베이스메이크업,나쁠거,1
올리브영,베이스메이크업,필요하더라구요,1
올리브영,베이스메이크업,최소,1
올리브영,베이스메이크업,촉촉해지려면,1
올리브영,베이스메이크업,유효,1
올리브영,베이스메이크업,넉넉하게,1
올리브영,베이스메이크업,양감,1
올리브영,베이스메이크업,쁘,1
올리브영,베이스메이크업,리기,1
올리브영,베이스메이크업,유명함,1
올리브영,베이스메이크업,봏아,1
올리브영,베이스메이크업,좋겟네,1
올리브영,베이스메이크업,광정,1
올리브영,베이스메이크업,남고,1
올리브영,베이스메이크업,고뿌,1
올리브영,베이스메이크업,맣,1
올리브영,베이스메이크업,급해서,1
올리브영,베이스메이크업,눈물,1
올리브영,베이스메이크업,머,1
올리브영,베이스메이크업,금고,1
올리브영,베이스메이크업,턱쪽,1
올리브영,베이스메이크업,준,1
올리브영,베이스메이크업,실패,1
올리브영,베이스메이크업,없네요,1
올리브영,베이스메이크업,드링,1
올리브영,베이스메이크업,래서,1
올리브영,베이스메이크업,묜,1
올리브영,베이스메이크업,아닌듯,1
올리브영,베이스메이크업,좋어요,1
올리브영,베이스메이크업,좋어서,1
올리브영,베이스메이크업,아니래요,1
올리브영,베이스메이크업,달바달바,1
올리브영,베이스메이크업,이제야,1
올리브영,베이스메이크업,슴,1
올리브영,베이스메이크업,미다,1
올리브영,베이스메이크업,미,1
올리브영,베이스메이크업,같으면,1
올리브영,베이스메이크업,바이,1
올리브영,베이스메이크업,로댕,1
올리브영,베이스메이크업,피니쉬,1
올리브영,베이스메이크업,팩트,1
올리브영,베이스메이크업,차갑고,1
올리브영,베이스메이크업,더욱이,1
올리브영,베이스메이크업,들뜨고,1
올리브영,베이스메이크업,본론,1
올리브영,베이스메이크업,귀찮아서,1
올리브영,베이스메이크업,남자친구,1
올리브영,베이스메이크업,토,1
올리브영,베이스메이크업,맥주,1
올리브영,베이스메이크업,흥분함,1
올리브영,베이스메이크업,들뜸,1
올리브영,베이스메이크업,있지,1
올리브영,베이스메이크업,고난,1
올리브영,베이스메이크업,말로,1
올리브영,베이스메이크업,핵심,1
올리브영,베이스메이크업,있었지만,1
올리브영,베이스메이크업,살랬는데,1
올리브영,베이스메이크업,진지하게,1
올리브영,베이스메이크업,닥치고,1
올리브영,베이스메이크업,다한,1
올리브영,베이스메이크업,갑갑함이,1
올리브영,베이스메이크업,겹겹이,1
올리브영,베이스메이크업,갑갑한,1
올리브영,베이스메이크업,부스터,1
올리브영,베이스메이크업,크게,1
올리브영,베이스메이크업,촉촉하다가,1
올리브영,베이스메이크업,마르면서,1
올리브영,베이스메이크업,힘들죠,1
올리브영,베이스메이크업,힘,1
올리브영,베이스메이크업,곳,1
올리브영,베이스메이크업,짧아서,1
올리브영,베이스메이크업,샀늗데,1
올리브영,베이스메이크업,겹겹,1
올리브영,베이스메이크업,물티슈,1
올리브영,베이스메이크업,보관,1
올리브영,베이스메이크업,와우,1
올리브영,베이스메이크업,쒯,1
올리브영,베이스메이크업,사본,1
올리브영,베이스메이크업,기름종이,1
올리브영,베이스메이크업,부,1
올리브영,베이스메이크업,두운,1
올리브영,베이스메이크업,주기,1
올리브영,베이스메이크업,귀찮긴,1
올리브영,베이스메이크업,퀄리티,1
올리브영,베이스메이크업,작고,1
올리브영,베이스메이크업,대표,1
올리브영,베이스메이크업,해외,1
올리브영,베이스메이크업,비싸고,1
올리브영,베이스메이크업,좋지,1
올리브영,베이스메이크업,평,1
올리브영,베이스메이크업,입구,1
올리브영,베이스메이크업,비도,1
올리브영,베이스메이크업,댕,1
올리브영,베이스메이크업,김이나,1
올리브영,베이스메이크업,픽싱돼,1
올리브영,베이스메이크업,보송보송해지며,1
올리브영,베이스메이크업,새롭게,1
올리브영,베이스메이크업,남,1
올리브영,베이스메이크업,깨끗한,1
올리브영,베이스메이크업,간편해요,1
올리브영,베이스메이크업,밀림,1
올리브영,베이스메이크업,덜하는것,1
올리브영,베이스메이크업,특시,1
올리브영,베이스메이크업,노즐,1
올리브영,베이스메이크업,복불복,1
올리브영,베이스메이크업,툭,1
올리브영,베이스메이크업,심해서,1
올리브영,베이스메이크업,클렌,1
올리브영,베이스메이크업,야자,1
올리브영,베이스메이크업,비슷하게,1
올리브영,베이스메이크업,관할,1
올리브영,베이스메이크업,같아욤,1
올리브영,베이스메이크업,거지,1
올리브영,베이스메이크업,간단한,1
올리브영,베이스메이크업,후블러,1
올리브영,베이스메이크업,섀도우,1
올리브영,베이스메이크업,등등,1
올리브영,베이스메이크업,웬만하면,1
올리브영,베이스메이크업,놀이,1
올리브영,베이스메이크업,공원,1
올리브영,베이스메이크업,마스카라,1
올리브영,베이스메이크업,픽싱민,1
올리브영,베이스메이크업,확실해,1
올리브영,베이스메이크업,바싹,1
올리브영,베이스메이크업,마르는,1
올리브영,베이스메이크업,픽서로,1
올리브영,베이스메이크업,저렴한데,1
올리브영,베이스메이크업,만족했습니다,1
올리브영,베이스메이크업,따땃하,1
올리브영,베이스메이크업,주짓수,1
올리브영,베이스메이크업,안되지만,1
올리브영,베이스메이크업,큰일,1
올리브영,베이스메이크업,얇게만,1
올리브영,베이스메이크업,대서,1
올리브영,베이스메이크업,곳도,1
올리브영,베이스메이크업,분기도,1
올리브영,베이스메이크업,도복,1
올리브영,베이스메이크업,폭탄,1
올리브영,베이스메이크업,다크,1
올리브영,베이스메이크업,심했어요,1
올리브영,베이스메이크업,얆,1
올리브영,베이스메이크업,고정용,1
올리브영,베이스메이크업,짧게,1
올리브영,베이스메이크업,혁명,1
올리브영,베이스메이크업,좋다하는데에는,1
올리브영,베이스메이크업,있나,1
올리브영,베이스메이크업,기억,1
올리브영,베이스메이크업,아니더라구요,1
올리브영,베이스메이크업,넓은,1
올리브영,베이스메이크업,마를,1
올리브영,베이스메이크업,주시,1
올리브영,베이스메이크업,브러쉬,1
올리브영,베이스메이크업,픽싱하,1
올리브영,베이스메이크업,대견한,1
올리브영,베이스메이크업,있었다니,1
올리브영,베이스메이크업,바닐라코,1
올리브영,베이스메이크업,스타일,1
올리브영,베이스메이크업,강해요,1
올리브영,베이스메이크업,물방울,1
올리브영,베이스메이크업,괜찮긴,1
올리브영,베이스메이크업,짱짱하긴,1
올리브영,베이스메이크업,매하,1
올리브영,베이스메이크업,캔,1
올리브영,베이스메이크업,편리합니다,1
올리브영,베이스메이크업,전환,1
올리브영,베이스메이크업,주일,1
올리브영,베이스메이크업,불량품,1
올리브영,베이스메이크업,없이는,1
올리브영,베이스메이크업,썻어,1
올리브영,베이스메이크업,다단계,1
올리브영,베이스메이크업,축,1
올리브영,베이스메이크업,없기,1
올리브영,베이스메이크업,꼼꼼히하고,1
올리브영,베이스메이크업,뽀송한,1
올리브영,베이스메이크업,없었고,1
올리브영,베이스메이크업,예정,1
올리브영,베이스메이크업,컬러,1
올리브영,베이스메이크업,가벼웠어요,1
올리브영,베이스메이크업,많거나,1
올리브영,베이스메이크업,답답함을,1
올리브영,베이스메이크업,소량,1
올리브영,베이스메이크업,숨쉬기,1
올리브영,베이스메이크업,어어,1
올리브영,베이스메이크업,웃,1
올리브영,베이스메이크업,부각,1
올리브영,베이스메이크업,아쉬웠는데,1
올리브영,베이스메이크업,착해서,1
올리브영,베이스메이크업,장하긴,1
올리브영,베이스메이크업,어려움,1
올리브영,베이스메이크업,웬만해,1
올리브영,베이스메이크업,선,1
올리브영,베이스메이크업,안무,1
올리브영,베이스메이크업,진차,1
올리브영,베이스메이크업,도랏어,1
올리브영,베이스메이크업,한시,1
올리브영,베이스메이크업,간만,1
올리브영,베이스메이크업,건조하더라구요,1
올리브영,베이스메이크업,좋숩니당,1
올리브영,베이스메이크업,왅,1
올리브영,베이스메이크업,만족하실,1
올리브영,베이스메이크업,좋아하다,1
올리브영,베이스메이크업,달라,1
올리브영,베이스메이크업,만족하구요,1
올리브영,베이스메이크업,서안,1
올리브영,베이스메이크업,불가능,1
올리브영,베이스메이크업,순서대로,1
올리브영,베이스메이크업,괜찮더라고요,1
올리브영,베이스메이크업,로라,1
올리브영,베이스메이크업,블러셔,1
올리브영,베이스메이크업,그대,1
올리브영,베이스메이크업,안되구,1
올리브영,베이스메이크업,찍,1
올리브영,베이스메이크업,그랬으면,1
올리브영,베이스메이크업,좋겠어용,1
올리브영,베이스메이크업,뽀송해,1
올리브영,베이스메이크업,모,1
올리브영,베이스메이크업,용하구,1
올리브영,베이스메이크업,점도,1
올리브영,베이스메이크업,메컵,1
올리브영,베이스메이크업,같구,1
올리브영,베이스메이크업,깨끗하게,1
올리브영,베이스메이크업,그러면,1
올리브영,베이스메이크업,물총,1
올리브영,베이스메이크업,좋을거,1
올리브영,베이스메이크업,은은하니,1
올리브영,베이스메이크업,단,1
올리브영,베이스메이크업,기름기,1
올리브영,베이스메이크업,멀쩡,1
올리브영,베이스메이크업,기대하겠,1
올리브영,베이스메이크업,높을,1
올리브영,베이스메이크업,덜하고,1
올리브영,베이스메이크업,에배캬냐미너,1
올리브영,베이스메이크업,느좋,1
올리브영,베이스메이크업,딘짜,1
올리브영,베이스메이크업,그렇더라구요,1
올리브영,베이스메이크업,순서,1
올리브영,베이스메이크업,들뜸있고,1
올리브영,베이스메이크업,좀침,1
올리브영,베이스메이크업,좋은지는,1
올리브영,베이스메이크업,베이,1
올리브영,베이스메이크업,스프,1
올리브영,베이스메이크업,렙,1
올리브영,베이스메이크업,명확히,1
올리브영,베이스메이크업,눈썹,1
올리브영,베이스메이크업,답답한,1
올리브영,베이스메이크업,소티,1
올리브영,베이스메이크업,논,1
올리브영,베이스메이크업,데일,1
올리브영,베이스메이크업,리하,1
올리브영,베이스메이크업,순해,1
올리브영,베이스메이크업,근대,1
올리브영,베이스메이크업,상,1
올리브영,베이스메이크업,연한,1
올리브영,베이스메이크업,변함,1
올리브영,베이스메이크업,미니,1
올리브영,베이스메이크업,조만간,1
올리브영,베이스메이크업,성능,1
올리브영,베이스메이크업,기지,1
올리브영,베이스메이크업,소비,1
올리브영,베이스메이크업,더저,1
올리브영,베이스메이크업,픽서없,1
올리브영,베이스메이크업,상상,1
올리브영,베이스메이크업,신기해요,1
올리브영,베이스메이크업,만족한,1
올리브영,베이스메이크업,뽀송해지는데,1
올리브영,베이스메이크업,뽀송해져서,1
올리브영,베이스메이크업,만족했어요,1
올리브영,베이스메이크업,고아,1
올리브영,베이스메이크업,없는게,1
올리브영,베이스메이크업,편했어용,1
올리브영,베이스메이크업,좋으니까,1
올리브영,베이스메이크업,엑스,1
올리브영,베이스메이크업,공유,1
올리브영,베이스메이크업,프라이머,1
올리브영,베이스메이크업,간다,1
올리브영,베이스메이크업,더라고요,1
올리브영,베이스메이크업,저격,1
올리브영,베이스메이크업,드네,1
올리브영,베이스메이크업,시원해서,1
올리브영,베이스메이크업,일시,1
올리브영,베이스메이크업,초반,1
올리브영,베이스메이크업,이후,1
올리브영,베이스메이크업,아픕니다,1
올리브영,베이스메이크업,구가,1
올리브영,베이스메이크업,그러네요,1
올리브영,베이스메이크업,편한,1
올리브영,베이스메이크업,매끈하게,1
올리브영,베이스메이크업,마르,1
올리브영,베이스메이크업,부채질,1
올리브영,베이스메이크업,있었어요,1
올리브영,베이스메이크업,멀쩡해서,1
올리브영,베이스메이크업,탓,1
올리브영,베이스메이크업,좋아하셨어요,1
올리브영,베이스메이크업,남자,1
올리브영,베이스메이크업,뽀송해서,1
올리브영,베이스메이크업,비만,1
올리브영,베이스메이크업,건조한건,1
올리브영,베이스메이크업,좋긴,1
올리브영,베이스메이크업,불안해서,1
올리브영,베이스메이크업,좋른것,1
올리브영,베이스메이크업,애용,1
올리브영,베이스메이크업,스포츠,1
올리브영,베이스메이크업,농구,1
올리브영,베이스메이크업,축구,1
올리브영,베이스메이크업,배드민턴,1
올리브영,베이스메이크업,골프,1
올리브영,베이스메이크업,땀때매,1
올리브영,베이스메이크업,뭉게져,1
올리브영,베이스메이크업,비싸서,1
올리브영,베이스메이크업,좋았던것,1
올리브영,베이스메이크업,빨랐던것,1
올리브영,베이스메이크업,많이하면서,1
올리브영,베이스메이크업,간정,1
올리브영,베이스메이크업,생기지,1
올리브영,베이스메이크업,비운,1
올리브영,베이스메이크업,말리,1
올리브영,베이스메이크업,픽싱되,1
올리브영,베이스메이크업,멀리,1
올리브영,베이스메이크업,꾹,1
올리브영,베이스메이크업,솨,1
올리브영,베이스메이크업,답답한거,1
올리브영,베이스메이크업,싫어하는데,1
올리브영,베이스메이크업,펄,1
올리브영,베이스메이크업,뇨,1
올리브영,베이스메이크업,전국,1
올리브영,베이스메이크업,그날,1
올리브영,베이스메이크업,있긴해,1
올리브영,베이스메이크업,드라마틱하게,1
올리브영,베이스메이크업,유명한다고,1
올리브영,베이스메이크업,뿌,1
올리브영,베이스메이크업,습키,1
올리브영,베이스메이크업,그랴,1
올리브영,베이스메이크업,향도낮뱌드해,1
올리브영,베이스메이크업,안좋,1
올리브영,베이스메이크업,여름철,1
올리브영,베이스메이크업,없음,1
올리브영,베이스메이크업,확연,1
올리브영,베이스메이크업,픽서임,1
올리브영,베이스메이크업,고깃집,1
올리브영,베이스메이크업,알바,1
올리브영,베이스메이크업,업,1
올리브영,베이스메이크업,아이브,1
올리브영,베이스메이크업,립코,1
올리브영,베이스메이크업,만족하실꺼,1
올리브영,베이스메이크업,님들,1
올리브영,베이스메이크업,솔직하게,1
올리브영,베이스메이크업,햇빛,1
올리브영,베이스메이크업,쨍하,1
올리브영,베이스메이크업,뻘뻘,1
올리브영,베이스메이크업,개혁,1
올리브영,베이스메이크업,개꿀템임,1
올리브영,베이스메이크업,퍙소,1
올리브영,베이스메이크업,서울,1
올리브영,베이스메이크업,중요,1
올리브영,베이스메이크업,약속,1
올리브영,베이스메이크업,시원해여,1
올리브영,베이스메이크업,선풍기,1
올리브영,베이스메이크업,구마,1
올리브영,베이스메이크업,코옆,1
올리브영,베이스메이크업,끼,1
올리브영,베이스메이크업,답답하고,1
올리브영,베이스메이크업,뾰,1
올리브영,베이스메이크업,루지,1
올리브영,베이스메이크업,썻,1
올리브영,베이스메이크업,더니,1
올리브영,베이스메이크업,일만,1
올리브영,베이스메이크업,면,1
올리브영,베이스메이크업,쭈욱,1
올리브영,베이스메이크업,실드,1
올리브영,베이스메이크업,엄청나게,1
올리브영,베이스메이크업,분무,1
올리브영,베이스메이크업,같았어요,1
올리브영,베이스메이크업,상당히,1
올리브영,베이스메이크업,분리수거,1
올리브영,베이스메이크업,어렵다는,1
올리브영,베이스메이크업,없었어,1
올리브영,베이스메이크업,뽀송뽀송하게,1
올리브영,베이스메이크업,텅텅,1
올리브영,베이스메이크업,형성,1
올리브영,베이스메이크업,뿜어져,1
올리브영,베이스메이크업,섬세하,1
올리브영,베이스메이크업,용하는데,1
올리브영,베이스메이크업,지구,1
올리브영,베이스메이크업,안대,1
올리브영,베이스메이크업,묽은,1
올리브영,베이스메이크업,좋앗어,1
올리브영,베이스메이크업,용히는,1
올리브영,베이스메이크업,건조해요,1
올리브영,베이스메이크업,괜찮았는데,1
올리브영,베이스메이크업,오예,1
올리브영,베이스메이크업,나이스,1
올리브영,베이스메이크업,럭키,1
올리브영,베이스메이크업,비키,1
올리브영,베이스메이크업,편해서,1
올리브영,베이스메이크업,시원해,1
올리브영,베이스메이크업,엄청나요,1
올리브영,베이스메이크업,상관없이,1
올리브영,베이스메이크업,좔좔,1
올리브영,베이스메이크업,호르몬,1
올리브영,베이스메이크업,비템,1
올리브영,베이스메이크업,중요하게,1
올리브영,베이스메이크업,매도,1
올리브영,베이스메이크업,혹시,1
올리브영,베이스메이크업,있게,1
올리브영,베이스메이크업,꿀팁,1
올리브영,베이스메이크업,호호,1
올리브영,베이스메이크업,독하거나,1
올리브영,베이스메이크업,이름,1
올리브영,베이스메이크업,값,1
올리브영,베이스메이크업,없겠더라고요,1
올리브영,베이스메이크업,달랐어요,1
올리브영,베이스메이크업,형식,1
올리브영,베이스메이크업,텁텁하,1
올리브영,베이스메이크업,장해도,1
올리브영,베이스메이크업,있었음,1
올리브영,베이스메이크업,트리트먼트,1
올리브영,베이스메이크업,봄여름가을겨울,1
올리브영,베이스메이크업,가능하고,1
올리브영,베이스메이크업,불안하더라,1
올리브영,베이스메이크업,안되는,1
올리브영,베이스메이크업,있으니,1
올리브영,베이스메이크업,탄탄하게,1
올리브영,베이스메이크업,있다가,1
올리브영,베이스메이크업,좋았으면,1
올리브영,베이스메이크업,좋겠네,1
올리브영,베이스메이크업,불면,1
올리브영,베이스메이크업,빠르다,1
올리브영,베이스메이크업,유용하며,1
올리브영,베이스메이크업,무한,1
올리브영,베이스메이크업,좋슴다,1
올리브영,베이스메이크업,사악,1
올리브영,베이스메이크업,넓고,1
올리브영,베이스메이크업,만족해하는,1
올리브영,베이스메이크업,좋다네,1
올리브영,베이스메이크업,개개,1
올리브영,베이스메이크업,있는것,1
올리브영,베이스메이크업,앞머리,1
올리브영,베이스메이크업,뿌부북,1
올리브영,베이스메이크업,식이,1
올리브영,베이스메이크업,촥촥,1
올리브영,베이스메이크업,다르다,1
올리브영,베이스메이크업,안좋습니다,1
올리브영,베이스메이크업,액체,1
올리브영,베이스메이크업,부리고,1
올리브영,베이스메이크업,민감하신,1
올리브영,베이스메이크업,타격,1
올리브영,베이스메이크업,입을줄,1
올리브영,베이스메이크업,짐신,1
올리브영,베이스메이크업,좋아욤,1
올리브영,베이스메이크업,고통,1
올리브영,베이스메이크업,샵,1
올리브영,베이스메이크업,온,1
올리브영,베이스메이크업,얇고,1
올리브영,베이스메이크업,심함,1
올리브영,베이스메이크업,발생,1
올리브영,베이스메이크업,고정은,1
올리브영,베이스메이크업,네,1
올리브영,베이스메이크업,준수,1
올리브영,베이스메이크업,나먼,1
올리브영,베이스메이크업,일절,1
올리브영,베이스메이크업,이겋,1
올리브영,베이스메이크업,풀,1
올리브영,베이스메이크업,예민하,1
올리브영,베이스메이크업,건조한것도,1
올리브영,베이스메이크업,좋아했는데,1
올리브영,베이스메이크업,텁텁해,1
올리브영,베이스메이크업,최곱,1
올리브영,베이스메이크업,해주,1
올리브영,베이스메이크업,동영상,1
올리브영,베이스메이크업,좋을텐데,1
올리브영,베이스메이크업,아쉽게도,1
올리브영,베이스메이크업,방,1
올리브영,베이스메이크업,처,1
올리브영,베이스메이크업,박아,1
올리브영,베이스메이크업,살렷습,1
올리브영,베이스메이크업,아니었던,1
올리브영,베이스메이크업,향수,1
올리브영,베이스메이크업,퇴근,1
올리브영,베이스메이크업,이만,1
올리브영,베이스메이크업,같어요,1
올리브영,베이스메이크업,쉬움,1
올리브영,베이스메이크업,메,1
올리브영,베이스메이크업,포어,1
올리브영,베이스메이크업,픽서들,1
올리브영,베이스메이크업,듯해,1
올리브영,베이스메이크업,건조함은,1
올리브영,베이스메이크업,반신반의,1
올리브영,베이스메이크업,살걸,1
올리브영,베이스메이크업,그랬네요,1
올리브영,베이스메이크업,어쩐지,1
올리브영,베이스메이크업,장시간,1
올리브영,베이스메이크업,발전,1
올리브영,베이스메이크업,정화,1
올리브영,베이스메이크업,편리해,1
올리브영,베이스메이크업,신세계,1
올리브영,베이스메이크업,편합니다,1
올리브영,베이스메이크업,없으서,1
올리브영,베이스메이크업,좋겠어여,1
올리브영,베이스메이크업,기뷴,1
올리브영,베이스메이크업,오래되고,1
올리브영,베이스메이크업,건조할수,1
올리브영,베이스메이크업,쵝오,1
올리브영,베이스메이크업,드림,1
올리브영,베이스메이크업,곱니다,1
올리브영,베이스메이크업,로켓,1
올리브영,베이스메이크업,척,1
올리브영,베이스메이크업,쫀쫀해,1
올리브영,베이스메이크업,할애,1
올리브영,베이스메이크업,스퍄츌러,1
올리브영,베이스메이크업,줌,1
올리브영,베이스메이크업,낭비,1
올리브영,베이스메이크업,차액,1
올리브영,베이스메이크업,박,1
올리브영,베이스메이크업,더군다나,1
올리브영,베이스메이크업,오래되는,1
올리브영,베이스메이크업,아니였는데,1
올리브영,베이스메이크업,나이,1
올리브영,베이스메이크업,변질,1
올리브영,베이스메이크업,모로,1
올리브영,베이스메이크업,호템,1
올리브영,베이스메이크업,에다가,1
올리브영,베이스메이크업,격,1
올리브영,베이스메이크업,웡,1
올리브영,베이스메이크업,영월,1
올리브영,베이스메이크업,난리,1
올리브영,베이스메이크업,엉덩이,1
올리브영,베이스메이크업,신나게,1
올리브영,베이스메이크업,덩,1
올리브영,베이스메이크업,전이,1
올리브영,베이스메이크업,아벤느꺼,1
올리브영,베이스메이크업,어차피,1
올리브영,베이스메이크업,긴급,1
올리브영,베이스메이크업,어마어마하게,1
올리브영,베이스메이크업,유명하다고,1
올리브영,베이스메이크업,에너지,1
올리브영,베이스메이크업,정전기,1
올리브영,베이스메이크업,좋이요,1
올리브영,베이스메이크업,불편해,1
올리브영,베이스메이크업,찐득하지,1
올리브영,베이스메이크업,귀찮을,1
올리브영,베이스메이크업,예민한데,1
올리브영,베이스메이크업,괜찮네,1
올리브영,베이스메이크업,만족스러웠습니다,1
올리브영,베이스메이크업,뛰어나서,1
올리브영,베이스메이크업,균일하게,1
올리브영,베이스메이크업,힘듭니다,1
올리브영,베이스메이크업,라서,1
올리브영,베이스메이크업,시원해지고,1
올리브영,베이스메이크업,촉촉합니다,1
올리브영,베이스메이크업,필요하니,1
올리브영,베이스메이크업,꺄,1
올리브영,베이스메이크업,삿,1
올리브영,베이스메이크업,실망했어요,1
올리브영,베이스메이크업,한정,1
올리브영,베이스메이크업,촤,1
올리브영,베이스메이크업,아악,1
올리브영,베이스메이크업,건조합니다,1
올리브영,베이스메이크업,유투브,1
올리브영,베이스메이크업,법,1
올리브영,베이스메이크업,적합하지,1
올리브영,베이스메이크업,겟했네,1
올리브영,베이스메이크업,꿀광,1
올리브영,베이스메이크업,시려요,1
올리브영,베이스메이크업,그럴까,1
올리브영,베이스메이크업,심하,1
올리브영,베이스메이크업,개꿀,1
올리브영,베이스메이크업,좋으니,1
올리브영,베이스메이크업,아까운거,1
올리브영,베이스메이크업,같을,1
올리브영,베이스메이크업,불구,1
올리브영,베이스메이크업,쟁겨둘까,1
올리브영,베이스메이크업,건조하던,1
올리브영,베이스메이크업,촉촉해지면서,1
올리브영,베이스메이크업,삶,1
올리브영,베이스메이크업,질,1
올리브영,베이스메이크업,상승,1
올리브영,베이스메이크업,젤,1
올리브영,베이스메이크업,편할,1
올리브영,베이스메이크업,먼저,1
올리브영,베이스메이크업,그다음,1
올리브영,베이스메이크업,확실,1
올리브영,베이스메이크업,촉촉하더군요,1
올리브영,베이스메이크업,행인,1
올리브영,베이스메이크업,약한,1
올리브영,베이스메이크업,귀엽다고,1
올리브영,베이스메이크업,부러워했,1
올리브영,베이스메이크업,비싸지만,1
올리브영,베이스메이크업,너므,1
올리브영,베이스메이크업,젛아,1
올리브영,베이스메이크업,광도,1
올리브영,베이스메이크업,지난번,1
올리브영,베이스메이크업,콜라보,1
올리브영,베이스메이크업,귀엽고,1
올리브영,베이스메이크업,아벤느,1
올리브영,베이스메이크업,쵹쵹,1
올리브영,베이스메이크업,이쁨요,1
올리브영,베이스메이크업,생얼,1
올리브영,베이스메이크업,장난,1
올리브영,베이스메이크업,아니게,1
올리브영,베이스메이크업,있더라구요,1
올리브영,베이스메이크업,쟁여둘,1
올리브영,베이스메이크업,칭찬,1
올리브영,베이스메이크업,아쉽네,1
올리브영,베이스메이크업,단종,1
올리브영,베이스메이크업,살수,1
올리브영,베이스메이크업,없었어요,1
올리브영,베이스메이크업,평이,1
올리브영,베이스메이크업,평생,1
올리브영,베이스메이크업,토니,1
올리브영,베이스메이크업,다기,1
올리브영,베이스메이크업,화사함에,1
올리브영,베이스메이크업,가까운,1
올리브영,베이스메이크업,만족하면서,1
올리브영,베이스메이크업,촉촉해진다,1
올리브영,베이스메이크업,여러가지,1
올리브영,베이스메이크업,태도,1
올리브영,베이스메이크업,좋았습니다,1
올리브영,베이스메이크업,안되고,1
올리브영,베이스메이크업,샘플,1
올리브영,베이스메이크업,작은것도,1
올리브영,베이스메이크업,뻔했어용,1
올리브영,베이스메이크업,아쉽지만,1
올리브영,베이스메이크업,충분한,1
올리브영,베이스메이크업,달반,1
올리브영,베이스메이크업,이신,1
올리브영,베이스메이크업,훨,1
올리브영,베이스메이크업,노민우,1
올리브영,베이스메이크업,어쨌든,1
올리브영,베이스메이크업,진해서,1
올리브영,베이스메이크업,진한,1
올리브영,베이스메이크업,좋아하지,1
올리브영,베이스메이크업,통틀어,1
올리브영,베이스메이크업,딱좋아,1
올리브영,베이스메이크업,있겠어요,1
올리브영,베이스메이크업,거북하지,1
올리브영,베이스메이크업,달달,1
올리브영,베이스메이크업,가까운인데,1
올리브영,베이스메이크업,키링,1
올리브영,베이스메이크업,스티커,1
올리브영,베이스메이크업,떼,1
올리브영,베이스메이크업,없습니다,1
올리브영,베이스메이크업,가능해서,1
올리브영,베이스메이크업,영업,1
올리브영,베이스메이크업,성공,1
올리브영,베이스메이크업,삿숩니,1
올리브영,베이스메이크업,좋아오,1
올리브영,베이스메이크업,댜,1
올리브영,베이스메이크업,실,1
올리브영,베이스메이크업,드하,1
올리브영,베이스메이크업,는걸,1
올리브영,베이스메이크업,임팩트,1
올리브영,베이스메이크업,두통,1
올리브영,베이스메이크업,두드러기,1
올리브영,베이스메이크업,새카맣,1
올리브영,베이스메이크업,있었네요,1
올리브영,베이스메이크업,예민하신,1
올리브영,베이스메이크업,스탈,1
올리브영,베이스메이크업,작은건,1
올리브영,베이스메이크업,보부상,1
올리브영,베이스메이크업,가능합니다,1
올리브영,베이스메이크업,있던데,1
올리브영,베이스메이크업,이끼,1
올리브영,베이스메이크업,사인,1
올리브영,베이스메이크업,분리,1
올리브영,베이스메이크업,넓어,1
올리브영,베이스메이크업,불편했습니다,1
올리브영,베이스메이크업,잘맞고,1
올리브영,베이스메이크업,부족하지,1
올리브영,베이스메이크업,원플러스원,1
올리브영,베이스메이크업,도자기,1
올리브영,베이스메이크업,페이보릿,1
올리브영,베이스메이크업,녀석,1
올리브영,베이스메이크업,조아용,1
올리브영,베이스메이크업,큼지막하게,1
올리브영,베이스메이크업,나오니,1
올리브영,베이스메이크업,좋아했어,1
올리브영,베이스메이크업,생신,1
올리브영,베이스메이크업,좋아하시는,1
올리브영,베이스메이크업,앰풀,1
올리브영,베이스메이크업,넉넉하고,1
올리브영,베이스메이크업,투,1
올리브영,베이스메이크업,트트,1
올리브영,베이스메이크업,니나,1
올리브영,베이스메이크업,뉴뉴,1
올리브영,베이스메이크업,챠,1
올리브영,베이스메이크업,추튜노,1
올리브영,베이스메이크업,낸오엍,1
올리브영,베이스메이크업,쿨링,1
올리브영,베이스메이크업,보더,1
올리브영,베이스메이크업,이쁘다고,1
올리브영,베이스메이크업,사보,1
올리브영,베이스메이크업,무겁지도,1
올리브영,베이스메이크업,생강,1
올리브영,베이스메이크업,인지도,1
올리브영,베이스메이크업,오구,1
올리브영,베이스메이크업,착챡,1
올리브영,베이스메이크업,고운,1
올리브영,베이스메이크업,깔끔하게,1
올리브영,베이스메이크업,가득하고,1
올리브영,베이스메이크업,듬뿍,1
올리브영,베이스메이크업,기특한,1
올리브영,베이스메이크업,햐,1
올리브영,베이스메이크업,그러다,1
올리브영,베이스메이크업,푸석푸석해요,1
올리브영,베이스메이크업,지성은,1
올리브영,베이스메이크업,파앤,1
올리브영,베이스메이크업,모색,1
올리브영,베이스메이크업,아쥬,1
올리브영,베이스메이크업,요물,1
올리브영,베이스메이크업,더해져서,1
올리브영,베이스메이크업,덤,1
올리브영,베이스메이크업,턱,1
올리브영,베이스메이크업,뿜뿜하,1
올리브영,베이스메이크업,촉촉함의,1
올리브영,베이스메이크업,미쳣어,1
올리브영,베이스메이크업,읭,1
올리브영,베이스메이크업,미쳣으,1
올리브영,베이스메이크업,된거,1
올리브영,베이스메이크업,사제품,1
올리브영,베이스메이크업,편히,1
올리브영,베이스메이크업,기면,1
올리브영,베이스메이크업,증말,1
올리브영,베이스메이크업,조습니다,1
올리브영,베이스메이크업,진해서여,1
올리브영,베이스메이크업,괜찮네요,1
올리브영,베이스메이크업,딱이에요,1
올리브영,베이스메이크업,같은건,1
올리브영,베이스메이크업,자꾸나,1
올리브영,베이스메이크업,안나,1
올리브영,베이스메이크업,헤비,1
올리브영,베이스메이크업,놨는데,1
올리브영,베이스메이크업,거만,1
올리브영,베이스메이크업,중대,1
올리브영,베이스메이크업,획일,1
올리브영,베이스메이크업,꼬,1
올리브영,베이스메이크업,적하,1
올리브영,베이스메이크업,스러웠는데,1
올리브영,베이스메이크업,예민하기,1
올리브영,베이스메이크업,사량,1
올리브영,베이스메이크업,진짜진짜,1
올리브영,베이스메이크업,왕대,1
올리브영,베이스메이크업,이용,1
올리브영,베이스메이크업,별루였슴다,1
올리브영,베이스메이크업,좋앗을것,1
올리브영,베이스메이크업,됩니댱,1
올리브영,베이스메이크업,왕창,1
올리브영,베이스메이크업,떠버리,1
올리브영,베이스메이크업,출퇴근,1
올리브영,베이스메이크업,차안,1
올리브영,베이스메이크업,우연,1
올리브영,베이스메이크업,기회,1
올리브영,베이스메이크업,출동,1
올리브영,베이스메이크업,딸램,1
올리브영,베이스메이크업,남도,1
올리브영,베이스메이크업,레몬,1
올리브영,베이스메이크업,엄미줬었눈,1
올리브영,베이스메이크업,흠,1
올리브영,베이스메이크업,팔다리,1
올리브영,베이스메이크업,고요,1
올리브영,베이스메이크업,금제,1
올리브영,베이스메이크업,여친,1
올리브영,베이스메이크업,맛,1
올리브영,베이스메이크업,하하,1
올리브영,베이스메이크업,은것,1
올리브영,베이스메이크업,레전드,1
올리브영,베이스메이크업,중성,1
올리브영,베이스메이크업,사은,1
올리브영,베이스메이크업,패딩,1
올리브영,베이스메이크업,직접,1
올리브영,베이스메이크업,물리,1
올리브영,베이스메이크업,거기,1
올리브영,베이스메이크업,답답하지,1
올리브영,베이스메이크업,힘드실,1
올리브영,베이스메이크업,갈릴,1
올리브영,베이스메이크업,넓어서,1
올리브영,베이스메이크업,신기함,1
올리브영,베이스메이크업,중독,1
올리브영,베이스메이크업,빵빵,1
올리브영,베이스메이크업,아니었지만,1
올리브영,베이스메이크업,곂,1
올리브영,베이스메이크업,레이,1
올리브영,베이스메이크업,러링,1
올리브영,베이스메이크업,플로,1
올리브영,베이스메이크업,러향,1
올리브영,베이스메이크업,사이,1
올리브영,베이스메이크업,내년,1
올리브영,베이스메이크업,저렴함,1
올리브영,베이스메이크업,비싸더라도,1
올리브영,베이스메이크업,갠찮,1
올리브영,베이스메이크업,앰,1
올리브영,베이스메이크업,좋어,1
올리브영,베이스메이크업,빠른게,1
올리브영,베이스메이크업,대충,1
올리브영,베이스메이크업,수시,1
올리브영,베이스메이크업,득템,1
올리브영,베이스메이크업,가능할,1
올리브영,베이스메이크업,욕실,1
올리브영,베이스메이크업,힘들지만,1
올리브영,베이스메이크업,건조하다,1
올리브영,베이스메이크업,여기저기,1
올리브영,베이스메이크업,도포,1
올리브영,베이스메이크업,머리카락,1
올리브영,베이스메이크업,인공,1
올리브영,베이스메이크업,자체,1
올리브영,베이스메이크업,극심한,1
올리브영,베이스메이크업,가볍지만은,1
올리브영,베이스메이크업,데바,1
올리브영,베이스메이크업,촵,1
올리브영,베이스메이크업,좋아하던,1
올리브영,베이스메이크업,있긴하더라구요,1
올리브영,베이스메이크업,수건,1
올리브영,베이스메이크업,그르케,1
올리브영,베이스메이크업,초등학교,1
올리브영,베이스메이크업,튼튼한,1
올리브영,베이스메이크업,착착,1
올리브영,베이스메이크업,기고,1
올리브영,베이스메이크업,바쁜,1
올리브영,베이스메이크업,현대인,1
올리브영,베이스메이크업,없죠,1
올리브영,베이스메이크업,건조해진다는,1
올리브영,베이스메이크업,이야기,1
올리브영,베이스메이크업,볼쪽,1
올리브영,베이스메이크업,안보,1
올리브영,베이스메이크업,띵했는데,1
올리브영,베이스메이크업,추추,1
올리브영,베이스메이크업,작은거,1
올리브영,베이스메이크업,똑같은걸,1
올리브영,베이스메이크업,이쁘고,1
올리브영,베이스메이크업,한마디,1
올리브영,베이스메이크업,써왓던거,1
올리브영,베이스메이크업,진자,1
올리브영,베이스메이크업,에듀,1
올리브영,베이스메이크업,꾸준하게,1
올리브영,베이스메이크업,방지,1
올리브영,베이스메이크업,간편하고,1
올리브영,베이스메이크업,스트레스,1
올리브영,베이스메이크업,뻣뻣한,1
올리브영,베이스메이크업,유용했고,1
올리브영,베이스메이크업,색,1
올리브영,베이스메이크업,싫어하셔서,1
올리브영,베이스메이크업,계십니다,1
올리브영,베이스메이크업,간편해서,1
올리브영,베이스메이크업,이미지,1
올리브영,베이스메이크업,만족했었거든요,1
올리브영,베이스메이크업,괜찮을만큼,1
올리브영,베이스메이크업,순한,1
올리브영,베이스메이크업,향료,1
올리브영,베이스메이크업,괜찮았구요,1
올리브영,베이스메이크업,빨랐고,1
올리브영,베이스메이크업,다양하게,1
올리브영,베이스메이크업,지게,1
올리브영,베이스메이크업,가볍다는,1
올리브영,베이스메이크업,있길래,1
올리브영,베이스메이크업,같긴,1
올리브영,베이스메이크업,국민,1
올리브영,베이스메이크업,간편하며,1
올리브영,베이스메이크업,귀중한,1
올리브영,베이스메이크업,촉촉하면서도,1
올리브영,베이스메이크업,그이,1
올리브영,베이스메이크업,명,1
올리브영,베이스메이크업,팔,1
올리브영,베이스메이크업,안좋고,1
올리브영,베이스메이크업,필요한데,1
올리브영,베이스메이크업,탁월하네요,1
올리브영,베이스메이크업,안될만큼,1
올리브영,베이스메이크업,잠깐,1
올리브영,베이스메이크업,건조해지잖아요,1
올리브영,베이스메이크업,촉촉하지만,1
올리브영,베이스메이크업,상대,1
올리브영,베이스메이크업,소진,1
올리브영,베이스메이크업,옶어,1
올리브영,베이스메이크업,산품,1
올리브영,베이스메이크업,상관,1
올리브영,베이스메이크업,반짝임,1
올리브영,베이스메이크업,소리,1
올리브영,베이스메이크업,접,1
올리브영,베이스메이크업,좋았다고,1
올리브영,베이스메이크업,좋을수있을까,1
올리브영,베이스메이크업,좋다는,1
올리브영,베이스메이크업,익숙해서,1
올리브영,베이스메이크업,건조해지는게,1
올리브영,베이스메이크업,싫거든요,1
올리브영,베이스메이크업,퍼센트,1
올리브영,베이스메이크업,순,1
올리브영,베이스메이크업,구비,1
올리브영,베이스메이크업,촉촉하더라구요,1
올리브영,베이스메이크업,빛,1
올리브영,베이스메이크업,예뻤어요,1
올리브영,베이스메이크업,품사,1
올리브영,베이스메이크업,가능하니,1
올리브영,베이스메이크업,덜해서,1
올리브영,베이스메이크업,부담스러웠던,1
올리브영,베이스메이크업,잘맞을,1
올리브영,베이스메이크업,같어,1
올리브영,베이스메이크업,레드,1
올리브영,베이스메이크업,구원,1
올리브영,베이스메이크업,도조,1
올리브영,베이스메이크업,는고,1
올리브영,베이스메이크업,재질,1
올리브영,베이스메이크업,빨르,1
올리브영,베이스메이크업,좋아하시더라구요,1
올리브영,베이스메이크업,이상하게,1
올리브영,베이스메이크업,무거워,1
올리브영,베이스메이크업,방안,1
올리브영,베이스메이크업,심하지,1
올리브영,베이스메이크업,딱입니다,1
올리브영,베이스메이크업,예술,1
올리브영,베이스메이크업,없어서는,1
올리브영,베이스메이크업,촉촉함과,1
올리브영,베이스메이크업,대단한거,1
올리브영,베이스메이크업,같진,1
올리브영,베이스메이크업,비슷,1
올리브영,베이스메이크업,비슷하,1
올리브영,베이스메이크업,햐주,1
올리브영,베이스메이크업,모금,1
올리브영,베이스메이크업,더워서,1
올리브영,베이스메이크업,건조해지지,1
올리브영,베이스메이크업,빨간색,1
올리브영,베이스메이크업,럼층,1
올리브영,베이스메이크업,간격,1
올리브영,베이스메이크업,꼭꼭,1
올리브영,베이스메이크업,감고,1
올리브영,베이스메이크업,많아,1
올리브영,베이스메이크업,진정할,1
올리브영,베이스메이크업,택했어,1
올리브영,베이스메이크업,터,1
올리브영,베이스메이크업,습한,1
올리브영,베이스메이크업,어려웠어요,1
올리브영,베이스메이크업,한여름,1
올리브영,베이스메이크업,옐로우,1
올리브영,베이스메이크업,류,1
올리브영,베이스메이크업,덥,1
올리브영,베이스메이크업,옐로,1
올리브영,베이스메이크업,무겁게,1
올리브영,베이스메이크업,덜한,1
올리브영,베이스메이크업,같길래,1
올리브영,베이스메이크업,프로,1
올리브영,베이스메이크업,햤,1
올리브영,베이스메이크업,촉촉하면서,1
올리브영,베이스메이크업,산뜻해요,1
올리브영,베이스메이크업,갗어,1
올리브영,베이스메이크업,흐,1
올리브영,베이스메이크업,쟁여놨,1
올리브영,베이스메이크업,만족하,1
올리브영,베이스메이크업,심,1
올리브영,베이스메이크업,일어나서,1
올리브영,베이스메이크업,급,1
올리브영,베이스메이크업,무오,1
올리브영,베이스메이크업,촉촉하지도,1
올리브영,베이스메이크업,건조해졌어여,1
올리브영,베이스메이크업,놀래서,1
올리브영,베이스메이크업,좋단,1
올리브영,베이스메이크업,애기,1
올리브영,베이스메이크업,같네,1
올리브영,베이스메이크업,표면,1
올리브영,베이스메이크업,부드러워져요,1
올리브영,베이스메이크업,솜털,1
올리브영,베이스메이크업,보드랍게,1
올리브영,베이스메이크업,산뜻하니,1
올리브영,베이스메이크업,혔었,1
올리브영,베이스메이크업,이틀,1
올리브영,베이스메이크업,있어용,1
올리브영,베이스메이크업,독하지,1
올리브영,베이스메이크업,괜춘해,1
올리브영,베이스메이크업,고여,1
올리브영,베이스메이크업,쪼꼼,1
올리브영,베이스메이크업,성인,1
올리브영,베이스메이크업,제겐,1
올리브영,베이스메이크업,낫다,1
올리브영,베이스메이크업,향끈,1
올리브영,베이스메이크업,뮤거운,1
올리브영,베이스메이크업,괜찮은데,1
올리브영,베이스메이크업,약하고,1
올리브영,베이스메이크업,아쉬워,1
올리브영,베이스메이크업,괜찮지만,1
올리브영,베이스메이크업,분횽이,1
올리브영,베이스메이크업,같긴한데,1
올리브영,베이스메이크업,같네욯,1
올리브영,베이스메이크업,성용,1
올리브영,베이스메이크업,묘,1
올리브영,베이스메이크업,실수,1
올리브영,베이스메이크업,산뜻하고,1
올리브영,베이스메이크업,기대하고,1
올리브영,베이스메이크업,대요,1
올리브영,베이스메이크업,마찬가지,1
올리브영,베이스메이크업,딱이라고,1
올리브영,베이스메이크업,산뜻해,1
올리브영,베이스메이크업,사춘기,1
올리브영,베이스메이크업,아들,1
올리브영,베이스메이크업,점원,1
올리브영,베이스메이크업,귀차니즘,1
올리브영,베이스메이크업,저하,1
올리브영,베이스메이크업,부탁,1
올리브영,베이스메이크업,가벼워요,1
올리브영,베이스메이크업,좋아하네요,1
올리브영,베이스메이크업,좋아할,1
올리브영,베이스메이크업,보지,1
올리브영,베이스메이크업,직장,1
올리브영,베이스메이크업,댕김,1
올리브영,베이스메이크업,공간,1
올리브영,베이스메이크업,피곤한거,1
올리브영,베이스메이크업,비싸긴한데,1
올리브영,베이스메이크업,달바이므,1
올리브영,베이스메이크업,좋겠지,1
올리브영,베이스메이크업,따갑니도,1
올리브영,베이스메이크업,보들보들해서,1
올리브영,베이스메이크업,괜찮다고,1
올리브영,베이스메이크업,저렴해서,1
올리브영,베이스메이크업,호기심,1
올리브영,베이스메이크업,레,1
올리브영,베이스메이크업,안힐거같은느,1
올리브영,베이스메이크업,편리한,1
올리브영,베이스메이크업,작성,1
올리브영,베이스메이크업,측면,1
올리브영,베이스메이크업,있었는지도,1
올리브영,베이스메이크업,언급,1
올리브영,베이스메이크업,유용한,1
올리브영,베이스메이크업,우수합니다,1
올리브영,베이스메이크업,부드러워지는,1
올리브영,베이스메이크업,있었습니다,1
올리브영,베이스메이크업,상쾌한,1
올리브영,베이스메이크업,이중,1
올리브영,베이스메이크업,가치,1
올리브영,베이스메이크업,환하게,1
올리브영,베이스메이크업,위해,1
올리브영,베이스메이크업,개발,1
올리브영,베이스메이크업,주,1
올리브영,베이스메이크업,주요,1
올리브영,베이스메이크업,특징,1
올리브영,베이스메이크업,발리,1
올리브영,베이스메이크업,향상,1
올리브영,베이스메이크업,느슨해진,1
올리브영,베이스메이크업,톤,1
올리브영,베이스메이크업,화사하고,1
올리브영,베이스메이크업,편리함,1
올리브영,베이스메이크업,서나,1
올리브영,베이스메이크업,생활,1
올리브영,베이스메이크업,적합합니다,1
올리브영,베이스메이크업,좋겠더라구요,1
올리브영,베이스메이크업,잘맞아요,1
올리브영,베이스메이크업,올리브,1
올리브영,베이스메이크업,폭,1
올리브영,베이스메이크업,좋겠어,1
올리브영,베이스메이크업,일부,1
올리브영,베이스메이크업,피로,1
올리브영,베이스메이크업,흔적,1
올리브영,베이스메이크업,현미경,1
올리브영,베이스메이크업,요소,1
올리브영,베이스메이크업,젊고,1
올리브영,베이스메이크업,지원,1
올리브영,베이스메이크업,결론,1
올리브영,베이스메이크업,오지,1
올리브영,베이스메이크업,그런건,1
올리브영,베이스메이크업,더구만,1
올리브영,베이스메이크업,분명히,1
올리브영,베이스메이크업,마케팅,1
올리브영,베이스메이크업,좋다더니,1
올리브영,베이스메이크업,왜글치,1
올리브영,베이스메이크업,화해,1
올리브영,베이스메이크업,앱,1
올리브영,베이스메이크업,안좋은,1
올리브영,베이스메이크업,있도라구요,1
올리브영,베이스메이크업,있으신,1
올리브영,베이스메이크업,같으니,1
올리브영,베이스메이크업,주의,1
올리브영,베이스메이크업,아까워서,1
올리브영,베이스메이크업,갠,1
올리브영,베이스메이크업,유리아,1
올리브영,베이스메이크업,쥬,1
올리브영,베이스메이크업,바이오,1
올리브영,베이스메이크업,힐보,1
올리브영,베이스메이크업,카인,1
올리브영,클렌징,피부,421
올리브영,클렌징,자극,270
올리브영,클렌징,세안,238
올리브영,클렌징,피지,228
올리브영,클렌징,클렌징,206
올리브영,클렌징,향,201
올리브영,클렌징,후,164
올리브영,클렌징,거품,161
올리브영,클렌징,느낌,155
올리브영,클렌징,정력,149
올리브영,클렌징,팩,131
올리브영,클렌징,오일,123
올리브영,클렌징,블랙,118
올리브영,클렌징,헤드,112
올리브영,클렌징,제거,108
올리브영,클렌징,추천,106
올리브영,클렌징,효과,102
올리브영,클렌징,산성,100
올리브영,클렌징,클렌징폼,91
올리브영,클렌징,모공,89
올리브영,클렌징,습,81
올리브영,클렌징,정도,81
올리브영,클렌징,얼굴,80
올리브영,클렌징,녹두,79
올리브영,클렌징,브러쉬,78
올리브영,클렌징,폼,75
올리브영,클렌징,화장,73
올리브영,클렌징,코,73
올리브영,클렌징,좋아,71
올리브영,클렌징,없고,71
올리브영,클렌징,같아,68
올리브영,클렌징,분,65
올리브영,클렌징,마녀,62
올리브영,클렌징,공장,61
올리브영,클렌징,휩드,59
올리브영,클렌징,걸,58
올리브영,클렌징,편이,57
올리브영,클렌징,메이크업,54
올리브영,클렌징,형,54
올리브영,클렌징,다른,53
올리브영,클렌징,감,53
올리브영,클렌징,건성,53
올리브영,클렌징,마무리,52
올리브영,클렌징,용,52
올리브영,클렌징,마음에 들다,51
올리브영,클렌징,순하고,51
올리브영,클렌징,솜,51
올리브영,클렌징,플레인,49
올리브영,클렌징,여드름,48
올리브영,클렌징,머그,48
올리브영,클렌징,트리,48
올리브영,클렌징,트러블,47
올리브영,클렌징,물,46
올리브영,클렌징,전,45
올리브영,클렌징,냄새,45
올리브영,클렌징,지성,44
올리브영,클렌징,해,44
올리브영,클렌징,같은,43
올리브영,클렌징,관리,42
올리브영,클렌징,계속,42
올리브영,클렌징,자주,42
올리브영,클렌징,일소,42
올리브영,클렌징,코팩,42
올리브영,클렌징,기분,41
올리브영,클렌징,타입,40
올리브영,클렌징,고민,40
올리브영,클렌징,그냥,40
올리브영,클렌징,기획,40
올리브영,클렌징,민감,39
올리브영,클렌징,클렌저,38
올리브영,클렌징,각질,38
올리브영,클렌징,부드럽게,38
올리브영,클렌징,아침,38
올리브영,클렌징,있어,37
올리브영,클렌징,확실히,37
올리브영,클렌징,용량,37
올리브영,클렌징,알갱이,36
올리브영,클렌징,유화,36
올리브영,클렌징,버터,35
올리브영,클렌징,약간,35
올리브영,클렌징,성분,34
올리브영,클렌징,폼클렌징,34
올리브영,클렌징,꾸준히,33
올리브영,클렌징,항상,33
올리브영,클렌징,입니,32
올리브영,클렌징,케어,32
올리브영,클렌징,무,32
올리브영,클렌징,그,32
올리브영,클렌징,없어서,32
올리브영,클렌징,완전,31
올리브영,클렌징,화제,31
올리브영,클렌징,깨끗하게,30
올리브영,클렌징,거기,30
올리브영,클렌징,너,30
올리브영,클렌징,튜브,29
올리브영,클렌징,바로,29
올리브영,클렌징,때문,29
올리브영,클렌징,증정,28
올리브영,클렌징,손,28
올리브영,클렌징,롤링,27
올리브영,클렌징,건,27
올리브영,클렌징,무난,27
올리브영,클렌징,사람,27
올리브영,클렌징,좋았어요,26
올리브영,클렌징,날,26
올리브영,클렌징,복합,26
올리브영,클렌징,진정,25
올리브영,클렌징,게,25
올리브영,클렌징,도움,25
올리브영,클렌징,자몽,25
올리브영,클렌징,그런지,25
올리브영,클렌징,꼭,25
올리브영,클렌징,템,25
올리브영,클렌징,부드럽고,24
올리브영,클렌징,촉촉하고,24
올리브영,클렌징,있는데,24
올리브영,클렌징,순해서,24
올리브영,클렌징,리뷰,23
올리브영,클렌징,무화과,23
올리브영,클렌징,보,23
올리브영,클렌징,요즘,23
올리브영,클렌징,있을,23
올리브영,클렌징,가장,23
올리브영,클렌징,클렌징오일,23
올리브영,클렌징,좋은데,23
올리브영,클렌징,점,22
올리브영,클렌징,상큼,22
올리브영,클렌징,별로,22
올리브영,클렌징,편,22
올리브영,클렌징,용감,22
올리브영,클렌징,수분,22
올리브영,클렌징,부지,22
올리브영,클렌징,좋을,22
올리브영,클렌징,없어요,22
올리브영,클렌징,있,22
올리브영,클렌징,말,22
올리브영,클렌징,그런,22
올리브영,클렌징,징,22
올리브영,클렌징,거의,22
올리브영,클렌징,선크림,21
올리브영,클렌징,도,21
올리브영,클렌징,부분,21
올리브영,클렌징,의사,21
올리브영,클렌징,정착,21
올리브영,클렌징,클렌,21
올리브영,클렌징,예전,20
올리브영,클렌징,선물,20
올리브영,클렌징,평소,20
올리브영,클렌징,사진,20
올리브영,클렌징,팩클렌저,19
올리브영,클렌징,순한,19
올리브영,클렌징,눈,19
올리브영,클렌징,기지,19
올리브영,클렌징,양,19
올리브영,클렌징,보습,19
올리브영,클렌징,나쁘지,19
올리브영,클렌징,볼,19
올리브영,클렌징,없는,19
올리브영,클렌징,같,19
올리브영,클렌징,이런,19
올리브영,클렌징,맨,19
올리브영,클렌징,깔끔하게,18
올리브영,클렌징,통,18
올리브영,클렌징,덜,18
올리브영,클렌징,함,18
올리브영,클렌징,정리,17
올리브영,클렌징,가지,17
올리브영,클렌징,생크림,17
올리브영,클렌징,모양,17
올리브영,클렌징,세트,17
올리브영,클렌징,건조하지,17
올리브영,클렌징,유자,17
올리브영,클렌징,합,17
올리브영,클렌징,좋다고,17
올리브영,클렌징,올리브영,17
올리브영,클렌징,무조건,17
올리브영,클렌징,가성비,17
올리브영,클렌징,위,17
올리브영,클렌징,소프트,17
올리브영,클렌징,이유,16
올리브영,클렌징,쫀쫀,16
올리브영,클렌징,다시,16
올리브영,클렌징,친구,16
올리브영,클렌징,작은,16
올리브영,클렌징,모두,16
올리브영,클렌징,할인,16
올리브영,클렌징,매일,16
올리브영,클렌징,앞,16
올리브영,클렌징,아니라,15
올리브영,클렌징,부드러운,15
올리브영,클렌징,노폐물,15
올리브영,클렌징,상태,15
올리브영,클렌징,스킨,15
올리브영,클렌징,괜찮은,15
올리브영,클렌징,같습니다,15
올리브영,클렌징,힘,15
올리브영,클렌징,잔,15
올리브영,클렌징,전혀,15
올리브영,클렌징,구성,15
올리브영,클렌징,렌징,15
올리브영,클렌징,일주일,15
올리브영,클렌징,비건,14
올리브영,클렌징,걱정,14
올리브영,클렌징,유명한,14
올리브영,클렌징,세수,14
올리브영,클렌징,촉촉해서,14
올리브영,클렌징,시간,14
올리브영,클렌징,덕,14
올리브영,클렌징,많은,14
올리브영,클렌징,촉촉하게,14
올리브영,클렌징,색,14
올리브영,클렌징,브랜드,14
올리브영,클렌징,아니고,14
올리브영,클렌징,턱,14
올리브영,클렌징,잘나고,14
올리브영,클렌징,개인,14
올리브영,클렌징,이중,14
올리브영,클렌징,난,14
올리브영,클렌징,년,14
올리브영,클렌징,막,14
올리브영,클렌징,오히려,13
올리브영,클렌징,만족,13
올리브영,클렌징,살짝,13
올리브영,클렌징,역시,13
올리브영,클렌징,겨울,13
올리브영,클렌징,일반,13
올리브영,클렌징,영,13
올리브영,클렌징,뭔가,13
올리브영,클렌징,저녁,13
올리브영,클렌징,정,13
올리브영,클렌징,알,13
올리브영,클렌징,샤워,13
올리브영,클렌징,주,13
올리브영,클렌징,지금,13
올리브영,클렌징,화이트헤드,13
올리브영,클렌징,통째,13
올리브영,클렌징,과정,13
올리브영,클렌징,몇,13
올리브영,클렌징,못,13
올리브영,클렌징,속,12
올리브영,클렌징,무엇,12
올리브영,클렌징,크림,12
올리브영,클렌징,이건,12
올리브영,클렌징,부위,12
올리브영,클렌징,뭐,12
올리브영,클렌징,꽤,12
올리브영,클렌징,좋았습니다,12
올리브영,클렌징,이제,12
올리브영,클렌징,내,12
올리브영,클렌징,딱히,12
올리브영,클렌징,부담스럽지 않은,12
올리브영,클렌징,존,12
올리브영,클렌징,토너,12
올리브영,클렌징,대신,12
올리브영,클렌징,마스카라,12
올리브영,클렌징,없어,12
올리브영,클렌징,동시,11
올리브영,클렌징,워낙,11
올리브영,클렌징,질감,11
올리브영,클렌징,휘핑크림,11
올리브영,클렌징,결,11
올리브영,클렌징,우선,11
올리브영,클렌징,기대,11
올리브영,클렌징,싹,11
올리브영,클렌징,동생,11
올리브영,클렌징,크게,11
올리브영,클렌징,수도,11
올리브영,클렌징,편하고,11
올리브영,클렌징,유명해서,11
올리브영,클렌징,있었는데,11
올리브영,클렌징,소량,11
올리브영,클렌징,구,11
올리브영,클렌징,기름,11
올리브영,클렌징,다만,11
올리브영,클렌징,자체,11
올리브영,클렌징,없음,11
올리브영,클렌징,행사,11
올리브영,클렌징,밤,11
올리브영,클렌징,금방,11
올리브영,클렌징,젤,11
올리브영,클렌징,불리,11
올리브영,클렌징,마스크,11
올리브영,클렌징,추가,10
올리브영,클렌징,유지,10
올리브영,클렌징,예민한,10
올리브영,클렌징,예정,10
올리브영,클렌징,이상,10
올리브영,클렌징,품,10
올리브영,클렌징,가끔,10
올리브영,클렌징,주문,10
올리브영,클렌징,집,10
올리브영,클렌징,최고,10
올리브영,클렌징,아니지만,10
올리브영,클렌징,기존,10
올리브영,클렌징,쭉,10
올리브영,클렌징,뒤,10
올리브영,클렌징,이후,10
올리브영,클렌징,있다고,9
올리브영,클렌징,초록색,9
올리브영,클렌징,촉촉한,9
올리브영,클렌징,소리,9
올리브영,클렌징,거나,9
올리브영,클렌징,세척,9
올리브영,클렌징,분기,9
올리브영,클렌징,위생,9
올리브영,클렌징,좋았고,9
올리브영,클렌징,용기,9
올리브영,클렌징,단지,9
올리브영,클렌징,궁금해서,9
올리브영,클렌징,기도,9
올리브영,클렌징,적당한,9
올리브영,클렌징,건조한,9
올리브영,클렌징,온,9
올리브영,클렌징,샘플,9
올리브영,클렌징,좋더라구요,9
올리브영,클렌징,솔직히,9
올리브영,클렌징,경우,9
올리브영,클렌징,많아서,9
올리브영,클렌징,등,9
올리브영,클렌징,나비,9
올리브영,클렌징,미,9
올리브영,클렌징,좁쌀,9
올리브영,클렌징,두,9
올리브영,클렌징,왜,9
올리브영,클렌징,땐,9
올리브영,클렌징,뚜껑,9
올리브영,클렌징,동안,9
올리브영,클렌징,단점,9
올리브영,클렌징,파우더,9
올리브영,클렌징,소코,9
올리브영,클렌징,연화,9
올리브영,클렌징,선택,8
올리브영,클렌징,충분히,8
올리브영,클렌징,패키지,8
올리브영,클렌징,성하게,8
올리브영,클렌징,촉촉함이,8
올리브영,클렌징,만족해요,8
올리브영,클렌징,굉장히,8
올리브영,클렌징,광고,8
올리브영,클렌징,워,8
올리브영,클렌징,없었습니다,8
올리브영,클렌징,사실,8
올리브영,클렌징,가볍게,8
올리브영,클렌징,장점,8
올리브영,클렌징,참고,8
올리브영,클렌징,깔끔히,8
올리브영,클렌징,여러,8
올리브영,클렌징,신경,8
올리브영,클렌징,중이,8
올리브영,클렌징,처럼,8
올리브영,클렌징,같고,8
올리브영,클렌징,여름,8
올리브영,클렌징,워터,8
올리브영,클렌징,고,8
올리브영,클렌징,인기,8
올리브영,클렌징,조합,8
올리브영,클렌징,최애,8
올리브영,클렌징,김,8
올리브영,클렌징,조절,8
올리브영,클렌징,라인,8
올리브영,클렌징,좋다는,8
올리브영,클렌징,안나,8
올리브영,클렌징,오일이,8
올리브영,클렌징,만,8
올리브영,클렌징,늘,8
올리브영,클렌징,임,8
올리브영,클렌징,평,8
올리브영,클렌징,기,8
올리브영,클렌징,필링,8
올리브영,클렌징,그거,8
올리브영,클렌징,면봉,8
올리브영,클렌징,소프,8
올리브영,클렌징,기능,7
올리브영,클렌징,토,7
올리브영,클렌징,짤,7
올리브영,클렌징,자연스러움,7
올리브영,클렌징,부드러워요,7
올리브영,클렌징,향기,7
올리브영,클렌징,좋아하는,7
올리브영,클렌징,미쳤어요,7
올리브영,클렌징,위해,7
올리브영,클렌징,따뜻한,7
올리브영,클렌징,청소,7
올리브영,클렌징,모든,7
올리브영,클렌징,시,7
올리브영,클렌징,촉촉해요,7
올리브영,클렌징,해결,7
올리브영,클렌징,좋네,7
올리브영,클렌징,많고,7
올리브영,클렌징,거리,7
올리브영,클렌징,디자인,7
올리브영,클렌징,재,7
올리브영,클렌징,클린,7
올리브영,클렌징,같은데,7
올리브영,클렌징,아마,7
올리브영,클렌징,얘,7
올리브영,클렌징,만족스러워,7
올리브영,클렌징,은은한,7
올리브영,클렌징,해도,7
올리브영,클렌징,쪽,7
올리브영,클렌징,편해요,7
올리브영,클렌징,부드러워서,7
올리브영,클렌징,화장품,7
올리브영,클렌징,방법,7
올리브영,클렌징,드,7
올리브영,클렌징,악,7
올리브영,클렌징,성인,7
올리브영,클렌징,낼,7
올리브영,클렌징,만큼,7
올리브영,클렌징,주변,7
올리브영,클렌징,별,7
올리브영,클렌징,힐링,7
올리브영,클렌징,퓨어,7
올리브영,클렌징,개선,7
올리브영,클렌징,세,7
올리브영,클렌징,더블,7
올리브영,클렌징,면,7
올리브영,클렌징,여행,7
올리브영,클렌징,보통,7
올리브영,클렌징,가족,7
올리브영,클렌징,아예,7
올리브영,클렌징,듭니,7
올리브영,클렌징,리뉴얼,7
올리브영,클렌징,알칼리성,6
올리브영,클렌징,심해서,6
올리브영,클렌징,하니,6
올리브영,클렌징,굿,6
올리브영,클렌징,없으면,6
올리브영,클렌징,강추,6
올리브영,클렌징,필요한,6
올리브영,클렌징,라면,6
올리브영,클렌징,출구,6
올리브영,클렌징,같은게,6
올리브영,클렌징,기억,6
올리브영,클렌징,줄,6
올리브영,클렌징,만족합니다,6
올리브영,클렌징,편입,6
올리브영,클렌징,좋았어,6
올리브영,클렌징,쫀쫀하,6
올리브영,클렌징,호불호,6
올리브영,클렌징,짐,6
올리브영,클렌징,전체,6
올리브영,클렌징,제발,6
올리브영,클렌징,트러스,6
올리브영,클렌징,장벽,6
올리브영,클렌징,실리콘,6
올리브영,클렌징,산,6
올리브영,클렌징,최근,6
올리브영,클렌징,이름,6
올리브영,클렌징,있다가,6
올리브영,클렌징,무리,6
올리브영,클렌징,괜찮았어요,6
올리브영,클렌징,재질,6
올리브영,클렌징,아닌,6
올리브영,클렌징,촉촉,6
올리브영,클렌징,향기도,6
올리브영,클렌징,딥,6
올리브영,클렌징,약,6
올리브영,클렌징,랄,6
올리브영,클렌징,흡수,6
올리브영,클렌징,티존,6
올리브영,클렌징,건조,6
올리브영,클렌징,없습니다,6
올리브영,클렌징,미산,6
올리브영,클렌징,귀여워요,6
올리브영,클렌징,스크럽,6
올리브영,클렌징,아이,6
올리브영,클렌징,살살,6
올리브영,클렌징,잠깐,6
올리브영,클렌징,있음,6
올리브영,클렌징,순하게,6
올리브영,클렌징,편리하고,6
올리브영,클렌징,좋아하는데,6
올리브영,클렌징,유명,6
올리브영,클렌징,건조하고,6
올리브영,클렌징,마사지,6
올리브영,클렌징,그것,6
올리브영,클렌징,딸,6
올리브영,클렌징,귀찮아서,6
올리브영,클렌징,준,6
올리브영,클렌징,그렇고,6
올리브영,클렌징,럼,6
올리브영,클렌징,깔끔한,6
올리브영,클렌징,좋아여,6
올리브영,클렌징,미세먼지,6
올리브영,클렌징,질,6
올리브영,클렌징,전부,6
올리브영,클렌징,쟁여두고 싶은,6
올리브영,클렌징,기름기,6
올리브영,클렌징,주위,6
올리브영,클렌징,시작,6
올리브영,클렌징,굿굿,6
올리브영,클렌징,클렌징력,6
올리브영,클렌징,코피,6
올리브영,클렌징,더욱,6
올리브영,클렌징,기만,6
올리브영,클렌징,렌징폼,6
올리브영,클렌징,아빠,6
올리브영,클렌징,가루,6
올리브영,클렌징,쾌감,6
올리브영,클렌징,스트레스,6
올리브영,클렌징,전용,6
올리브영,클렌징,힐,6
올리브영,클렌징,개운한,5
올리브영,클렌징,특징,5
올리브영,클렌징,정돈,5
올리브영,클렌징,매끈하게,5
올리브영,클렌징,텍스처,5
올리브영,클렌징,필수,5
올리브영,클렌징,니,5
올리브영,클렌징,오늘,5
올리브영,클렌징,클랜,5
올리브영,클렌징,만족해서,5
올리브영,클렌징,딸기,5
올리브영,클렌징,오프,5
올리브영,클렌징,같네,5
올리브영,클렌징,건조함도,5
올리브영,클렌징,매하,5
올리브영,클렌징,내용물,5
올리브영,클렌징,도톰하게,5
올리브영,클렌징,시원하게,5
올리브영,클렌징,쫀쫀해,5
올리브영,클렌징,있다는,5
올리브영,클렌징,결과,5
올리브영,클렌징,괜찮네요,5
올리브영,클렌징,발리,5
올리브영,클렌징,신기해요,5
올리브영,클렌징,약산,5
올리브영,클렌징,입구,5
올리브영,클렌징,좋아해서,5
올리브영,클렌징,듬뿍,5
올리브영,클렌징,좋더라고요,5
올리브영,클렌징,남아,5
올리브영,클렌징,적,5
올리브영,클렌징,만족합니,5
올리브영,클렌징,만족해,5
올리브영,클렌징,제로,5
올리브영,클렌징,은은하게,5
올리브영,클렌징,짤때,5
올리브영,클렌징,꼼꼼하게,5
올리브영,클렌징,좋았,5
올리브영,클렌징,브러시,5
올리브영,클렌징,맛,5
올리브영,클렌징,미니,5
올리브영,클렌징,원하는,5
올리브영,클렌징,꼼꼼히,5
올리브영,클렌징,밀크,5
올리브영,클렌징,괜찮아서,5
올리브영,클렌징,뽀드득,5
올리브영,클렌징,로션,5
올리브영,클렌징,자꾸,5
올리브영,클렌징,아닌데,5
올리브영,클렌징,이구,5
올리브영,클렌징,호,5
올리브영,클렌징,게다가,5
올리브영,클렌징,폼클렌저,5
올리브영,클렌징,살,5
올리브영,클렌징,요철,5
올리브영,클렌징,단독,5
올리브영,클렌징,건강한,5
올리브영,클렌징,이마,5
올리브영,클렌징,종류,5
올리브영,클렌징,연두색,5
올리브영,클렌징,가벼운,5
올리브영,클렌징,거부,5
올리브영,클렌징,먼저,5
올리브영,클렌징,굳,5
올리브영,클렌징,그대로,5
올리브영,클렌징,편해서,5
올리브영,클렌징,음,5
올리브영,클렌징,마지막,5
올리브영,클렌징,유튜브,5
올리브영,클렌징,제외,5
올리브영,클렌징,무거운,5
올리브영,클렌징,코쪽,5
올리브영,클렌징,많았는데,5
올리브영,클렌징,나름,5
올리브영,클렌징,빠르고,5
올리브영,클렌징,아들,5
올리브영,클렌징,여,5
올리브영,클렌징,덕분,5
올리브영,클렌징,순해요,5
올리브영,클렌징,메이크,5
올리브영,클렌징,프렘,5
올리브영,클렌징,차로,5
올리브영,클렌징,평이,5
올리브영,클렌징,추,5
올리브영,클렌징,피,5
올리브영,클렌징,현상,5
올리브영,클렌징,얘기,5
올리브영,클렌징,범,5
올리브영,클렌징,붙이,5
올리브영,클렌징,안제,4
올리브영,클렌징,심하지,4
올리브영,클렌징,깨끗하고,4
올리브영,클렌징,폭,4
올리브영,클렌징,아쉬운,4
올리브영,클렌징,진,4
올리브영,클렌징,광,4
올리브영,클렌징,탄력,4
올리브영,클렌징,노란색,4
올리브영,클렌징,동봉,4
올리브영,클렌징,용도,4
올리브영,클렌징,비교,4
올리브영,클렌징,인위,4
올리브영,클렌징,도포,4
올리브영,클렌징,떡,4
올리브영,클렌징,있을줄,4
올리브영,클렌징,하나로,4
올리브영,클렌징,커버,4
올리브영,클렌징,끝,4
올리브영,클렌징,선호,4
올리브영,클렌징,형태,4
올리브영,클렌징,그때,4
올리브영,클렌징,입점,4
올리브영,클렌징,만족스럽,4
올리브영,클렌징,강,4
올리브영,클렌징,취향,4
올리브영,클렌징,맑아지는,4
올리브영,클렌징,기기,4
올리브영,클렌징,건조함이,4
올리브영,클렌징,궁금했는데,4
올리브영,클렌징,신기한,4
올리브영,클렌징,절대,4
올리브영,클렌징,촉감,4
올리브영,클렌징,좋게,4
올리브영,클렌징,사이즈,4
올리브영,클렌징,대가,4
올리브영,클렌징,굳이,4
올리브영,클렌징,의,4
올리브영,클렌징,내내,4
올리브영,클렌징,쓰시,4
올리브영,클렌징,사은,4
올리브영,클렌징,편해,4
올리브영,클렌징,은근,4
올리브영,클렌징,양으로,4
올리브영,클렌징,그럼,4
올리브영,클렌징,박스,4
올리브영,클렌징,좋겠어,4
올리브영,클렌징,냉큼,4
올리브영,클렌징,생,4
올리브영,클렌징,곳,4
올리브영,클렌징,민감한,4
올리브영,클렌징,의향,4
올리브영,클렌징,묵직한,4
올리브영,클렌징,겨울철,4
올리브영,클렌징,여기,4
올리브영,클렌징,기초,4
올리브영,클렌징,정후,4
올리브영,클렌징,촉촉해져서,4
올리브영,클렌징,같더라구요,4
올리브영,클렌징,듭,4
올리브영,클렌징,클레이,4
올리브영,클렌징,심한,4
올리브영,클렌징,아니라서,4
올리브영,클렌징,완벽하게,4
올리브영,클렌징,빠르게,4
올리브영,클렌징,신세계,4
올리브영,클렌징,검색,4
올리브영,클렌징,막상,4
올리브영,클렌징,므,4
올리브영,클렌징,시원하고,4
올리브영,클렌징,로,4
올리브영,클렌징,헹구,4
올리브영,클렌징,저렴한,4
올리브영,클렌징,포인트,4
올리브영,클렌징,다해,4
올리브영,클렌징,리무버,4
올리브영,클렌징,발라,4
올리브영,클렌징,미리,4
올리브영,클렌징,건조함,4
올리브영,클렌징,뻑뻑,4
올리브영,클렌징,변화,4
올리브영,클렌징,유목민,4
올리브영,클렌징,비슷한,4
올리브영,클렌징,있었습니다,4
올리브영,클렌징,있으면,4
올리브영,클렌징,양도,4
올리브영,클렌징,유일한,4
올리브영,클렌징,마치,4
올리브영,클렌징,하얗게,4
올리브영,클렌징,썬크림,4
올리브영,클렌징,느,4
올리브영,클렌징,쟁여두,4
올리브영,클렌징,에이,4
올리브영,클렌징,트루,4
올리브영,클렌징,여물,4
올리브영,클렌징,있더라구요,4
올리브영,클렌징,인,4
올리브영,클렌징,용법,4
올리브영,클렌징,없지만,4
올리브영,클렌징,징폼,4
올리브영,클렌징,지속,4
올리브영,클렌징,좋겠어요,4
올리브영,클렌징,산뜻하고,4
올리브영,클렌징,이서,4
올리브영,클렌징,적극,4
올리브영,클렌징,좋을것,4
올리브영,클렌징,최,4
올리브영,클렌징,끈,4
올리브영,클렌징,경제,4
올리브영,클렌징,당첨,4
올리브영,클렌징,순한데,4
올리브영,클렌징,인생,4
올리브영,클렌징,많아,4
올리브영,클렌징,좋아용,4
올리브영,클렌징,확,4
올리브영,클렌징,지도,4
올리브영,클렌징,여러분,4
올리브영,클렌징,순위,4
올리브영,클렌징,주의,4
올리브영,클렌징,마침,4
올리브영,클렌징,엄마,4
올리브영,클렌징,휴대,4
올리브영,클렌징,포함,4
올리브영,클렌징,문제,4
올리브영,클렌징,어떻게,4
올리브영,클렌징,좋다,4
올리브영,클렌징,하루,4
올리브영,클렌징,보충,4
올리브영,클렌징,녹,4
올리브영,클렌징,다이소,4
올리브영,클렌징,클렌징폼입니,4
올리브영,클렌징,있던데,4
올리브영,클렌징,완전히,4
올리브영,클렌징,뿌리,4
올리브영,클렌징,표면,4
올리브영,클렌징,클리,4
올리브영,클렌징,기적,4
올리브영,클렌징,중요한,4
올리브영,클렌징,전날,4
올리브영,클렌징,땜,4
올리브영,클렌징,랩,4
올리브영,클렌징,제대로,4
올리브영,클렌징,좋았던,3
올리브영,클렌징,버전,3
올리브영,클렌징,본인,3
올리브영,클렌징,만족스러워요,3
올리브영,클렌징,부탁드려요,3
올리브영,클렌징,주머니,3
올리브영,클렌징,공기,3
올리브영,클렌징,만족스럽습니다,3
올리브영,클렌징,딸바,3
올리브영,클렌징,좋을듯,3
올리브영,클렌징,달달,3
올리브영,클렌징,가능한,3
올리브영,클렌징,허브,3
올리브영,클렌징,유명하길래,3
올리브영,클렌징,노란,3
올리브영,클렌징,불구,3
올리브영,클렌징,부드러워져서,3
올리브영,클렌징,휘핑,3
올리브영,클렌징,점도,3
올리브영,클렌징,빡빡,3
올리브영,클렌징,궁금했던,3
올리브영,클렌징,그런거,3
올리브영,클렌징,달라,3
올리브영,클렌징,지면,3
올리브영,클렌징,함유,3
올리브영,클렌징,매끈해지는,3
올리브영,클렌징,머드,3
올리브영,클렌징,몇번,3
올리브영,클렌징,유행,3
올리브영,클렌징,류,3
올리브영,클렌징,은,3
올리브영,클렌징,듯이,3
올리브영,클렌징,보시,3
올리브영,클렌징,빼주,3
올리브영,클렌징,개운하게,3
올리브영,클렌징,염증,3
올리브영,클렌징,있기는,3
올리브영,클렌징,클렌져,3
올리브영,클렌징,짜져,3
올리브영,클렌징,부드러움,3
올리브영,클렌징,있고요,3
올리브영,클렌징,여유,3
올리브영,클렌징,던데,3
올리브영,클렌징,간편하고,3
올리브영,클렌징,감성,3
올리브영,클렌징,좋더라,3
올리브영,클렌징,요물,3
올리브영,클렌징,가능,3
올리브영,클렌징,바디,3
올리브영,클렌징,가능해서,3
올리브영,클렌징,여태,3
올리브영,클렌징,딥클렌징,3
올리브영,클렌징,팩폼,3
올리브영,클렌징,옛날,3
올리브영,클렌징,없었거든요,3
올리브영,클렌징,만족하면서,3
올리브영,클렌징,여기저기,3
올리브영,클렌징,마요네즈,3
올리브영,클렌징,팩용,3
올리브영,클렌징,주기,3
올리브영,클렌징,중성,3
올리브영,클렌징,간,3
올리브영,클렌징,짱,3
올리브영,클렌징,볼쪽,3
올리브영,클렌징,부드러워져요,3
올리브영,클렌징,갑자기,3
올리브영,클렌징,점점,3
올리브영,클렌징,없었는데,3
올리브영,클렌징,딱이에요,3
올리브영,클렌징,깍지,3
올리브영,클렌징,돈,3
올리브영,클렌징,렌,3
올리브영,클렌징,봄,3
올리브영,클렌징,및,3
올리브영,클렌징,기한,3
올리브영,클렌징,덜한,3
올리브영,클렌징,움,3
올리브영,클렌징,프루프,3
올리브영,클렌징,리무,3
올리브영,클렌징,버,3
올리브영,클렌징,차이,3
올리브영,클렌징,패드,3
올리브영,클렌징,아니에요,3
올리브영,클렌징,후회,3
올리브영,클렌징,대비,3
올리브영,클렌징,코옆,3
올리브영,클렌징,정해,3
올리브영,클렌징,담,3
올리브영,클렌징,가능하고,3
올리브영,클렌징,다르게,3
올리브영,클렌징,레몬,3
올리브영,클렌징,새로,3
올리브영,클렌징,주로,3
올리브영,클렌징,편하게,3
올리브영,클렌징,햇,3
올리브영,클렌징,판매,3
올리브영,클렌징,사면,3
올리브영,클렌징,앰플,3
올리브영,클렌징,일어나서,3
올리브영,클렌징,좋지,3
올리브영,클렌징,부드러워,3
올리브영,클렌징,아쉬워요,3
올리브영,클렌징,아님,3
올리브영,클렌징,있었고,3
올리브영,클렌징,입자,3
올리브영,클렌징,안되는,3
올리브영,클렌징,스,3
올리브영,클렌징,개운해서,3
올리브영,클렌징,쏙쏙,3
올리브영,클렌징,오특,3
올리브영,클렌징,이벤트,3
올리브영,클렌징,뜰,3
올리브영,클렌징,남지,3
올리브영,클렌징,건조하거나,3
올리브영,클렌징,난리,3
올리브영,클렌징,로만,3
올리브영,클렌징,한편,3
올리브영,클렌징,지인,3
올리브영,클렌징,펌핑,3
올리브영,클렌징,번갈아,3
올리브영,클렌징,중세,3
올리브영,클렌징,강한,3
올리브영,클렌징,어떤,3
올리브영,클렌징,매,3
올리브영,클렌징,저렴하게,3
올리브영,클렌징,만족하고,3
올리브영,클렌징,강력,3
올리브영,클렌징,출시,3
올리브영,클렌징,입장,3
올리브영,클렌징,무거워,3
올리브영,클렌징,더라구요,3
올리브영,클렌징,언급,3
올리브영,클렌징,질문,3
올리브영,클렌징,펌프,3
올리브영,클렌징,만족스러웠습니다,3
올리브영,클렌징,같아용,3
올리브영,클렌징,애용,3
올리브영,클렌징,따갑고,3
올리브영,클렌징,따갑거나,3
올리브영,클렌징,림,3
올리브영,클렌징,만족하며,3
올리브영,클렌징,조아요,3
올리브영,클렌징,직접,3
올리브영,클렌징,연속,3
올리브영,클렌징,어워즈,3
올리브영,클렌징,다를,3
올리브영,클렌징,테스트,3
올리브영,클렌징,아이템,3
올리브영,클렌징,기본,3
올리브영,클렌징,입,3
올리브영,클렌징,오일만,3
올리브영,클렌징,산뜻한,3
올리브영,클렌징,그동안,3
올리브영,클렌징,아토피,3
올리브영,클렌징,아이라이너,3
올리브영,클렌징,보이,3
올리브영,클렌징,대부분,3
올리브영,클렌징,두번째,3
올리브영,클렌징,감소,3
올리브영,클렌징,없을,3
올리브영,클렌징,좀더,3
올리브영,클렌징,해당,3
올리브영,클렌징,땅,3
올리브영,클렌징,온라인,3
올리브영,클렌징,하얀색,3
올리브영,클렌징,리뉴,3
올리브영,클렌징,네오,3
올리브영,클렌징,오일도,3
올리브영,클렌징,리,3
올리브영,클렌징,번거롭,3
올리브영,클렌징,착하고,3
올리브영,클렌징,고려,3
올리브영,클렌징,없네요,3
올리브영,클렌징,무슨,3
올리브영,클렌징,현재,3
올리브영,클렌징,택배,3
올리브영,클렌징,에센스,3
올리브영,클렌징,를,3
올리브영,클렌징,껍질,3
올리브영,클렌징,수광,3
올리브영,클렌징,대표,3
올리브영,클렌징,산뜻하게,3
올리브영,클렌징,알맹이,3
올리브영,클렌징,녹차,3
올리브영,클렌징,자세히,3
올리브영,클렌징,특유,3
올리브영,클렌징,좋고요,3
올리브영,클렌징,뾰루,3
올리브영,클렌징,있구요,3
올리브영,클렌징,좋구요,3
올리브영,클렌징,알란,3
올리브영,클렌징,토인,3
올리브영,클렌징,솔직,3
올리브영,클렌징,페스,3
올리브영,클렌징,탓,3
올리브영,클렌징,톤업,3
올리브영,클렌징,제공,3
올리브영,클렌징,아보,3
올리브영,클렌징,어렵지만,3
올리브영,클렌징,등등,3
올리브영,클렌징,인한,3
올리브영,클렌징,클렌징워터,3
올리브영,클렌징,는걸,3
올리브영,클렌징,똑같아요,3
올리브영,클렌징,예민하신,3
올리브영,클렌징,좋아하시는,3
올리브영,클렌징,슴,3
올리브영,클렌징,있을거,3
올리브영,클렌징,미스트,3
올리브영,클렌징,직후,3
올리브영,클렌징,액,3
올리브영,클렌징,자리,3
올리브영,클렌징,중간,3
올리브영,클렌징,소비,3
올리브영,클렌징,도구,3
올리브영,클렌징,애,3
올리브영,클렌징,패치,3
올리브영,클렌징,그게,3
올리브영,클렌징,많지는,3
올리브영,클렌징,나쁘지는,3
올리브영,클렌징,극찬,3
올리브영,클렌징,전이,3
올리브영,클렌징,다소,3
올리브영,클렌징,붉은기,2
올리브영,클렌징,발림성,2
올리브영,클렌징,없었,2
올리브영,클렌징,작성,2
올리브영,클렌징,토끼,2
올리브영,클렌징,크리미,2
올리브영,클렌징,퀄리티,2
올리브영,클렌징,같다는,2
올리브영,클렌징,가능하니,2
올리브영,클렌징,손톱,2
올리브영,클렌징,고급,2
올리브영,클렌징,내면,2
올리브영,클렌징,상당히,2
올리브영,클렌징,좋았는데,2
올리브영,클렌징,있었어요,2
올리브영,클렌징,쉬워요,2
올리브영,클렌징,없구요,2
올리브영,클렌징,용하는데,2
올리브영,클렌징,드림,2
올리브영,클렌징,도착,2
올리브영,클렌징,지고,2
올리브영,클렌징,비비,2
올리브영,클렌징,붉어져서,2
올리브영,클렌징,만족도,2
올리브영,클렌징,변했어요,2
올리브영,클렌징,충전,2
올리브영,클렌징,이정,2
올리브영,클렌징,많습니다,2
올리브영,클렌징,물이,2
올리브영,클렌징,있는게,2
올리브영,클렌징,쑥,2
올리브영,클렌징,방향,2
올리브영,클렌징,쫀득쫀득,2
올리브영,클렌징,쫀득해,2
올리브영,클렌징,약해서,2
올리브영,클렌징,동사,2
올리브영,클렌징,미온수,2
올리브영,클렌징,라마,2
올리브영,클렌징,이드,2
올리브영,클렌징,번만,2
올리브영,클렌징,연한,2
올리브영,클렌징,아닙니다,2
올리브영,클렌징,궁합,2
올리브영,클렌징,산뜻해서,2
올리브영,클렌징,저번,2
올리브영,클렌징,쫙,2
올리브영,클렌징,핫,2
올리브영,클렌징,만족스러웠어요,2
올리브영,클렌징,생일,2
올리브영,클렌징,컨디션,2
올리브영,클렌징,만족했어서,2
올리브영,클렌징,다가,2
올리브영,클렌징,핑크색,2
올리브영,클렌징,가능해요,2
올리브영,클렌징,팩스크럽,2
올리브영,클렌징,지성은,2
올리브영,클렌징,면서,2
올리브영,클렌징,높은,2
올리브영,클렌징,보들보들해지고,2
올리브영,클렌징,시원,2
올리브영,클렌징,반신반의,2
올리브영,클렌징,만족하는,2
올리브영,클렌징,입술,2
올리브영,클렌징,나쁜,2
올리브영,클렌징,기대했던,2
올리브영,클렌징,불량,2
올리브영,클렌징,비싸긴한데,2
올리브영,클렌징,클렌징되,2
올리브영,클렌징,이런거,2
올리브영,클렌징,포,2
올리브영,클렌징,외,2
올리브영,클렌징,좋았어서,2
올리브영,클렌징,괜찮을,2
올리브영,클렌징,머리,2
올리브영,클렌징,불편,2
올리브영,클렌징,셋,2
올리브영,클렌징,양치,2
올리브영,클렌징,클렌징폼입,2
올리브영,클렌징,작년,2
올리브영,클렌징,살때,2
올리브영,클렌징,용이,2
올리브영,클렌징,귀엽고,2
올리브영,클렌징,유효,2
올리브영,클렌징,답,2
올리브영,클렌징,상황,2
올리브영,클렌징,활,2
올리브영,클렌징,개운해,2
올리브영,클렌징,귀여워,2
올리브영,클렌징,기대했는데,2
올리브영,클렌징,팩클렌져,2
올리브영,클렌징,좋겠네요,2
올리브영,클렌징,누가,2
올리브영,클렌징,상,2
올리브영,클렌징,물건,2
올리브영,클렌징,가벼워서,2
올리브영,클렌징,톤,2
올리브영,클렌징,촉촉하니,2
올리브영,클렌징,클렌징되네,2
올리브영,클렌징,팟,2
올리브영,클렌징,나이아신,2
올리브영,클렌징,살리실산,2
올리브영,클렌징,불편해서,2
올리브영,클렌징,종,2
올리브영,클렌징,간편합니다,2
올리브영,클렌징,품절,2
올리브영,클렌징,색감,2
올리브영,클렌징,은은해서,2
올리브영,클렌징,좋을거,2
올리브영,클렌징,묽어서,2
올리브영,클렌징,직원,2
올리브영,클렌징,얼른,2
올리브영,클렌징,같구요,2
올리브영,클렌징,뽀도독,2
올리브영,클렌징,달이,2
올리브영,클렌징,있는지,2
올리브영,클렌징,설명,2
올리브영,클렌징,하자,2
올리브영,클렌징,비누,2
올리브영,클렌징,콤,2
올리브영,클렌징,아픈,2
올리브영,클렌징,클렌징할때,2
올리브영,클렌징,이용,2
올리브영,클렌징,콩알,2
올리브영,클렌징,주신,2
올리브영,클렌징,다르네요,2
올리브영,클렌징,없,2
올리브영,클렌징,잘나는,2
올리브영,클렌징,좋아해요,2
올리브영,클렌징,있는것,2
올리브영,클렌징,초록,2
올리브영,클렌징,프레,2
올리브영,클렌징,쉬,2
올리브영,클렌징,날씨,2
올리브영,클렌징,귀차니즘,2
올리브영,클렌징,한텐,2
올리브영,클렌징,성능,2
올리브영,클렌징,같긴한데,2
올리브영,클렌징,아렌시아,2
올리브영,클렌징,형식,2
올리브영,클렌징,효소,2
올리브영,클렌징,거도,2
올리브영,클렌징,과일,2
올리브영,클렌징,해진,2
올리브영,클렌징,해주,2
올리브영,클렌징,첫,2
올리브영,클렌징,유통,2
올리브영,클렌징,만족했,2
올리브영,클렌징,실제,2
올리브영,클렌징,만족스러,2
올리브영,클렌징,많길래,2
올리브영,클렌징,매력,2
올리브영,클렌징,원하시면,2
올리브영,클렌징,라이너,2
올리브영,클렌징,베이스,2
올리브영,클렌징,편리함,2
올리브영,클렌징,이전,2
올리브영,클렌징,마다,2
올리브영,클렌징,네이버,2
올리브영,클렌징,머,2
올리브영,클렌징,정은,2
올리브영,클렌징,대서,2
올리브영,클렌징,좋지는,2
올리브영,클렌징,아쉽,2
올리브영,클렌징,얇게,2
올리브영,클렌징,있는거,2
올리브영,클렌징,잘맞아서,2
올리브영,클렌징,아로마,2
올리브영,클렌징,용해,2
올리브영,클렌징,정이,2
올리브영,클렌징,디테일,2
올리브영,클렌징,순간,2
올리브영,클렌징,오래오래,2
올리브영,클렌징,호호,2
올리브영,클렌징,재밌고,2
올리브영,클렌징,촉촉해,2
올리브영,클렌징,예뻐요,2
올리브영,클렌징,산뜻해요,2
올리브영,클렌징,있다,2
올리브영,클렌징,촉촉합니,2
올리브영,클렌징,매끄럽게,2
올리브영,클렌징,없네,2
올리브영,클렌징,형도,2
올리브영,클렌징,이나,2
올리브영,클렌징,렌징품,2
올리브영,클렌징,불편했는데,2
올리브영,클렌징,폼클렌져,2
올리브영,클렌징,성한,2
올리브영,클렌징,비싸도,2
올리브영,클렌징,보드랍게,2
올리브영,클렌징,채,2
올리브영,클렌징,뭘,2
올리브영,클렌징,같지만,2
올리브영,클렌징,뽀독한,2
올리브영,클렌징,촉촉함과,2
올리브영,클렌징,꿀,2
올리브영,클렌징,양치질,2
올리브영,클렌징,유자차,2
올리브영,클렌징,아니예요,2
올리브영,클렌징,요약,2
올리브영,클렌징,건조해서,2
올리브영,클렌징,박,2
올리브영,클렌징,있구,2
올리브영,클렌징,컬러,2
올리브영,클렌징,재료,2
올리브영,클렌징,성의,2
올리브영,클렌징,어제,2
올리브영,클렌징,일도,2
올리브영,클렌징,개운,2
올리브영,클렌징,배,2
올리브영,클렌징,신기하네요,2
올리브영,클렌징,클렌징밤,2
올리브영,클렌징,립앤,2
올리브영,클렌징,사고,2
올리브영,클렌징,착해서,2
올리브영,클렌징,거저,2
올리브영,클렌징,콜라보,2
올리브영,클렌징,안심,2
올리브영,클렌징,아니면,2
올리브영,클렌징,테,2
올리브영,클렌징,려고,2
올리브영,클렌징,노,2
올리브영,클렌징,프,2
올리브영,클렌징,직해서,2
올리브영,클렌징,남,2
올리브영,클렌징,훨,2
올리브영,클렌징,둘,2
올리브영,클렌징,병,2
올리브영,클렌징,키스미,2
올리브영,클렌징,귀찮을,2
올리브영,클렌징,촉촉하면서,2
올리브영,클렌징,소비자,2
올리브영,클렌징,있더라고요,2
올리브영,클렌징,두꺼운,2
올리브영,클렌징,덜하고,2
올리브영,클렌징,같았습니다,2
올리브영,클렌징,위주,2
올리브영,클렌징,진작,2
올리브영,클렌징,얼마나,2
올리브영,클렌징,혜택,2
올리브영,클렌징,뿐,2
올리브영,클렌징,믹싱,2
올리브영,클렌징,맛사지,2
올리브영,클렌징,필,2
올리브영,클렌징,괜찮았,2
올리브영,클렌징,미국,2
올리브영,클렌징,덜해요,2
올리브영,클렌징,시림,2
올리브영,클렌징,아니,2
올리브영,클렌징,법,2
올리브영,클렌징,끊임없이,2
올리브영,클렌징,아닌가,2
올리브영,클렌징,순한거,2
올리브영,클렌징,안되요,2
올리브영,클렌징,위로,2
올리브영,클렌징,좋긴,2
올리브영,클렌징,찝찝한,2
올리브영,클렌징,발견,2
올리브영,클렌징,글,2
올리브영,클렌징,넉넉해서,2
올리브영,클렌징,순하구,2
올리브영,클렌징,랍니,2
올리브영,클렌징,순한것,2
올리브영,클렌징,초딩,2
올리브영,클렌징,래미,2
올리브영,클렌징,차지,2
올리브영,클렌징,식물성,2
올리브영,클렌징,갈릴,2
올리브영,클렌징,일부,2
올리브영,클렌징,있으니까,2
올리브영,클렌징,비도,2
올리브영,클렌징,촉촉하다,2
올리브영,클렌징,가로,2
올리브영,클렌징,유해,2
올리브영,클렌징,키링,2
올리브영,클렌징,저렴하고,2
올리브영,클렌징,위인,2
올리브영,클렌징,순해,2
올리브영,클렌징,농축,2
올리브영,클렌징,깨끗한,2
올리브영,클렌징,적임,2
올리브영,클렌징,고요,2
올리브영,클렌징,테디,2
올리브영,클렌징,셀러,2
올리브영,클렌징,후반,2
올리브영,클렌징,뻣뻣한,2
올리브영,클렌징,로또,2
올리브영,클렌징,진한,2
올리브영,클렌징,네,2
올리브영,클렌징,바람,2
올리브영,클렌징,요새,2
올리브영,클렌징,유일하게,2
올리브영,클렌징,명,2
올리브영,클렌징,아닐까,2
올리브영,클렌징,탬,2
올리브영,클렌징,빠름,2
올리브영,클렌징,포장,2
올리브영,클렌징,끼리,2
올리브영,클렌징,빠른,2
올리브영,클렌징,거만,2
올리브영,클렌징,일해,2
올리브영,클렌징,틱톡,2
올리브영,클렌징,단계,2
올리브영,클렌징,접,2
올리브영,클렌징,다른거,2
올리브영,클렌징,박멸,2
올리브영,클렌징,기간,2
올리브영,클렌징,어머니,2
올리브영,클렌징,반,2
올리브영,클렌징,편리해요,2
올리브영,클렌징,없는데,2
올리브영,클렌징,없진,2
올리브영,클렌징,없었어,2
올리브영,클렌징,며칠,2
올리브영,클렌징,풀메이크업,2
올리브영,클렌징,법도,2
올리브영,클렌징,역할,2
올리브영,클렌징,신분,2
올리브영,클렌징,괜찮아,2
올리브영,클렌징,조은,2
올리브영,클렌징,인정,2
올리브영,클렌징,있길래,2
올리브영,클렌징,축소,2
올리브영,클렌징,매끄러워지는,2
올리브영,클렌징,알다,2
올리브영,클렌징,필요,2
올리브영,클렌징,비싼,2
올리브영,클렌징,자자해서,2
올리브영,클렌징,부담스러울,2
올리브영,클렌징,적합한,2
올리브영,클렌징,징후,2
올리브영,클렌징,남자친구,2
올리브영,클렌징,짝,2
올리브영,클렌징,엄청난,2
올리브영,클렌징,곧,2
올리브영,클렌징,적당해서,2
올리브영,클렌징,까슬까슬,2
올리브영,클렌징,없구,2
올리브영,클렌징,사이,2
올리브영,클렌징,사계절,2
올리브영,클렌징,있다면,2
올리브영,클렌징,꽉,2
올리브영,클렌징,준비,2
올리브영,클렌징,데일,2
올리브영,클렌징,알칼리,2
올리브영,클렌징,까매졌다고,2
올리브영,클렌징,래인,2
올리브영,클렌징,클렌징폼쓰,2
올리브영,클렌징,까매져,2
올리브영,클렌징,싸움,2
올리브영,클렌징,서도,2
올리브영,클렌징,뷰,2
올리브영,클렌징,드럽게,2
올리브영,클렌징,좋으네요,2
올리브영,클렌징,거퓸,2
올리브영,클렌징,부으럽,2
올리브영,클렌징,즇으,2
올리브영,클렌징,다비,2
올리브영,클렌징,복권,2
올리브영,클렌징,얄미운,2
올리브영,클렌징,세상,2
올리브영,클렌징,거지같은,2
올리브영,클렌징,욥,2
올리브영,클렌징,좋지도,2
올리브영,클렌징,만하,2
올리브영,클렌징,없다,2
올리브영,클렌징,리페,2
올리브영,클렌징,덩어리,2
올리브영,클렌징,아양,2
올리브영,클렌징,민피,2
올리브영,클렌징,편안한,2
올리브영,클렌징,손가락,2
올리브영,클렌징,천,2
올리브영,클렌징,통해,2
올리브영,클렌징,붉,2
올리브영,클렌징,서서히,2
올리브영,클렌징,붉은,2
올리브영,클렌징,절반,2
올리브영,클렌징,딱딱한,2
올리브영,클렌징,밑,2
올리브영,클렌징,양쪽,2
올리브영,클렌징,피부색,2
올리브영,클렌징,카드,2
올리브영,클렌징,플로,2
올리브영,클렌징,컨실러,2
올리브영,클렌징,속도,2
올리브영,클렌징,가요,2
올리브영,클렌징,자매,2
올리브영,클렌징,이상은,2
올리브영,클렌징,손상,2
올리브영,클렌징,순합니다,2
올리브영,클렌징,마자,2
올리브영,클렌징,전보,2
올리브영,클렌징,어요,2
올리브영,클렌징,거가,2
올리브영,클렌징,적응,2
올리브영,클렌징,불면,2
올리브영,클렌징,아쉬웠어요,2
올리브영,클렌징,괜찮았음,2
올리브영,클렌징,끌함,2
올리브영,클렌징,존함,2
올리브영,클렌징,클렌징폼인듯,2
올리브영,클렌징,쪼그,2
올리브영,클렌징,수가,2
올리브영,클렌징,다른데도,2
올리브영,클렌징,손실,2
올리브영,클렌징,많지,2
올리브영,클렌징,생기지,2
올리브영,클렌징,가능합니다,2
올리브영,클렌징,유용하게,2
올리브영,클렌징,애정,2
올리브영,클렌징,뾰루지,2
올리브영,클렌징,주일,2
올리브영,클렌징,추출,2
올리브영,클렌징,순하더라구요,2
올리브영,클렌징,율,2
올리브영,클렌징,누구,2
올리브영,클렌징,일상,2
올리브영,클렌징,착용,2
올리브영,클렌징,육안,2
올리브영,클렌징,확인,2
올리브영,클렌징,미니어처,2
올리브영,클렌징,원료,2
올리브영,클렌징,유명하잖아요,2
올리브영,클렌징,납,2
올리브영,클렌징,밀,2
올리브영,클렌징,민,2
올리브영,클렌징,양상,2
올리브영,클렌징,어차피,2
올리브영,클렌징,판별,2
올리브영,클렌징,심하진,2
올리브영,클렌징,순하다는,2
올리브영,클렌징,해지,2
올리브영,클렌징,있으니,2
올리브영,클렌징,보완,2
올리브영,클렌징,있더리,2
올리브영,클렌징,변,2
올리브영,클렌징,인해,2
올리브영,클렌징,아니어서,2
올리브영,클렌징,적당,2
올리브영,클렌징,량,2
올리브영,클렌징,충분해요,2
올리브영,클렌징,그렇지는,2
올리브영,클렌징,욧,2
올리브영,클렌징,손등,2
올리브영,클렌징,적도,2
올리브영,클렌징,착,2
올리브영,클렌징,있긴,2
올리브영,클렌징,어플,2
올리브영,클렌징,간혹,2
올리브영,클렌징,인터넷,2
올리브영,클렌징,먼지,2
올리브영,클렌징,세번,2
올리브영,클렌징,권장,2
올리브영,클렌징,이제야,2
올리브영,클렌징,불쾌함,2
올리브영,클렌징,신기하게,2
올리브영,클렌징,계시다면,2
올리브영,클렌징,괜찮은데,2
올리브영,클렌징,건조해지지,2
올리브영,클렌징,좋으면,2
올리브영,클렌징,정확히,2
올리브영,클렌징,인간,2
올리브영,클렌징,온갖,2
올리브영,클렌징,더러운,2
올리브영,클렌징,물질,2
올리브영,클렌징,나기,2
올리브영,클렌징,불호,2
올리브영,클렌징,또한,2
올리브영,클렌징,있으신,2
올리브영,클렌징,문의,2
올리브영,클렌징,시트,2
올리브영,클렌징,봉,2
올리브영,클렌징,보정,2
올리브영,클렌징,많음,2
올리브영,클렌징,얇고,2
올리브영,클렌징,혁명,2
올리브영,클렌징,매끈해졌어요,2
올리브영,클렌징,심,2
올리브영,클렌징,싹싹,2
올리브영,클렌징,부어,2
올리브영,클렌징,액체,2
올리브영,클렌징,엑스,2
올리브영,클렌징,로숀,2
올리브영,클렌징,구해,2
올리브영,클렌징,번전,2
올리브영,클렌징,소인,2
올리브영,클렌징,뜨뜻하게,2
올리브영,클렌징,중요한건,2
올리브영,클렌징,스타일,2
올리브영,클렌징,모델링,2
올리브영,클렌징,있었으면,2
올리브영,클렌징,붉어,2
올리브영,클렌징,예민하고,2
올리브영,클렌징,괜찮게,2
올리브영,클렌징,달마,2
올리브영,클렌징,깔끔해지고,2
올리브영,클렌징,좋겠,2
올리브영,클렌징,여전히,2
올리브영,클렌징,겉,2
올리브영,클렌징,실망,2
올리브영,클렌징,검은,2
올리브영,클렌징,제도,2
올리브영,클렌징,억지로,2
올리브영,클렌징,빨,2
올리브영,클렌징,엄청나게,2
올리브영,클렌징,있는건,2
올리브영,클렌징,마르,2
올리브영,클렌징,다른데,2
올리브영,클렌징,용액,2
올리브영,클렌징,유튜버들,2
올리브영,클렌징,유전,2
올리브영,클렌징,멀쩡하긴,2
올리브영,클렌징,사기,2
올리브영,클렌징,헷갈리네요,2
올리브영,클렌징,목욕,2
올리브영,클렌징,합격,2
올리브영,클렌징,수건,2
올리브영,클렌징,스팀,2
올리브영,클렌징,글쎄,2
올리브영,클렌징,실,2
올리브영,클렌징,덜해,2
올리브영,클렌징,불어,2
올리브영,클렌징,추후,2
올리브영,클렌징,행,2
올리브영,클렌징,수분크림,2
올리브영,클렌징,원상,2
올리브영,클렌징,복구,2
올리브영,클렌징,접촉성,2
올리브영,클렌징,피부염,2
올리브영,클렌징,충격,2
올리브영,클렌징,약하게,2
올리브영,클렌징,알로,2
올리브영,클렌징,크기,2
올리브영,클렌징,레전드,2
올리브영,클렌징,비린내,2
올리브영,클렌징,매가,2
올리브영,클렌징,번하면,2
올리브영,클렌징,매끈해져서,2
올리브영,클렌징,틈틈이,2
올리브영,클렌징,조심,2
올리브영,클렌징,츄,2
올리브영,클렌징,라이,2
올리브영,클렌징,악화,1
올리브영,클렌징,귀찮게,1
올리브영,클렌징,편했던거,1
올리브영,클렌징,드네,1
올리브영,클렌징,어려움,1
올리브영,클렌징,솔직한,1
올리브영,클렌징,술사,1
올리브영,클렌징,신한,1
올리브영,클렌징,서운할,1
올리브영,클렌징,풍부하고,1
올리브영,클렌징,화농,1
올리브영,클렌징,부탁드립니다,1
올리브영,클렌징,없었던,1
올리브영,클렌징,상콤,1
올리브영,클렌징,귀엽네요,1
올리브영,클렌징,방치,1
올리브영,클렌징,촉촉함을,1
올리브영,클렌징,부드럽네요,1
올리브영,클렌징,좋아하던,1
올리브영,클렌징,안되게,1
올리브영,클렌징,투입,1
올리브영,클렌징,구가,1
올리브영,클렌징,좋아할,1
올리브영,클렌징,부들부들해,1
올리브영,클렌징,명성,1
올리브영,클렌징,자자한것,1
올리브영,클렌징,즐거웠,1
올리브영,클렌징,끼,1
올리브영,클렌징,쿨톤,1
올리브영,클렌징,아님에도,1
올리브영,클렌징,일정,1
올리브영,클렌징,소요,1
올리브영,클렌징,날짜,1
올리브영,클렌징,일찍,1
올리브영,클렌징,형세,1
올리브영,클렌징,반죽,1
올리브영,클렌징,휘핑되어,1
올리브영,클렌징,어서,1
올리브영,클렌징,만족했습니다,1
올리브영,클렌징,사이사이,1
올리브영,클렌징,장시간,1
올리브영,클렌징,애기,1
올리브영,클렌징,바르도,1
올리브영,클렌징,있음에도,1
올리브영,클렌징,붉어지지,1
올리브영,클렌징,상상,1
올리브영,클렌징,찍기,1
올리브영,클렌징,칠하고,1
올리브영,클렌징,블러,1
올리브영,클렌징,처리,1
올리브영,클렌징,뽀얗게,1
올리브영,클렌징,있던것,1
올리브영,클렌징,만족한,1
올리브영,클렌징,아쉬웠던,1
올리브영,클렌징,힘들고,1
올리브영,클렌징,만족하지,1
올리브영,클렌징,엄지,1
올리브영,클렌징,한마디,1
올리브영,클렌징,비비고,1
올리브영,클렌징,흰색,1
올리브영,클렌징,변할,1
올리브영,클렌징,미지근한,1
올리브영,클렌징,드릴,1
올리브영,클렌징,휩드써보,1
올리브영,클렌징,공부,1
올리브영,클렌징,반전,1
올리브영,클렌징,빠삭소리,1
올리브영,클렌징,같긴,1
올리브영,클렌징,휩드뽑기,1
올리브영,클렌징,핸드,1
올리브영,클렌징,시로,1
올리브영,클렌징,세분,1
올리브영,클렌징,머랭,1
올리브영,클렌징,툼,1
올리브영,클렌징,적은량,1
올리브영,클렌징,잘맞아,1
올리브영,클렌징,클렌징할,1
올리브영,클렌징,강화,1
올리브영,클렌징,더해,1
올리브영,클렌징,풀색,1
올리브영,클렌징,분비,1
올리브영,클렌징,뽀송하고,1
올리브영,클렌징,성수,1
올리브영,클렌징,층,1
올리브영,클렌징,특이해서,1
올리브영,클렌징,분홍색,1
올리브영,클렌징,운동,1
올리브영,클렌징,깔끔하고,1
올리브영,클렌징,이뻐요,1
올리브영,클렌징,아쉽네요,1
올리브영,클렌징,이쁜,1
올리브영,클렌징,스타트,1
올리브영,클렌징,같은거,1
올리브영,클렌징,보들보들해져서,1
올리브영,클렌징,징팩,1
올리브영,클렌징,징류,1
올리브영,클렌징,추합니다,1
올리브영,클렌징,쓰려구,1
올리브영,클렌징,클렌저로,1
올리브영,클렌징,기념,1
올리브영,클렌징,야해서,1
올리브영,클렌징,불편함이,1
올리브영,클렌징,신해,1
올리브영,클렌징,저격,1
올리브영,클렌징,홀린,1
올리브영,클렌징,좋거든요,1
올리브영,클렌징,좋으니까,1
올리브영,클렌징,보들보들해요,1
올리브영,클렌징,중요시,1
올리브영,클렌징,진쩌,1
올리브영,클렌징,손위,1
올리브영,클렌징,기부,1
올리브영,클렌징,머트트리,1
올리브영,클렌징,쿨링,1
올리브영,클렌징,촉촉해지더라고요,1
올리브영,클렌징,만족했던,1
올리브영,클렌징,따갑긴,1
올리브영,클렌징,특수한,1
올리브영,클렌징,아니나,1
올리브영,클렌징,잔잔,1
올리브영,클렌징,바리,1
올리브영,클렌징,그래요,1
올리브영,클렌징,식품,1
올리브영,클렌징,전동,1
올리브영,클렌징,거려,1
올리브영,클렌징,프로도,1
올리브영,클렌징,풍부한,1
올리브영,클렌징,없었고,1
올리브영,클렌징,평상시,1
올리브영,클렌징,그렇진,1
올리브영,클렌징,강해요,1
올리브영,클렌징,퐁퐁,1
올리브영,클렌징,사용햤,1
올리브영,클렌징,아쉬웠,1
올리브영,클렌징,부드럽네,1
올리브영,클렌징,불편함,1
올리브영,클렌징,우수해요,1
올리브영,클렌징,보들보들하고,1
올리브영,클렌징,안좋을,1
올리브영,클렌징,감고,1
올리브영,클렌징,어색하고,1
올리브영,클렌징,가볍,1
올리브영,클렌징,휩드꺼,1
올리브영,클렌징,획일,1
올리브영,클렌징,마르는,1
올리브영,클렌징,수월하고,1
올리브영,클렌징,계열,1
올리브영,클렌징,나머지,1
올리브영,클렌징,쑥향,1
올리브영,클렌징,시큼한,1
올리브영,클렌징,큼직한,1
올리브영,클렌징,큼직하게,1
올리브영,클렌징,팟타입,1
올리브영,클렌징,비싸서,1
올리브영,클렌징,아쉽지만,1
올리브영,클렌징,작은거,1
올리브영,클렌징,재미,1
올리브영,클렌징,잘나구,1
올리브영,클렌징,지형도,1
올리브영,클렌징,특,1
올리브영,클렌징,계시는,1
올리브영,클렌징,필요하여,1
올리브영,클렌징,소진하,1
올리브영,클렌징,목적,1
올리브영,클렌징,따갑다고,1
올리브영,클렌징,남다른거,1
올리브영,클렌징,가벼워요,1
올리브영,클렌징,남다르네요,1
올리브영,클렌징,클렘징폼,1
올리브영,클렌징,절말,1
올리브영,클렌징,무진장,1
올리브영,클렌징,셔터,1
올리브영,클렌징,순하기만,1
올리브영,클렌징,괜찮은걸,1
올리브영,클렌징,어떤지,1
올리브영,클렌징,달콤하네요,1
올리브영,클렌징,베이,1
올리브영,클렌징,킹,1
올리브영,클렌징,개운해요,1
올리브영,클렌징,쫀득쫀득해,1
올리브영,클렌징,급할,1
올리브영,클렌징,높아요,1
올리브영,클렌징,촉촉해져요,1
올리브영,클렌징,가능하니까,1
올리브영,클렌징,좋아하더라구요,1
올리브영,클렌징,오밀조밀한,1
올리브영,클렌징,부들부들해졌어요,1
올리브영,클렌징,일석이조,1
올리브영,클렌징,좀비,1
올리브영,클렌징,거좀,1
올리브영,클렌징,체크,1
올리브영,클렌징,크리,1
올리브영,클렌징,이럴줄,1
올리브영,클렌징,받을껄또륵,1
올리브영,클렌징,궁금하긴,1
올리브영,클렌징,엄청나네요,1
올리브영,클렌징,뽀얀,1
올리브영,클렌징,아기,1
올리브영,클렌징,은은하고,1
올리브영,클렌징,팩클렌징할때,1
올리브영,클렌징,사랑,1
올리브영,클렌징,보들보들해져요,1
올리브영,클렌징,골,1
올리브영,클렌징,데카,1
올리브영,클렌징,사이드,1
올리브영,클렌징,유명한데,1
올리브영,클렌징,예쁘나,1
올리브영,클렌징,작샤,1
올리브영,클렌징,륵푸슥,1
올리브영,클렌징,놨다,1
올리브영,클렌징,가능한데,1
올리브영,클렌징,지루하지,1
올리브영,클렌징,본적,1
올리브영,클렌징,지난번,1
올리브영,클렌징,호감,1
올리브영,클렌징,상승,1
올리브영,클렌징,차가,1
올리브영,클렌징,있겠지만,1
올리브영,클렌징,일향,1
올리브영,클렌징,진해서,1
올리브영,클렌징,굴곡,1
올리브영,클렌징,빵,1
올리브영,클렌징,렌저,1
올리브영,클렌징,정용,1
올리브영,클렌징,간단하게,1
올리브영,클렌징,변해서,1
올리브영,클렌징,휩트,1
올리브영,클렌징,좋아하길래,1
올리브영,클렌징,건조할,1
올리브영,클렌징,화이트,1
올리브영,클렌징,중점,1
올리브영,클렌징,존코턱,1
올리브영,클렌징,생얼,1
올리브영,클렌징,피트,1
올리브영,클렌징,괜찮았는데,1
올리브영,클렌징,이슈,1
올리브영,클렌징,없나,1
올리브영,클렌징,올인원,1
올리브영,클렌징,일류,1
올리브영,클렌징,화사하고,1
올리브영,클렌징,클렌징단계,1
올리브영,클렌징,행복해하네요,1
올리브영,클렌징,건조하면서도,1
올리브영,클렌징,깨,1
올리브영,클렌징,끗,1
올리브영,클렌징,뽀송한,1
올리브영,클렌징,춉춉챱챱,1
올리브영,클렌징,공용,1
올리브영,클렌징,건조했던거,1
올리브영,클렌징,건조함이라,1
올리브영,클렌징,가득한,1
올리브영,클렌징,일로,1
올리브영,클렌징,오래된,1
올리브영,클렌징,투성이,1
올리브영,클렌징,부자,1
올리브영,클렌징,주정,1
올리브영,클렌징,팩폼클렌징,1
올리브영,클렌징,대해,1
올리브영,클렌징,숫자,1
올리브영,클렌징,근본,1
올리브영,클렌징,궁금하실거,1
올리브영,클렌징,뚱,1
올리브영,클렌징,애매한것,1
올리브영,클렌징,미쳣어,1
올리브영,클렌징,촉촉해지고,1
올리브영,클렌징,브랜딩,1
올리브영,클렌징,마른,1
올리브영,클렌징,도톰히,1
올리브영,클렌징,스팟,1
올리브영,클렌징,원조,1
올리브영,클렌징,단단해여,1
올리브영,클렌징,편한거,1
올리브영,클렌징,개운한거,1
올리브영,클렌징,팩클렌저답,1
올리브영,클렌징,이신,1
올리브영,클렌징,푸석한,1
올리브영,클렌징,아쉬웠거든요,1
올리브영,클렌징,만족스럽네요,1
올리브영,클렌징,헹궈낼,1
올리브영,클렌징,큿,1
올리브영,클렌징,결정,1
올리브영,클렌징,리도,1
올리브영,클렌징,여서,1
올리브영,클렌징,우디,1
올리브영,클렌징,지성이면,1
올리브영,클렌징,퐁,1
올리브영,클렌징,실하게,1
올리브영,클렌징,변하며,1
올리브영,클렌징,공격,1
올리브영,클렌징,당하지,1
올리브영,클렌징,패쓰,1
올리브영,클렌징,번거로운,1
올리브영,클렌징,간편하게,1
올리브영,클렌징,진정제,1
올리브영,클렌징,쿨링감,1
올리브영,클렌징,푸근해지고,1
올리브영,클렌징,별도,1
올리브영,클렌징,건조해진거,1
올리브영,클렌징,추워서,1
올리브영,클렌징,관심,1
올리브영,클렌징,미끄덩한,1
올리브영,클렌징,덜해서,1
올리브영,클렌징,시아,1
올리브영,클렌징,좋겠음,1
올리브영,클렌징,거제,1
올리브영,클렌징,좋았었는데,1
올리브영,클렌징,순서,1
올리브영,클렌징,촉촉함,1
올리브영,클렌징,개운하니,1
올리브영,클렌징,같았,1
올리브영,클렌징,고운,1
올리브영,클렌징,애매하더라고요,1
올리브영,클렌징,주니,1
올리브영,클렌징,일석,1
올리브영,클렌징,필요할,1
올리브영,클렌징,이걱,1
올리브영,클렌징,쫌,1
올리브영,클렌징,길고,1
올리브영,클렌징,상쾌,1
올리브영,클렌징,아니었어,1
올리브영,클렌징,몽글몽글하고,1
올리브영,클렌징,예뻐서,1
올리브영,클렌징,동일,1
올리브영,클렌징,좋아욬,1
올리브영,클렌징,머스크,1
올리브영,클렌징,겟겟,1
올리브영,클렌징,예쁘고,1
올리브영,클렌징,재활용,1
올리브영,클렌징,악세서리,1
올리브영,클렌징,혼자,1
올리브영,클렌징,실용,1
올리브영,클렌징,만족할,1
올리브영,클렌징,금은,1
올리브영,클렌징,거예,1
올리브영,클렌징,고급스러운,1
올리브영,클렌징,부족해서,1
올리브영,클렌징,질럿어,1
올리브영,클렌징,좋으니깐,1
올리브영,클렌징,재밌어진,1
올리브영,클렌징,순한게,1
올리브영,클렌징,만족했는데,1
올리브영,클렌징,고급스러워요,1
올리브영,클렌징,평범해요,1
올리브영,클렌징,작은것,1
올리브영,클렌징,처박템,1
올리브영,클렌징,수록,1
올리브영,클렌징,성해져요,1
올리브영,클렌징,보송보송해지고,1
올리브영,클렌징,없어고,1
올리브영,클렌징,만족스러웠,1
올리브영,클렌징,민트,1
올리브영,클렌징,촉촉하네요,1
올리브영,클렌징,훅,1
올리브영,클렌징,나오니,1
올리브영,클렌징,궁금했었는데,1
올리브영,클렌징,궁금해져서,1
올리브영,클렌징,해저,1
올리브영,클렌징,뿌듯한,1
올리브영,클렌징,상쾌한,1
올리브영,클렌징,텄다,1
올리브영,클렌징,예민해졌다하면,1
올리브영,클렌징,새로운,1
올리브영,클렌징,트롸이,1
올리브영,클렌징,순할것,1
올리브영,클렌징,점수,1
올리브영,클렌징,클렌저입,1
올리브영,클렌징,있다는게,1
올리브영,클렌징,딱인,1
올리브영,클렌징,좋아하시면,1
올리브영,클렌징,좋아하실거,1
올리브영,클렌징,촉촉했습니다,1
올리브영,클렌징,괜찮았고,1
올리브영,클렌징,휘핑제형,1
올리브영,클렌징,잘나서,1
올리브영,클렌징,소소한,1
올리브영,클렌징,찝찝함이,1
올리브영,클렌징,아쉬운건,1
올리브영,클렌징,대세탬,1
올리브영,클렌징,풍부해서,1
올리브영,클렌징,고급스럽고,1
올리브영,클렌징,부드럽습니다,1
올리브영,클렌징,아깝고,1
올리브영,클렌징,가까웠어,1
올리브영,클렌징,휩드팩클렌저,1
올리브영,클렌징,구영,1
올리브영,클렌징,클렌징도되,1
올리브영,클렌징,잘나,1
올리브영,클렌징,용할게,1
올리브영,클렌징,라벤더,1
올리브영,클렌징,충분합니,1
올리브영,클렌징,부들부들하고,1
올리브영,클렌징,있네요,1
올리브영,클렌징,카카오,1
올리브영,클렌징,톡,1
올리브영,클렌징,겸용,1
올리브영,클렌징,뾰,1
올리브영,클렌징,루지,1
올리브영,클렌징,수영장,1
올리브영,클렌징,딱좋아요,1
올리브영,클렌징,특별하진,1
올리브영,클렌징,정역,1
올리브영,클렌징,어렵다는,1
올리브영,클렌징,텍스쳐,1
올리브영,클렌징,세영,1
올리브영,클렌징,디바이스,1
올리브영,클렌징,있어거,1
올리브영,클렌징,리기,1
올리브영,클렌징,아까워서,1
올리브영,클렌징,낯빛,1
올리브영,클렌징,퐁신,1
올리브영,클렌징,특이한,1
올리브영,클렌징,색소,1
올리브영,클렌징,안좋을거,1
올리브영,클렌징,엄철,1
올리브영,클렌징,신기함,1
올리브영,클렌징,너무해서,1
올리브영,클렌징,랫,1
올리브영,클렌징,그렇거,1
올리브영,클렌징,필요했었는데,1
올리브영,클렌징,길지,1
올리브영,클렌징,급하게,1
올리브영,클렌징,괜찮아요,1
올리브영,클렌징,로예,1
올리브영,클렌징,취저,1
올리브영,클렌징,만족스러워서,1
올리브영,클렌징,편했고,1
올리브영,클렌징,커서,1
올리브영,클렌징,꼼꼼한,1
올리브영,클렌징,팩클렌징폼,1
올리브영,클렌징,짧은시,1
올리브영,클렌징,있었네요,1
올리브영,클렌징,클렌징도구,1
올리브영,클렌징,메,1
올리브영,클렌징,마르고,1
올리브영,클렌징,심했었는데,1
올리브영,클렌징,정전,1
올리브영,클렌징,건조해지는거,1
올리브영,클렌징,묽은거에,1
올리브영,클렌징,어렵잖아요,1
올리브영,클렌징,하필,1
올리브영,클렌징,비슷하면서,1
올리브영,클렌징,나먼,1
올리브영,클렌징,아쉬울,1
올리브영,클렌징,일이,1
올리브영,클렌징,좋답니,1
올리브영,클렌징,쩐다,1
올리브영,클렌징,이런건,1
올리브영,클렌징,재밌어서,1
올리브영,클렌징,데코,1
올리브영,클렌징,사이다,1
올리브영,클렌징,블헤,1
올리브영,클렌징,화헤,1
올리브영,클렌징,왤케,1
올리브영,클렌징,만족스럽고,1
올리브영,클렌징,싶긴런데,1
올리브영,클렌징,과거,1
올리브영,클렌징,반성,1
올리브영,클렌징,스무디,1
올리브영,클렌징,형성,1
올리브영,클렌징,신기하고,1
올리브영,클렌징,촉촉합니당,1
올리브영,클렌징,라보,1
올리브영,클렌징,개운한데,1
올리브영,클렌징,마케팅,1
올리브영,클렌징,전략,1
올리브영,클렌징,안좋,1
올리브영,클렌징,따가웠어요,1
올리브영,클렌징,파스스거려,1
올리브영,클렌징,가능하고요,1
올리브영,클렌징,보드라워요,1
올리브영,클렌징,많았는지,1
올리브영,클렌징,아프,1
올리브영,클렌징,보송보송하고,1
올리브영,클렌징,미세한,1
올리브영,클렌징,파부,1
올리브영,클렌징,입이니다,1
올리브영,클렌징,초기,1
올리브영,클렌징,당장,1
올리브영,클렌징,힘들,1
올리브영,클렌징,팩투폼,1
올리브영,클렌징,활용,1
올리브영,클렌징,잡기,1
올리브영,클렌징,있는듯,1
올리브영,클렌징,안녕하세요,1
올리브영,클렌징,개운함,1
올리브영,클렌징,더해져서,1
올리브영,클렌징,즐거워요,1
올리브영,클렌징,추합니,1
올리브영,클렌징,쑥떡,1
올리브영,클렌징,마찬가지,1
올리브영,클렌징,상대,1
올리브영,클렌징,내야,1
올리브영,클렌징,저만큼,1
올리브영,클렌징,레저,1
올리브영,클렌징,대체,1
올리브영,클렌징,비싸면,1
올리브영,클렌징,컬,1
올리브영,클렌징,픽스,1
올리브영,클렌징,만족하게,1
올리브영,클렌징,귀여웠어,1
올리브영,클렌징,번은,1
올리브영,클렌징,야하는듯,1
올리브영,클렌징,틴트,1
올리브영,클렌징,애교살,1
올리브영,클렌징,펜슬,1
올리브영,클렌징,완벽하고,1
올리브영,클렌징,워타,1
올리브영,클렌징,클렌징티슈,1
올리브영,클렌징,뛰어나지는,1
올리브영,클렌징,같기도,1
올리브영,클렌징,거운,1
올리브영,클렌징,타월,1
올리브영,클렌징,실감,1
올리브영,클렌징,개운해지고,1
올리브영,클렌징,순하기도,1
올리브영,클렌징,순하거,1
올리브영,클렌징,패물,1
올리브영,클렌징,헤,1
올리브영,클렌징,중요하다는데,1
올리브영,클렌징,충분하고,1
올리브영,클렌징,수월하진,1
올리브영,클렌징,안남,1
올리브영,클렌징,그러면,1
올리브영,클렌징,가면,1
올리브영,클렌징,안이,1
올리브영,클렌징,안중,1
올리브영,클렌징,메이,1
올리브영,클렌징,컵,1
올리브영,클렌징,찝찝하지,1
올리브영,클렌징,여타,1
올리브영,클렌징,묵직해요,1
올리브영,클렌징,모로,1
올리브영,클렌징,없는것,1
올리브영,클렌징,조감도,1
올리브영,클렌징,강철,1
올리브영,클렌징,악질,1
올리브영,클렌징,다행히,1
올리브영,클렌징,많이하면서,1
올리브영,클렌징,어려워서,1
올리브영,클렌징,그럴,1
올리브영,클렌징,민감한데,1
올리브영,클렌징,썻습니,1
올리브영,클렌징,종종,1
올리브영,클렌징,장기간,1
올리브영,클렌징,있었던,1
올리브영,클렌징,산뜻합니다,1
올리브영,클렌징,다양한,1
올리브영,클렌징,다양하게,1
올리브영,클렌징,필수품,1
올리브영,클렌징,준템,1
올리브영,클렌징,좋아했는데,1
올리브영,클렌징,당연히,1
올리브영,클렌징,거지,1
올리브영,클렌징,번들거릴,1
올리브영,클렌징,리해,1
올리브영,클렌징,싫었는데,1
올리브영,클렌징,측면,1
올리브영,클렌징,넉넉하게,1
올리브영,클렌징,같았구요,1
올리브영,클렌징,후회되네요,1
올리브영,클렌징,야무지게,1
올리브영,클렌징,유용한지요,1
올리브영,클렌징,중요하다고,1
올리브영,클렌징,구석구석,1
올리브영,클렌징,클렌징라인,1
올리브영,클렌징,유명한건,1
올리브영,클렌징,멀쩡해요,1
올리브영,클렌징,말모,1
올리브영,클렌징,진출,1
올리브영,클렌징,마공,1
올리브영,클렌징,코스트코,1
올리브영,클렌징,반갑더라,1
올리브영,클렌징,클렌징잘,1
올리브영,클렌징,오렌지,1
올리브영,클렌징,점성,1
올리브영,클렌징,부드러워져,1
올리브영,클렌징,이상한,1
올리브영,클렌징,처,1
올리브영,클렌징,넝우편해,1
올리브영,클렌징,비운,1
올리브영,클렌징,공병,1
올리브영,클렌징,재작년,1
올리브영,클렌징,매끄러워,1
올리브영,클렌징,나쁠거,1
올리브영,클렌징,소멸,1
올리브영,클렌징,이랬던거,1
올리브영,클렌징,비타민,1
올리브영,클렌징,문구,1
올리브영,클렌징,꼼꼼해서,1
올리브영,클렌징,볼때,1
올리브영,클렌징,터득,1
올리브영,클렌징,확실하게,1
올리브영,클렌징,말랐던,1
올리브영,클렌징,두부,1
올리브영,클렌징,클랭,1
올리브영,클렌징,깔끔하,1
올리브영,클렌징,갑,1
올리브영,클렌징,보들보들해,1
올리브영,클렌징,있는지는,1
올리브영,클렌징,소식,1
올리브영,클렌징,좋아했어,1
올리브영,클렌징,요청,1
올리브영,클렌징,콧볼,1
올리브영,클렌징,이틀,1
올리브영,클렌징,콕,1
올리브영,클렌징,매끈해졌어,1
올리브영,클렌징,왕따,1
올리브영,클렌징,가녀리잖아,1
올리브영,클렌징,브로,1
올리브영,클렌징,카라,1
올리브영,클렌징,불편한거,1
올리브영,클렌징,해소,1
올리브영,클렌징,왠만한,1
올리브영,클렌징,없이두,1
올리브영,클렌징,클렌징라,1
올리브영,클렌징,티슈,1
올리브영,클렌징,심함,1
올리브영,클렌징,분과,1
올리브영,클렌징,일제,1
올리브영,클렌징,매끈한,1
올리브영,클렌징,주르륵,1
올리브영,클렌징,유명한데에는,1
올리브영,클렌징,베스트셀러,1
올리브영,클렌징,두고두고,1
올리브영,클렌징,아쉬운데,1
올리브영,클렌징,쟁여놓,1
올리브영,클렌징,위더,1
올리브영,클렌징,그렇,1
올리브영,클렌징,묽지,1
올리브영,클렌징,만족스러운,1
올리브영,클렌징,뛰어나서,1
올리브영,클렌징,아줌마,1
올리브영,클렌징,안전,1
올리브영,클렌징,오돌토돌한게,1
올리브영,클렌징,헹궈주,1
올리브영,클렌징,오돌토돌하게,1
올리브영,클렌징,부문,1
올리브영,클렌징,높아,1
올리브영,클렌징,사용자,1
올리브영,클렌징,충분한,1
올리브영,클렌징,가능하면,1
올리브영,클렌징,필요하다면,1
올리브영,클렌징,대요,1
올리브영,클렌징,강력한,1
올리브영,클렌징,원하면서도,1
올리브영,클렌징,계신,1
올리브영,클렌징,즇,1
올리브영,클렌징,화장지,1
올리브영,클렌징,정보,1
올리브영,클렌징,퍼스,1
올리브영,클렌징,널,1
올리브영,클렌징,봄웜라핑잘봄,1
올리브영,클렌징,호수,1
올리브영,클렌징,뎅,1
올리브영,클렌징,따가운거,1
올리브영,클렌징,없고요,1
올리브영,클렌징,고왕,1
올리브영,클렌징,리가,1
올리브영,클렌징,이득,1
올리브영,클렌징,좋지만,1
올리브영,클렌징,쓸모,1
올리브영,클렌징,앞판,1
올리브영,클렌징,판이,1
올리브영,클렌징,그닥,1
올리브영,클렌징,귀엽지도,1
올리브영,클렌징,립,1
올리브영,클렌징,필요없는,1
올리브영,클렌징,싫다,1
올리브영,클렌징,닷,1
올리브영,클렌징,다를수도,1
올리브영,클렌징,쟤,1
올리브영,클렌징,무겁다길래,1
올리브영,클렌징,무겁지고,1
올리브영,클렌징,기여,1
올리브영,클렌징,일인,1
올리브영,클렌징,우수함,1
올리브영,클렌징,클렌징돼,1
올리브영,클렌징,불순,1
올리브영,클렌징,번의,1
올리브영,클렌징,그런거인줄,1
올리브영,클렌징,삶,1
올리브영,클렌징,고마워요,1
올리브영,클렌징,우수하다고,1
올리브영,클렌징,무겁지도,1
올리브영,클렌징,가볍지도,1
올리브영,클렌징,아닌듯,1
올리브영,클렌징,미술,1
올리브영,클렌징,없다구,1
올리브영,클렌징,세인,1
올리브영,클렌징,무겁지,1
올리브영,클렌징,가볍지,1
올리브영,클렌징,충분하게,1
올리브영,클렌징,해쥬기,1
올리브영,클렌징,댐,1
올리브영,클렌징,괴롭쥬,1
올리브영,클렌징,부탁드려,1
올리브영,클렌징,듈아,1
올리브영,클렌징,많,1
올리브영,클렌징,왓읍니,1
올리브영,클렌징,다른건,1
올리브영,클렌징,시리던데,1
올리브영,클렌징,그럽니,1
올리브영,클렌징,사려,1
올리브영,클렌징,혜자,1
올리브영,클렌징,풀메,1
올리브영,클렌징,통쨰,1
올리브영,클렌징,댕,1
올리브영,클렌징,클렌징입니,1
올리브영,클렌징,잘뫃쓰,1
올리브영,클렌징,그래,1
올리브영,클렌징,저희,1
올리브영,클렌징,여자,1
올리브영,클렌징,쟁입니,1
올리브영,클렌징,있어야,1
올리브영,클렌징,평화,1
올리브영,클렌징,뾰류지,1
올리브영,클렌징,오빠,1
올리브영,클렌징,잘맞는,1
올리브영,클렌징,유명하죠,1
올리브영,클렌징,하넹,1
올리브영,클렌징,뭉,1
올리브영,클렌징,많이하고,1
올리브영,클렌징,즇고,1
올리브영,클렌징,워터클렌징,1
올리브영,클렌징,찝찝할,1
올리브영,클렌징,쁠,1
올리브영,클렌징,순하면서,1
올리브영,클렌징,클레,1
올리브영,클렌징,자국,1
올리브영,클렌징,휘뚜루,1
올리브영,클렌징,마뚜루,1
올리브영,클렌징,농도,1
올리브영,클렌징,알맞는,1
올리브영,클렌징,따가워여,1
올리브영,클렌징,몀,1
올리브영,클렌징,편안하게잘,1
올리브영,클렌징,괜찮아져요,1
올리브영,클렌징,리치,1
올리브영,클렌징,바닐라코,1
올리브영,클렌징,괜찮을꺼라,1
올리브영,클렌징,인대,1
올리브영,클렌징,만행,1
올리브영,클렌징,궈,1
올리브영,클렌징,잘행궈집니,1
올리브영,클렌징,곡정,1
올리브영,클렌징,열병,1
올리브영,클렌징,예민해서,1
올리브영,클렌징,리사,1
올리브영,클렌징,진하게,1
올리브영,클렌징,깔끔하게잘,1
올리브영,클렌징,싱하,1
올리브영,클렌징,원하면,1
올리브영,클렌징,고용,1
올리브영,클렌징,갖,1
올리브영,클렌징,멘트,1
올리브영,클렌징,국민,1
올리브영,클렌징,뛰어나,1
올리브영,클렌징,유명했어서,1
올리브영,클렌징,런가,1
올리브영,클렌징,답답함도,1
올리브영,클렌징,심하고,1
올리브영,클렌징,건조해지더라구요,1
올리브영,클렌징,딱일것,1
올리브영,클렌징,오드,1
올리브영,클렌징,필요없지만,1
올리브영,클렌징,부모님,1
올리브영,클렌징,블렉해드,1
올리브영,클렌징,동의,1
올리브영,클렌징,팁,1
올리브영,클렌징,한가해서,1
올리브영,클렌징,유명한데는,1
올리브영,클렌징,있었나,1
올리브영,클렌징,뛰어나고,1
올리브영,클렌징,급,1
올리브영,클렌징,이상하게,1
올리브영,클렌징,자세한,1
올리브영,클렌징,첫인상,1
올리브영,클렌징,순하다,1
올리브영,클렌징,안방,1
올리브영,클렌징,자고,1
올리브영,클렌징,약하거나,1
올리브영,클렌징,평생,1
올리브영,클렌징,안고,1
올리브영,클렌징,도록,1
올리브영,클렌징,건조하다고,1
올리브영,클렌징,만족해하고,1
올리브영,클렌징,힘들게,1
올리브영,클렌징,약할수,1
올리브영,클렌징,덥고,1
올리브영,클렌징,예민하여,1
올리브영,클렌징,약한,1
올리브영,클렌징,드라마틱하게는,1
올리브영,클렌징,휴식시간,1
올리브영,클렌징,길게,1
올리브영,클렌징,짧게하세요,1
올리브영,클렌징,귀찮으,1
올리브영,클렌징,가품,1
올리브영,클렌징,적당해요,1
올리브영,클렌징,어떨지,1
올리브영,클렌징,대중,1
올리브영,클렌징,신중한,1
올리브영,클렌징,토리,1
올리브영,클렌징,묽은,1
올리브영,클렌징,고체,1
올리브영,클렌징,풀메후,1
올리브영,클렌징,말씀,1
올리브영,클렌징,봏아,1
올리브영,클렌징,편안하고,1
올리브영,클렌징,예민하,1
올리브영,클렌징,있을것,1
올리브영,클렌징,애착,1
올리브영,클렌징,약한거,1
올리브영,클렌징,천사,1
올리브영,클렌징,점토,1
올리브영,클렌징,갠취,1
올리브영,클렌징,아니긴,1
올리브영,클렌징,초미세먼지,1
올리브영,클렌징,도적,1
올리브영,클렌징,공감,1
올리브영,클렌징,순하다라는,1
올리브영,클렌징,완벽히,1
올리브영,클렌징,덕해,1
올리브영,클렌징,김정도,1
올리브영,클렌징,중국인,1
올리브영,클렌징,탑,1
올리브영,클렌징,건조할것,1
올리브영,클렌징,안보,1
올리브영,클렌징,매끈해졌다고,1
올리브영,클렌징,기숙사,1
올리브영,클렌징,기대한다면,1
올리브영,클렌징,클렌징뿐,1
올리브영,클렌징,순하,1
올리브영,클렌징,간단한,1
올리브영,클렌징,집앞,1
올리브영,클렌징,편하네요,1
올리브영,클렌징,염려,1
올리브영,클렌징,분기도,1
올리브영,클렌징,건조하게,1
올리브영,클렌징,윤광,1
올리브영,클렌징,지성인,1
올리브영,클렌징,예민,1
올리브영,클렌징,방송,1
올리브영,클렌징,좋더군요,1
올리브영,클렌징,반달,1
올리브영,클렌징,작으면서,1
올리브영,클렌징,밀도,1
올리브영,클렌징,단단히,1
올리브영,클렌징,감촉,1
올리브영,클렌징,필요하다,1
올리브영,클렌징,인제,1
올리브영,클렌징,계절,1
올리브영,클렌징,필요하다고,1
올리브영,클렌징,고객,1
올리브영,클렌징,매달,1
올리브영,클렌징,픽해,1
올리브영,클렌징,좋길래,1
올리브영,클렌징,어행갈때,1
올리브영,클렌징,필요해서,1
올리브영,클렌징,같이있길래,1
올리브영,클렌징,쟁야놓,1
올리브영,클렌징,중상,1
올리브영,클렌징,눈화장,1
올리브영,클렌징,야할거에,1
올리브영,클렌징,성하고,1
올리브영,클렌징,딱좋을것,1
올리브영,클렌징,사춘기,1
올리브영,클렌징,안해,1
올리브영,클렌징,시원합니,1
올리브영,클렌징,몇개,1
올리브영,클렌징,월,1
올리브영,클렌징,알겡이들,1
올리브영,클렌징,괜찮아지는,1
올리브영,클렌징,불편한,1
올리브영,클렌징,섵,1
올리브영,클렌징,클템,1
올리브영,클렌징,급해서,1
올리브영,클렌징,공홈,1
올리브영,클렌징,속닥속,1
올리브영,클렌징,여기껄,1
올리브영,클렌징,순해여,1
올리브영,클렌징,약한데,1
올리브영,클렌징,순행,1
올리브영,클렌징,괜찮더라고요,1
올리브영,클렌징,자기,1
올리브영,클렌징,폼클렌징입니,1
올리브영,클렌징,건조하지도,1
올리브영,클렌징,건조함있고,1
올리브영,클렌징,좋어,1
올리브영,클렌징,랭킹,1
올리브영,클렌징,나쁘진,1
올리브영,클렌징,사드,1
올리브영,클렌징,순하네요,1
올리브영,클렌징,해외여행,1
올리브영,클렌징,이젠트,1
올리브영,클렌징,순하네,1
올리브영,클렌징,리용,1
올리브영,클렌징,원할,1
올리브영,클렌징,치약,1
올리브영,클렌징,앞쪽,1
올리브영,클렌징,가운데,1
올리브영,클렌징,눌려,1
올리브영,클렌징,완벽합니다,1
올리브영,클렌징,온화하고,1
올리브영,클렌징,근육,1
올리브영,클렌징,온화하며,1
올리브영,클렌징,호평,1
올리브영,클렌징,쓰려,1
올리브영,클렌징,부족하다고,1
올리브영,클렌징,아시,1
올리브영,클렌징,뷰티,1
올리브영,클렌징,튜버,1
올리브영,클렌징,조아여,1
올리브영,클렌징,따가웠는데,1
올리브영,클렌징,따가,1
올리브영,클렌징,만족스러웠구요,1
올리브영,클렌징,햤,1
올리브영,클렌징,빨랐구요,1
올리브영,클렌징,깔끔합니,1
올리브영,클렌징,조아용,1
올리브영,클렌징,사수,1
올리브영,클렌징,세룡,1
올리브영,클렌징,작은데,1
올리브영,클렌징,아영,1
올리브영,클렌징,쓸듯햐,1
올리브영,클렌징,클렌징밀크,1
올리브영,클렌징,쬬아,1
올리브영,클렌징,길,1
올리브영,클렌징,시험,1
올리브영,클렌징,추해요,1
올리브영,클렌징,폼클렌징이,1
올리브영,클렌징,붉어지는,1
올리브영,클렌징,지난달,1
올리브영,클렌징,에어컨,1
올리브영,클렌징,홍색,1
올리브영,클렌징,가렵,1
올리브영,클렌징,파운데이션,1
올리브영,클렌징,급한,1
올리브영,클렌징,강력하게,1
올리브영,클렌징,빨갛게,1
올리브영,클렌징,없다고,1
올리브영,클렌징,조각,1
올리브영,클렌징,깜짝,1
올리브영,클렌징,뜨거운,1
올리브영,클렌징,수도꼭지,1
올리브영,클렌징,아래,1
올리브영,클렌징,놀란,1
올리브영,클렌징,브레인,1
올리브영,클렌징,은색,1
올리브영,클렌징,회복,1
올리브영,클렌징,괜찮아지고,1
올리브영,클렌징,광대뼈,1
올리브영,클렌징,부드러워진다,1
올리브영,클렌징,두꺼워서,1
올리브영,클렌징,초,1
올리브영,클렌징,전문,1
올리브영,클렌징,연구,1
올리브영,클렌징,침투,1
올리브영,클렌징,텐실막천,1
올리브영,클렌징,쥐,1
올리브영,클렌징,빨개질,1
올리브영,클렌징,찬물,1
올리브영,클렌징,설날,1
올리브영,클렌징,없을까봐,1
올리브영,클렌징,비축,1
올리브영,클렌징,칙칙하다,1
올리브영,클렌징,번호,1
올리브영,클렌징,하얗고,1
올리브영,클렌징,어둡다고,1
올리브영,클렌징,균일한,1
올리브영,클렌징,하얗지,1
올리브영,클렌징,무광,1
올리브영,클렌징,물광,1
올리브영,클렌징,어때,1
올리브영,클렌징,자연스러워요,1
올리브영,클렌징,답답하지,1
올리브영,클렌징,앵커,1
올리브영,클렌징,마리,1
올리브영,클렌징,에어,1
올리브영,클렌징,쿠션,1
올리브영,클렌징,좋았지만,1
올리브영,클렌징,팅,1
올리브영,클렌징,뜻,1
올리브영,클렌징,근무,1
올리브영,클렌징,콧날,1
올리브영,클렌징,퇴근,1
올리브영,클렌징,자신,1
올리브영,클렌징,충분합니다,1
올리브영,클렌징,추구,1
올리브영,클렌징,투명한,1
올리브영,클렌징,원하거나,1
올리브영,클렌징,결점,1
올리브영,클렌징,낮은,1
올리브영,클렌징,감각,1
올리브영,클렌징,뿐입니다,1
올리브영,클렌징,하라,1
올리브영,클렌징,꼽자,1
올리브영,클렌징,대로,1
올리브영,클렌징,눌린,1
올리브영,클렌징,괜시리,1
올리브영,클렌징,불편하게,1
올리브영,클렌징,년전,1
올리브영,클렌징,아니었지만,1
올리브영,클렌징,개운해여,1
올리브영,클렌징,조음,1
올리브영,클렌징,비싸요,1
올리브영,클렌징,이만원,1
올리브영,클렌징,무겁거나,1
올리브영,클렌징,뮬러,1
올리브영,클렌징,토마토,1
올리브영,클렌징,혹시,1
올리브영,클렌징,찰나,1
올리브영,클렌징,깨끗히,1
올리브영,클렌징,매끈하여,1
올리브영,클렌징,상관없이,1
올리브영,클렌징,약하다고,1
올리브영,클렌징,그럼에도,1
올리브영,클렌징,만족스러울만큼,1
올리브영,클렌징,클렌징폼이,1
올리브영,클렌징,보송하면서도,1
올리브영,클렌징,어,1
올리브영,클렌징,땡땡,1
올리브영,클렌징,응,1
올리브영,클렌징,외국인,1
올리브영,클렌징,좋을꺼,1
올리브영,클렌징,용품,1
올리브영,클렌징,민감하고,1
올리브영,클렌징,하서,1
올리브영,클렌징,없었지만,1
올리브영,클렌징,민감해,1
올리브영,클렌징,에전,1
올리브영,클렌징,붉어지지도,1
올리브영,클렌징,무향,1
올리브영,클렌징,성,1
올리브영,클렌징,충분할,1
올리브영,클렌징,저가,1
올리브영,클렌징,어딘가,1
올리브영,클렌징,부족하다,1
올리브영,클렌징,클렌징폼정,1
올리브영,클렌징,이차,1
올리브영,클렌징,건조한건,1
올리브영,클렌징,촉촉하지도,1
올리브영,클렌징,쫀득하,1
올리브영,클렌징,괜탆아,1
올리브영,클렌징,있어도,1
올리브영,클렌징,모말,1
올리브영,클렌징,모,1
올리브영,클렌징,조구만,1
올리브영,클렌징,에디,1
올리브영,클렌징,션,1
올리브영,클렌징,틈,1
올리브영,클렌징,주지,1
올리브영,클렌징,뭐살,1
올리브영,클렌징,일수,1
올리브영,클렌징,비싸긴,1
올리브영,클렌징,좋았고요,1
올리브영,클렌징,건데,1
올리브영,클렌징,점성도,1
올리브영,클렌징,작용,1
올리브영,클렌징,있겠더라고요,1
올리브영,클렌징,신상,1
올리브영,클렌징,클렌징때,1
올리브영,클렌징,은기,1
올리브영,클렌징,구분,1
올리브영,클렌징,작게,1
올리브영,클렌징,보송보송하게,1
올리브영,클렌징,중하,1
올리브영,클렌징,콩,1
올리브영,클렌징,이럴,1
올리브영,클렌징,남성,1
올리브영,클렌징,부담스러우며,1
올리브영,클렌징,괜찮구요,1
올리브영,클렌징,쿠폰,1
올리브영,클렌징,서비스,1
올리브영,클렌징,이런게,1
올리브영,클렌징,좋았구요,1
올리브영,클렌징,괜찮더라구요,1
올리브영,클렌징,중인,1
올리브영,클렌징,적당량,1
올리브영,클렌징,헹,1
올리브영,클렌징,구어주면,1
올리브영,클렌징,덩,1
올리브영,클렌징,타지,1
올리브영,클렌징,온고잉되,1
올리브영,클렌징,지난,1
올리브영,클렌징,한정,1
올리브영,클렌징,귀여웠는데,1
올리브영,클렌징,유명하고,1
올리브영,클렌징,촉촉함도,1
올리브영,클렌징,차례,1
올리브영,클렌징,같구,1
올리브영,클렌징,마냥,1
올리브영,클렌징,추첨,1
올리브영,클렌징,리하,1
올리브영,클렌징,조밀하게,1
올리브영,클렌징,채널,1
올리브영,클렌징,품질,1
올리브영,클렌징,익숙해서,1
올리브영,클렌징,계획,1
올리브영,클렌징,알카리,1
올리브영,클렌징,반해서,1
올리브영,클렌징,조차,1
올리브영,클렌징,바닥,1
올리브영,클렌징,단부,1
올리브영,클렌징,표기,1
올리브영,클렌징,회전,1
올리브영,클렌징,좋은지,1
올리브영,클렌징,넉넉한,1
올리브영,클렌징,우주,1
올리브영,클렌징,최저,1
올리브영,클렌징,무자,1
올리브영,클렌징,안구,1
올리브영,클렌징,편안해요,1
올리브영,클렌징,수많은,1
올리브영,클렌징,뚜렷한,1
올리브영,클렌징,연히,1
올리브영,클렌징,적당하게,1
올리브영,클렌징,깊숙히,1
올리브영,클렌징,거듭,1
올리브영,클렌징,외박,1
올리브영,클렌징,커다란,1
올리브영,클렌징,부피,1
올리브영,클렌징,어깨,1
올리브영,클렌징,무거워지는데,1
올리브영,클렌징,한결,1
올리브영,클렌징,승승장구,1
올리브영,클렌징,주변인,1
올리브영,클렌징,체험,1
올리브영,클렌징,단,1
올리브영,클렌징,선정,1
올리브영,클렌징,무료,1
올리브영,클렌징,하진,1
올리브영,클렌징,클렌저쓰,1
올리브영,클렌징,사계,1
올리브영,클렌징,절용,1
올리브영,클렌징,학생,1
올리브영,클렌징,이대,1
올리브영,클렌징,안되겠다,1
올리브영,클렌징,없겠지만,1
올리브영,클렌징,없었어요,1
올리브영,클렌징,나니,1
올리브영,클렌징,푸석해진,1
올리브영,클렌징,같더라고요,1
올리브영,클렌징,산뜻하기,1
올리브영,클렌징,야외,1
올리브영,클렌징,활동,1
올리브영,클렌징,건조함을,1
올리브영,클렌징,씅나,1
올리브영,클렌징,금쪼기들,1
올리브영,클렌징,와사비,1
올리브영,클렌징,아니구,1
올리브영,클렌징,그랬다면,1
올리브영,클렌징,촉촉하구,1
올리브영,클렌징,순하면,1
올리브영,클렌징,헹굴때,1
올리브영,클렌징,있어용,1
올리브영,클렌징,합리,1
올리브영,클렌징,쇼핑,1
올리브영,클렌징,불안해서,1
올리브영,클렌징,나머진,1
올리브영,클렌징,바름,1
올리브영,클렌징,둥이,1
올리브영,클렌징,밴드,1
올리브영,클렌징,무지,1
올리브영,클렌징,동일하고,1
올리브영,클렌징,대감,1
올리브영,클렌징,촘촘,1
올리브영,클렌징,뛰어나진,1
올리브영,클렌징,같아서요,1
올리브영,클렌징,건조하긴,1
올리브영,클렌징,없다는,1
올리브영,클렌징,폼클렌지,1
올리브영,클렌징,능력,1
올리브영,클렌징,섀도우,1
올리브영,클렌징,발색,1
올리브영,클렌징,순하지만,1
올리브영,클렌징,잘맞을것,1
올리브영,클렌징,아크,1
올리브영,클렌징,네스,1
올리브영,클렌징,더마,1
올리브영,클렌징,릴리,1
올리브영,클렌징,잘납니다,1
올리브영,클렌징,촉촉합니다,1
올리브영,클렌징,건조해,1
올리브영,클렌징,이보,1
올리브영,클렌징,건조함은,1
올리브영,클렌징,여러가지,1
올리브영,클렌징,상세,1
올리브영,클렌징,페이지,1
올리브영,클렌징,같더라,1
올리브영,클렌징,찝찝함,1
올리브영,클렌징,가능하다고,1
올리브영,클렌징,후다닥,1
올리브영,클렌징,강렬하게,1
올리브영,클렌징,강하게,1
올리브영,클렌징,향나,1
올리브영,클렌징,좋아하지,1
올리브영,클렌징,연하게,1
올리브영,클렌징,벌겋게,1
올리브영,클렌징,편안하게,1
올리브영,클렌징,건조해질,1
올리브영,클렌징,만약,1
올리브영,클렌징,알레르기,1
올리브영,클렌징,안쪽,1
올리브영,클렌징,씰,1
올리브영,클렌징,당황,1
올리브영,클렌징,폭발,1
올리브영,클렌징,성해서,1
올리브영,클렌징,분유,1
올리브영,클렌징,건조해지는데,1
올리브영,클렌징,한계,1
올리브영,클렌징,없기,1
올리브영,클렌징,있었네,1
올리브영,클렌징,건조함이나,1
올리브영,클렌징,더러,1
올리브영,클렌징,반해,1
올리브영,클렌징,대체로,1
올리브영,클렌징,클렌징들,1
올리브영,클렌징,많아요,1
올리브영,클렌징,컨데,1
올리브영,클렌징,고양이,1
올리브영,클렌징,털,1
올리브영,클렌징,무리겠지만,1
올리브영,클렌징,아니구요,1
올리브영,클렌징,이내,1
올리브영,클렌징,앞서,1
올리브영,클렌징,까말까,1
올리브영,클렌징,많다,1
올리브영,클렌징,같기두,1
올리브영,클렌징,추세,1
올리브영,클렌징,익숙하신,1
올리브영,클렌징,가을,1
올리브영,클렌징,완두콩,1
올리브영,클렌징,저렴해서,1
올리브영,클렌징,스크럽하,1
올리브영,클렌징,부들부들해져요,1
올리브영,클렌징,성해,1
올리브영,클렌징,클렝징폼,1
올리브영,클렌징,괜찮고,1
올리브영,클렌징,추석,1
올리브영,클렌징,아쉬워서,1
올리브영,클렌징,드랴,1
올리브영,클렌징,순하기는,1
올리브영,클렌징,무언가,1
올리브영,클렌징,그렇듯,1
올리브영,클렌징,많으신,1
올리브영,클렌징,드라마틱하게,1
올리브영,클렌징,순,1
올리브영,클렌징,인지,1
올리브영,클렌징,완화,1
올리브영,클렌징,괜찮네,1
올리브영,클렌징,있답니다,1
올리브영,클렌징,현황,1
올리브영,클렌징,군데,1
올리브영,클렌징,진행,1
올리브영,클렌징,누락,1
올리브영,클렌징,한파,1
올리브영,클렌징,소연,1
올리브영,클렌징,머금,1
올리브영,클렌징,알차게,1
올리브영,클렌징,어마,1
올리브영,클렌징,무시,1
올리브영,클렌징,확실합니다,1
올리브영,클렌징,은행,1
올리브영,클렌징,잎,1
올리브영,클렌징,여주,1
올리브영,클렌징,착한,1
올리브영,클렌징,겔,1
올리브영,클렌징,겹,1
올리브영,클렌징,거미,1
올리브영,클렌징,놀램,1
올리브영,클렌징,쌩,1
올리브영,클렌징,아이폰,1
올리브영,클렌징,카메라,1
올리브영,클렌징,머르겠,1
올리브영,클렌징,열흘,1
올리브영,클렌징,거칠거칠함,1
올리브영,클렌징,현무암,1
올리브영,클렌징,같다고,1
올리브영,클렌징,장할,1
올리브영,클렌징,적신,1
올리브영,클렌징,매끈해지고,1
올리브영,클렌징,거칠함이,1
올리브영,클렌징,보이지,1
올리브영,클렌징,화강암,1
올리브영,클렌징,거칠함,1
올리브영,클렌징,이진,1
올리브영,클렌징,아버지,1
올리브영,클렌징,따라서,1
올리브영,클렌징,나중,1
올리브영,클렌징,서너,1
올리브영,클렌징,야할듯,1
올리브영,클렌징,의견,1
올리브영,클렌징,들뜸,1
올리브영,클렌징,아쉬움,1
올리브영,클렌징,저리,1
올리브영,클렌징,소문,1
올리브영,클렌징,심할,1
올리브영,클렌징,짧게,1
올리브영,클렌징,가려움,1
올리브영,클렌징,홍조,1
올리브영,클렌징,중단,1
올리브영,클렌징,드라마틱하진,1
올리브영,클렌징,쏙,1
올리브영,클렌징,나쁘고를,1
올리브영,클렌징,중요한가,1
올리브영,클렌징,약하신,1
올리브영,클렌징,좋으니,1
올리브영,클렌징,방지,1
올리브영,클렌징,매끈해요,1
올리브영,클렌징,무리하게하면,1
올리브영,클렌징,같아여,1
올리브영,클렌징,유명하다는,1
올리브영,클렌징,화상,1
올리브영,클렌징,단잠,1
올리브영,클렌징,한참,1
올리브영,클렌징,걸사,1
올리브영,클렌징,야해서리,1
올리브영,클렌징,트리플,1
올리브영,클렌징,득템,1
올리브영,클렌징,탱탱해지고,1
올리브영,클렌징,유용해,1
올리브영,클렌징,소,1
올리브영,클렌징,슈퍼,1
올리브영,클렌징,멜팅,1
올리브영,클렌징,코로나,1
올리브영,클렌징,시국,1
올리브영,클렌징,급격히,1
올리브영,클렌징,망조,1
올리브영,클렌징,지긋지긋한,1
올리브영,클렌징,시위,1
올리브영,클렌징,극단,1
올리브영,클렌징,반비례,1
올리브영,클렌징,있으니깐,1
올리브영,클렌징,좋겠다,1
올리브영,클렌징,총,1
올리브영,클렌징,사촌동생,1
올리브영,클렌징,좋아하고,1
올리브영,클렌징,중독,1
올리브영,클렌징,미쳐,1
올리브영,클렌징,노란우,1
올리브영,클렌징,웩,1
올리브영,클렌징,없다곤,1
올리브영,클렌징,통증,1
올리브영,클렌징,다르니깐,1
올리브영,클렌징,괜찮을듯,1
올리브영,클렌징,꾹꾹,1
올리브영,클렌징,편리합니,1
올리브영,클렌징,옅어지는게,1
올리브영,클렌징,대화,1
올리브영,클렌징,회,1
올리브영,클렌징,점차,1
올리브영,클렌징,밀면,1
올리브영,클렌징,촉촉해지면서도,1
올리브영,클렌징,지지,1
올리브영,클렌징,상쾌해요,1
올리브영,클렌징,매도,1
올리브영,클렌징,맑아진,1
올리브영,클렌징,습니,1
올리브영,클렌징,붉어지더라구요,1
올리브영,클렌징,검은색,1
올리브영,클렌징,스러웠어요,1
올리브영,클렌징,지나,1
올리브영,클렌징,시큼한데,1
올리브영,클렌징,침,1
올리브영,클렌징,안될것,1
올리브영,클렌징,요게,1
올리브영,클렌징,란,1
올리브영,클렌징,같다네요,1
올리브영,클렌징,상쾌하고,1
올리브영,클렌징,이상하긴,1
올리브영,클렌징,즉각,1
올리브영,클렌징,많으면,1
올리브영,클렌징,액괴,1
올리브영,클렌징,말랐다,1
올리브영,클렌징,게을러져서,1
올리브영,클렌징,배신,1
올리브영,클렌징,클렌징하,1
올리브영,클렌징,윤기,1
올리브영,클렌징,있게,1
올리브영,클렌징,소거,1
올리브영,클렌징,마련,1
올리브영,클렌징,흉터,1
올리브영,클렌징,렌지,1
올리브영,클렌징,물수건,1
올리브영,클렌징,강도,1
올리브영,클렌징,따갑지만,1
올리브영,클렌징,반드시,1
올리브영,클렌징,부드러워지긴,1
올리브영,클렌징,청소기,1
올리브영,클렌징,있을지도,1
올리브영,클렌징,기타,1
올리브영,클렌징,쇠,1
올리브영,클렌징,막대기,1
올리브영,클렌징,미는,1
올리브영,클렌징,괜춘,1
올리브영,클렌징,낫뱃,1
올리브영,클렌징,흐힣,1
올리브영,클렌징,수열,1
올리브영,클렌징,심히하는게,1
올리브영,클렌징,중요할,1
올리브영,클렌징,바빠서,1
올리브영,클렌징,올해,1
올리브영,클렌징,물리,1
올리브영,클렌징,산지,1
올리브영,클렌징,있는데요,1
올리브영,클렌징,공정,1
올리브영,클렌징,화하는,1
올리브영,클렌징,덜하지만,1
올리브영,클렌징,넓어서,1
올리브영,클렌징,능,1
올리브영,클렌징,예쁜,1
올리브영,클렌징,묜,1
올리브영,클렌징,슬술,1
올리브영,클렌징,린지,1
올리브영,클렌징,간단해서,1
올리브영,클렌징,대기,1
올리브영,클렌징,끄읕,1
올리브영,클렌징,만유,1
올리브영,클렌징,자리는,1
올리브영,클렌징,쉬워져요,1
올리브영,클렌징,쓱쓱,1
올리브영,클렌징,구고,1
올리브영,클렌징,잘났는데,1
올리브영,클렌징,겉도,1
올리브영,클렌징,더라고요,1
올리브영,클렌징,특별한,1
올리브영,클렌징,의미,1
올리브영,클렌징,미미해서,1
올리브영,클렌징,야할거,1
올리브영,클렌징,넉넉하구,1
올리브영,클렌징,입하,1
올리브영,클렌징,듯해,1
올리브영,클렌징,뿔려,1
올리브영,클렌징,유쾌한,1
올리브영,클렌징,옆,1
올리브영,클렌징,빨개져서,1
올리브영,클렌징,힘들것,1
올리브영,클렌징,탄탄하게,1
올리브영,클렌징,종일,1
올리브영,클렌징,꿀템,1
올리브영,클렌징,용하고있어요,1
올리브영,클렌징,소개,1
올리브영,클렌징,귀찮고,1
올리브영,클렌징,건줄,1
올리브영,클렌징,베임,1
올리브영,클렌징,많이는,1
올리브영,클렌징,찬양,1
올리브영,클렌징,노벨상,1
올리브영,클렌징,스텝,1
올리브영,클렌징,어쩌,1
올리브영,클렌징,아플,1
올리브영,클렌징,고도,1
올리브영,클렌징,너튜버,1
올리브영,클렌징,확장,1
올리브영,클렌징,증,1
올리브영,클렌징,증상,1
올리브영,클렌징,곳곳,1
올리브영,클렌징,사자,1
올리브영,클렌징,달도,1
올리브영,클렌징,깊숙하게,1
올리브영,클렌징,얇은,1
올리브영,클렌징,툭툭,1
올리브영,클렌징,도구로,1
올리브영,클렌징,탈출,1
올리브영,클렌징,없지,1
올리브영,클렌징,직설,1
올리브영,클렌징,사지,1
올리브영,클렌징,고난,1
올리브영,클렌징,즉시,1
올리브영,클렌징,달걀,1
올리브영,클렌징,심지어,1
올리브영,클렌징,따끔한,1
올리브영,클렌징,지금껏,1
올리브영,클렌징,명확히,1
올리브영,클렌징,블렉,1
올리브영,클렌징,좋았어도,1
올리브영,클렌징,좋겠지,1
올리브영,클렌징,보지,1
올리브영,클렌징,케이,1
올리브영,클렌징,터,1
올리브영,클렌징,비용,1
올리브영,클렌징,가세,1
올리브영,클렌징,븕어지,1
올리브영,클렌징,꼬릿꼬릿,1
올리브영,클렌징,곱니다,1
올리브영,클렌징,드땜,1
올리브영,클렌징,엏,1
올리브영,클렌징,인스타,1
올리브영,클렌징,뚜겅,1
올리브영,클렌징,어케,1
올리브영,클렌징,허둥지둥,1
올리브영,클렌징,머세여,1
올리브영,클렌징,불쾌한,1
올리브영,클렌징,옅어지는데,1
올리브영,클렌징,같어,1
올리브영,클렌징,도전,1
올리브영,클렌징,중요하,1
올리브영,클렌징,식욕,1
올리브영,클렌징,숨,1
올리브영,클렌징,개개인,1
올리브영,클렌징,다르니,1
올리브영,클렌징,곳도,1
올리브영,클렌징,좁아서,1
올리브영,클렌징,마스터,1
올리브영,클렌징,일체,1
올리브영,클렌징,유명한만큼,1
올리브영,클렌징,그러진,1
올리브영,클렌징,부드러워지고,1
올리브영,클렌징,아쉽긴,1
올리브영,클렌징,깊게,1
올리브영,클렌징,줌,1
올리브영,클렌징,수증기,1
올리브영,클렌징,눈가,1
올리브영,클렌징,리드,1
올리브영,클렌징,편리하게,1
올리브영,클렌징,번거롭지,1
올리브영,클렌징,편리했어요,1
올리브영,클렌징,세심,1
올리브영,클렌징,전반,1
올리브영,클렌징,배양,1
올리브영,클렌징,섬유,1
올리브영,클렌징,핵,1
올리브영,클렌징,가능하도록,1
올리브영,클렌징,장기,1
올리브영,클렌징,더티햐,1
올리브영,클렌징,많은줄,1
올리브영,클렌징,생기,1
올리브영,클렌징,학교,1
올리브영,클렌징,먄,1
올리브영,클렌징,있았습니다,1
올리브영,클렌징,짱짱,1
올리브영,클렌징,무조,1
올리브영,클렌징,있다길래,1
올리브영,클렌징,나쁜거,1
올리브영,클렌징,아니더라구요,1
올리브영,클렌징,숙달,1
올리브영,클렌징,두꺼우,1
올리브영,클렌징,요피,1
올리브영,클렌징,옥,1
올리브영,클렌징,순하다고,1
올리브영,클렌징,똥,1
올리브영,클렌징,구린내가,1
올리브영,클렌징,만요,1
올리브영,클렌징,지지도,1
올리브영,클렌징,니데,1
올리브영,클렌징,미니까,1
올리브영,클렌징,볼궤,1
올리브영,클렌징,오마이갓,1
올리브영,클렌징,구멍,1
올리브영,클렌징,좋았으면,1
올리브영,클렌징,일회용,1
올리브영,클렌징,몸,1
올리브영,클렌징,열,1
올리브영,클렌징,미는게,1
올리브영,클렌징,블렉헤드,1
올리브영,클렌징,스크럽할,1
올리브영,클렌징,그런듯,1
올리브영,클렌징,생선,1
올리브영,클렌징,끼임,1
올리브영,클렌징,있길,1
올리브영,클렌징,퀴드,1
올리브영,클렌징,더러울,1
올리브영,클렌징,아닙니,1
올리브영,클렌징,없지는,1
올리브영,클렌징,간이,1
올리브영,클렌징,편해졌,1
올리브영,클렌징,스크,1
올리브영,클렌징,래퍼,1
올리브영,클렌징,기와,1
올리브영,클렌징,과장,1
올리브영,클렌징,전후,1
올리브영,클렌징,탁월합니다,1
올리브영,클렌징,아쉬워,1
올리브영,클렌징,맑고,1
올리브영,클렌징,컨트롤,1
올리브영,클렌징,매끄럽고,1
올리브영,클렌징,적합하며,1
올리브영,클렌징,스며듭니,1
올리브영,클렌징,새롭게,1
올리브영,클렌징,뭍혀,1
올리브영,클렌징,뻔한거,1
올리브영,클렌징,숨구멍,1
올리브영,클렌징,울긋불긋,1
올리브영,클렌징,따가워,1
올리브영,클렌징,무섭긴,1
올리브영,클렌징,거임,1
올리브영,클렌징,탁월하고,1
올리브영,클렌징,압출,1
올리브영,클렌징,이온,1
올리브영,클렌징,비싼듯,1
올리브영,클렌징,주심,1
올리브영,클렌징,경험,1
올리브영,클렌징,유명해가지고,1
올리브영,클렌징,아무런,1
올리브영,클렌징,캡,1
올리브영,클렌징,쫘르륵,1
올리브영,클렌징,비슷한게,1
올리브영,클렌징,더러운데,1
올리브영,클렌징,확실하고,1
올리브영,클렌징,차앤,1
올리브영,클렌징,차앤박,1
올리브영,클렌징,대도,1
올리브영,클렌징,쵝오,1
올리브영,클렌징,부직포,1
올리브영,클렌징,부담스러워서,1
올리브영,클렌징,겔같,1
올리브영,클렌징,프로,1
올리브영,클렌징,간편,1
올리브영,클렌징,테무,1
올리브영,클렌징,진동,1
올리브영,클렌징,만족감,1
올리브영,클렌징,개조,1
올리브영,클렌징,없디,1
올리브영,클렌징,파묘템,1
올리브영,클렌징,개굿,1
올리브영,클렌징,사라,1
올리브영,클렌징,당부,1
올리브영,클렌징,놈임,1
올리브영,클렌징,실망했었는데,1
올리브영,클렌징,옅어진,1
올리브영,클렌징,해피,1
올리브영,클렌징,개별,1
올리브영,클렌징,흠,1
올리브영,클렌징,산유,1
올리브영,클렌징,국,1
올리브영,클렌징,수준,1
올리브영,클렌징,괜찮았다,1
올리브영,클렌징,마른다,1
올리브영,클렌징,같진,1
올리브영,클렌징,시도,1
올리브영,클렌징,유튜버,1
올리브영,클렌징,드라마틱한,1
올리브영,클렌징,있지는,1
올리브영,클렌징,별롭니,1
올리브영,클렌징,둔한,1
올리브영,클렌징,제거햊,1
올리브영,클렌징,피자,1
올리브영,클렌징,우수,1
올리브영,클렌징,수수,1
올리브영,클렌징,쩔어요,1
올리브영,클렌징,화산,1
올리브영,클렌징,송이,1
올리브영,클렌징,삭,1
올리브영,클렌징,단종,1
올리브영,클렌징,회사,1
올리브영,클렌징,메일,1
올리브영,클렌징,구리,1
올리브영,클렌징,누,1
올리브영,클렌징,어니,1
올리브영,클렌징,옴청,1
올리브영,클렌징,가늘게,1
올리브영,클렌징,블랙헤,1
올리브영,클렌징,심하신,1
올리브영,클렌징,오른쪽,1
올리브영,클렌징,어디가,1
올리브영,클렌징,짓,1
올리브영,클렌징,안됨,1
올리브영,클렌징,똑같은데,1
올리브영,클렌징,번거로우니까,1
올리브영,클렌징,없긴,1
올리브영,클렌징,평가,1
올리브영,클렌징,오신,1
올리브영,클렌징,기대하기,1
올리브영,클렌징,보신,1
올리브영,클렌징,들뜨는게,1
올리브영,클렌징,매끈해,1
올리브영,클렌징,농,1
올리브영,클렌징,차서,1
올리브영,클렌징,아프더라구요,1
올리브영,클렌징,죽죽,1
올리브영,클렌징,젠,1
올리브영,클렌징,진심,1
올리브영,클렌징,도하,1
올리브영,클렌징,비호,1
올리브영,클렌징,사제품,1
올리브영,클렌징,덜하네요,1
올리브영,클렌징,보관,1
올리브영,클렌징,예민하면,1
올리브영,클렌징,템임,1
올리브영,클렌징,와르르,1
올리브영,클렌징,르,1
올리브영,클렌징,픽,1
올리브영,클렌징,헤즈,1
올리브영,클렌징,직,1
올리브영,클렌징,가늠,1
올리브영,클렌징,비슷해요,1
올리브영,클렌징,타이,1
올리브영,클렌징,트닝,1
올리브영,클렌징,귀찮,1
올리브영,클렌징,욤,1
올리브영,클렌징,조선시대,1
올리브영,클렌징,읜생,1
올리브영,클렌징,달동,1
올리브영,클렌징,속상해하고,1
올리브영,클렌징,믿음,1
올리브영,마스크팩,피부,428
올리브영,마스크팩,팩,308
올리브영,마스크팩,마스크,158
올리브영,마스크팩,화장,153
올리브영,마스크팩,패치,142
올리브영,마스크팩,효과,130
올리브영,마스크팩,진정,112
올리브영,마스크팩,힐,89
올리브영,마스크팩,붙이,86
올리브영,마스크팩,느낌,85
올리브영,마스크팩,데카,80
올리브영,마스크팩,자극,78
올리브영,마스크팩,사이드,76
올리브영,마스크팩,얼굴,76
올리브영,마스크팩,흔적,70
올리브영,마스크팩,전,66
올리브영,마스크팩,좋아,64
올리브영,마스크팩,케어,63
올리브영,마스크팩,시트,62
올리브영,마스크팩,수분,57
올리브영,마스크팩,습,57
올리브영,마스크팩,각질,57
올리브영,마스크팩,밀착,56
올리브영,마스크팩,후,56
올리브영,마스크팩,정도,55
올리브영,마스크팩,꾸준히,52
올리브영,마스크팩,추천,51
올리브영,마스크팩,눈,51
올리브영,마스크팩,템,49
올리브영,마스크팩,에센스,48
올리브영,마스크팩,고민,48
올리브영,마스크팩,보습,47
올리브영,마스크팩,날,47
올리브영,마스크팩,눈가,47
올리브영,마스크팩,같아,43
올리브영,마스크팩,볼,43
올리브영,마스크팩,화,43
올리브영,마스크팩,잡티,43
올리브영,마스크팩,자주,42
올리브영,마스크팩,도움,42
올리브영,마스크팩,마음에 들다,40
올리브영,마스크팩,있어,39
올리브영,마스크팩,트러블,39
올리브영,마스크팩,다크서클,39
올리브영,마스크팩,가성비,38
올리브영,마스크팩,기획,37
올리브영,마스크팩,흡수,37
올리브영,마스크팩,매일,36
올리브영,마스크팩,감,36
올리브영,마스크팩,사이즈,36
올리브영,마스크팩,부분,35
올리브영,마스크팩,다른,34
올리브영,마스크팩,입니,34
올리브영,마스크팩,패드,34
올리브영,마스크팩,성분,33
올리브영,마스크팩,미백,32
올리브영,마스크팩,관리,32
올리브영,마스크팩,주름,32
올리브영,마스크팩,여드름,31
올리브영,마스크팩,걸,31
올리브영,마스크팩,건성,30
올리브영,마스크팩,그냥,29
올리브영,마스크팩,요즘,29
올리브영,마스크팩,다이소,29
올리브영,마스크팩,완전,28
올리브영,마스크팩,확실히,28
올리브영,마스크팩,결,28
올리브영,마스크팩,크기,28
올리브영,마스크팩,눈밑,28
올리브영,마스크팩,다크,28
올리브영,마스크팩,촉촉하고,27
올리브영,마스크팩,있는데,27
올리브영,마스크팩,분,27
올리브영,마스크팩,스킨,27
올리브영,마스크팩,톡,27
올리브영,마스크팩,미,27
올리브영,마스크팩,같은,25
올리브영,마스크팩,리뷰,25
올리브영,마스크팩,기미,25
올리브영,마스크팩,그,24
올리브영,마스크팩,앰플,24
올리브영,마스크팩,향,24
올리브영,마스크팩,크림,24
올리브영,마스크팩,겨울,24
올리브영,마스크팩,커버,24
올리브영,마스크팩,광대,24
올리브영,마스크팩,타입,23
올리브영,마스크팩,해,23
올리브영,마스크팩,끈,23
올리브영,마스크팩,기분,23
올리브영,마스크팩,커서,23
올리브영,마스크팩,리페,22
올리브영,마스크팩,살짝,22
올리브영,마스크팩,용량,22
올리브영,마스크팩,때문,22
올리브영,마스크팩,톤,22
올리브영,마스크팩,광,22
올리브영,마스크팩,토너,22
올리브영,마스크팩,아이,22
올리브영,마스크팩,부위,22
올리브영,마스크팩,바로,21
올리브영,마스크팩,마몽드,21
올리브영,마스크팩,자체,20
올리브영,마스크팩,좋았어요,20
올리브영,마스크팩,친구,20
올리브영,마스크팩,시간,20
올리브영,마스크팩,좋다고,20
올리브영,마스크팩,게,20
올리브영,마스크팩,간,20
올리브영,마스크팩,온,20
올리브영,마스크팩,밑,20
올리브영,마스크팩,무난,19
올리브영,마스크팩,아니라,19
올리브영,마스크팩,품,19
올리브영,마스크팩,사람,19
올리브영,마스크팩,계속,19
올리브영,마스크팩,착,19
올리브영,마스크팩,에센셜,19
올리브영,마스크팩,평소,19
올리브영,마스크팩,전체,19
올리브영,마스크팩,편이,18
올리브영,마스크팩,없고,18
올리브영,마스크팩,점,18
올리브영,마스크팩,부담스럽지 않은,18
올리브영,마스크팩,많아서,18
올리브영,마스크팩,작은,18
올리브영,마스크팩,타치,18
올리브영,마스크팩,트리,17
올리브영,마스크팩,일주일,17
올리브영,마스크팩,아침,17
올리브영,마스크팩,제거,17
올리브영,마스크팩,메이크업,17
올리브영,마스크팩,콜라보,17
올리브영,마스크팩,별로,16
올리브영,마스크팩,쟁여두고 싶은,16
올리브영,마스크팩,보,16
올리브영,마스크팩,꼭,16
올리브영,마스크팩,이건,16
올리브영,마스크팩,먼저,16
올리브영,마스크팩,모양,16
올리브영,마스크팩,용,16
올리브영,마스크팩,리,16
올리브영,마스크팩,글루,16
올리브영,마스크팩,지금,15
올리브영,마스크팩,말,15
올리브영,마스크팩,가장,15
올리브영,마스크팩,합,15
올리브영,마스크팩,항상,15
올리브영,마스크팩,종류,15
올리브영,마스크팩,부지,15
올리브영,마스크팩,민감,15
올리브영,마스크팩,매,15
올리브영,마스크팩,기초,15
올리브영,마스크팩,겔,15
올리브영,마스크팩,무엇,14
올리브영,마스크팩,저녁,14
올리브영,마스크팩,건,14
올리브영,마스크팩,지성,14
올리브영,마스크팩,거의,14
올리브영,마스크팩,행사,14
올리브영,마스크팩,럼,14
올리브영,마스크팩,양,14
올리브영,마스크팩,세안,14
올리브영,마스크팩,최고,14
올리브영,마스크팩,가지,14
올리브영,마스크팩,추가,14
올리브영,마스크팩,통,14
올리브영,마스크팩,구성,14
올리브영,마스크팩,개선,14
올리브영,마스크팩,이유,13
올리브영,마스크팩,할인,13
올리브영,마스크팩,얘,13
올리브영,마스크팩,사진,13
올리브영,마스크팩,두,13
올리브영,마스크팩,정리,13
올리브영,마스크팩,단계,13
올리브영,마스크팩,솜,13
올리브영,마스크팩,형,13
올리브영,마스크팩,넓어서,13
올리브영,마스크팩,이제,13
올리브영,마스크팩,알,13
올리브영,마스크팩,없어서,13
올리브영,마스크팩,도,13
올리브영,마스크팩,솔직히,13
올리브영,마스크팩,베이스,13
올리브영,마스크팩,방법,13
올리브영,마스크팩,퀴드,13
올리브영,마스크팩,쿠션,13
올리브영,마스크팩,간편하게,13
올리브영,마스크팩,써클,13
올리브영,마스크팩,편,12
올리브영,마스크팩,있,12
올리브영,마스크팩,듬뿍,12
올리브영,마스크팩,발라,12
올리브영,마스크팩,그런지,12
올리브영,마스크팩,부드럽고,12
올리브영,마스크팩,좋았습니다,12
올리브영,마스크팩,동안,12
올리브영,마스크팩,컨디션,12
올리브영,마스크팩,주변,12
올리브영,마스크팩,부착,12
올리브영,마스크팩,영,12
올리브영,마스크팩,패키지,12
올리브영,마스크팩,왜,12
올리브영,마스크팩,입,12
올리브영,마스크팩,약간,12
올리브영,마스크팩,글루타치온,12
올리브영,마스크팩,내,11
올리브영,마스크팩,가끔,11
올리브영,마스크팩,있게,11
올리브영,마스크팩,위해,11
올리브영,마스크팩,사실,11
올리브영,마스크팩,없는,11
올리브영,마스크팩,예민한,11
올리브영,마스크팩,손,11
올리브영,마스크팩,촉촉하게,11
올리브영,마스크팩,촉촉해서,11
올리브영,마스크팩,물,11
올리브영,마스크팩,역시,11
올리브영,마스크팩,자국,11
올리브영,마스크팩,못,11
올리브영,마스크팩,뭐,11
올리브영,마스크팩,제리,11
올리브영,마스크팩,장,10
올리브영,마스크팩,좁쌀,10
올리브영,마스크팩,신경,10
올리브영,마스크팩,라인,10
올리브영,마스크팩,있으면,10
올리브영,마스크팩,사면,10
올리브영,마스크팩,순해서,10
올리브영,마스크팩,품절,10
올리브영,마스크팩,리뉴얼,10
올리브영,마스크팩,같,10
올리브영,마스크팩,건조해서,10
올리브영,마스크팩,젤,10
올리브영,마스크팩,머리,10
올리브영,마스크팩,톰과제리,10
올리브영,마스크팩,정돈,10
올리브영,마스크팩,더블,10
올리브영,마스크팩,팔자주름,10
올리브영,마스크팩,용감,9
올리브영,마스크팩,위,9
올리브영,마스크팩,세트,9
올리브영,마스크팩,만족,9
올리브영,마스크팩,있을,9
올리브영,마스크팩,비도,9
올리브영,마스크팩,만족합니,9
올리브영,마스크팩,양도,9
올리브영,마스크팩,짐,9
올리브영,마스크팩,글,9
올리브영,마스크팩,마무리,9
올리브영,마스크팩,필수,9
올리브영,마스크팩,많고,9
올리브영,마스크팩,완화,9
올리브영,마스크팩,해도,9
올리브영,마스크팩,거리,9
올리브영,마스크팩,오히려,9
올리브영,마스크팩,좋네,9
올리브영,마스크팩,즉각,9
올리브영,마스크팩,다시,9
올리브영,마스크팩,쫀쫀,9
올리브영,마스크팩,상태,9
올리브영,마스크팩,판매,9
올리브영,마스크팩,이런,9
올리브영,마스크팩,로,9
올리브영,마스크팩,아래,9
올리브영,마스크팩,적당한,8
올리브영,마스크팩,복합,8
올리브영,마스크팩,편하게,8
올리브영,마스크팩,전혀,8
올리브영,마스크팩,집,8
올리브영,마스크팩,브랜드,8
올리브영,마스크팩,굿,8
올리브영,마스크팩,순하고,8
올리브영,마스크팩,없어요,8
올리브영,마스크팩,형태,8
올리브영,마스크팩,건조한,8
올리브영,마스크팩,기도,8
올리브영,마스크팩,촉촉해요,8
올리브영,마스크팩,자꾸,8
올리브영,마스크팩,코,8
올리브영,마스크팩,이마,8
올리브영,마스크팩,중요한,8
올리브영,마스크팩,같고,8
올리브영,마스크팩,막,8
올리브영,마스크팩,편해요,8
올리브영,마스크팩,토,8
올리브영,마스크팩,좋을,8
올리브영,마스크팩,좋아해서,7
올리브영,마스크팩,면,7
올리브영,마스크팩,오늘,7
올리브영,마스크팩,유명해서,7
올리브영,마스크팩,있음,7
올리브영,마스크팩,적임,7
올리브영,마스크팩,냄새,7
올리브영,마스크팩,비슷한,7
올리브영,마스크팩,꾸준하게,7
올리브영,마스크팩,시작,7
올리브영,마스크팩,공병,7
올리브영,마스크팩,없,7
올리브영,마스크팩,좋았,7
올리브영,마스크팩,대비,7
올리브영,마스크팩,하루,7
올리브영,마스크팩,점점,7
올리브영,마스크팩,여름,7
올리브영,마스크팩,액,7
올리브영,마스크팩,걱정,7
올리브영,마스크팩,더욱,7
올리브영,마스크팩,집중,7
올리브영,마스크팩,좋은데,7
올리브영,마스크팩,분기,7
올리브영,마스크팩,싹,7
올리브영,마스크팩,많은,7
올리브영,마스크팩,자기,7
올리브영,마스크팩,피부관리,7
올리브영,마스크팩,촉촉한,7
올리브영,마스크팩,일반,7
올리브영,마스크팩,새로,7
올리브영,마스크팩,속,7
올리브영,마스크팩,임,7
올리브영,마스크팩,귀여워서,7
올리브영,마스크팩,귀여워,7
올리브영,마스크팩,엄마,7
올리브영,마스크팩,파운데이션,7
올리브영,마스크팩,제로,7
올리브영,마스크팩,밤,7
올리브영,마스크팩,맨,7
올리브영,마스크팩,표현,7
올리브영,마스크팩,간이,7
올리브영,마스크팩,접착,7
올리브영,마스크팩,팔자,7
올리브영,마스크팩,중이,6
올리브영,마스크팩,최근,6
올리브영,마스크팩,촉촉해,6
올리브영,마스크팩,촉촉해지고,6
올리브영,마스크팩,가득,6
올리브영,마스크팩,최애,6
올리브영,마스크팩,좋겠어요,6
올리브영,마스크팩,좋았고,6
올리브영,마스크팩,강,6
올리브영,마스크팩,박스,6
올리브영,마스크팩,번만,6
올리브영,마스크팩,금방,6
올리브영,마스크팩,좋더라구요,6
올리브영,마스크팩,짱,6
올리브영,마스크팩,무조건,6
올리브영,마스크팩,뒤,6
올리브영,마스크팩,촉촉해져서,6
올리브영,마스크팩,꽤,6
올리브영,마스크팩,앞,6
올리브영,마스크팩,보관,6
올리브영,마스크팩,선택,6
올리브영,마스크팩,얇아서,6
올리브영,마스크팩,아예,6
올리브영,마스크팩,민감한,6
올리브영,마스크팩,쿨링,6
올리브영,마스크팩,건조,6
올리브영,마스크팩,돈,6
올리브영,마스크팩,애,6
올리브영,마스크팩,곳,6
올리브영,마스크팩,구,6
올리브영,마스크팩,다가,6
올리브영,마스크팩,몇번,6
올리브영,마스크팩,요새,6
올리브영,마스크팩,은,6
올리브영,마스크팩,기존,6
올리브영,마스크팩,적,6
올리브영,마스크팩,재질,6
올리브영,마스크팩,충전,6
올리브영,마스크팩,같은데,6
올리브영,마스크팩,올리브영,6
올리브영,마스크팩,괜찮은,6
올리브영,마스크팩,지속,6
올리브영,마스크팩,마팩,6
올리브영,마스크팩,핫,6
올리브영,마스크팩,산,6
올리브영,마스크팩,귀여워요,6
올리브영,마스크팩,뭔가,6
올리브영,마스크팩,쪽,6
올리브영,마스크팩,있었는데,6
올리브영,마스크팩,로우,6
올리브영,마스크팩,쫀쫀해,6
올리브영,마스크팩,전날,6
올리브영,마스크팩,샘플,6
올리브영,마스크팩,기대,6
올리브영,마스크팩,심해서,6
올리브영,마스크팩,차이,6
올리브영,마스크팩,토닝,6
올리브영,마스크팩,환해지고,6
올리브영,마스크팩,있어도,6
올리브영,마스크팩,젤리,6
올리브영,마스크팩,스푼,6
올리브영,마스크팩,시원하고,6
올리브영,마스크팩,장벽,5
올리브영,마스크팩,확,5
올리브영,마스크팩,전반,5
올리브영,마스크팩,화장품,5
올리브영,마스크팩,저렴한,5
올리브영,마스크팩,두께,5
올리브영,마스크팩,있었어요,5
올리브영,마스크팩,원하는,5
올리브영,마스크팩,바람,5
올리브영,마스크팩,머,5
올리브영,마스크팩,몇,5
올리브영,마스크팩,촉촉합니다,5
올리브영,마스크팩,워낙,5
올리브영,마스크팩,우선,5
올리브영,마스크팩,다만,5
올리브영,마스크팩,늘,5
올리브영,마스크팩,겨울철,5
올리브영,마스크팩,일도,5
올리브영,마스크팩,크게,5
올리브영,마스크팩,거나,5
올리브영,마스크팩,여행,5
올리브영,마스크팩,얇은,5
올리브영,마스크팩,대가,5
올리브영,마스크팩,남아,5
올리브영,마스크팩,붉은,5
올리브영,마스크팩,촉촉함이,5
올리브영,마스크팩,달라,5
올리브영,마스크팩,비싼,5
올리브영,마스크팩,무슨,5
올리브영,마스크팩,휘뚤마뚤,5
올리브영,마스크팩,넉넉해서,5
올리브영,마스크팩,얇고,5
올리브영,마스크팩,등,5
올리브영,마스크팩,끝,5
올리브영,마스크팩,색,5
올리브영,마스크팩,혹시,5
올리브영,마스크팩,버전,5
올리브영,마스크팩,요철,5
올리브영,마스크팩,촉촉하니,5
올리브영,마스크팩,필요해서,5
올리브영,마스크팩,넉넉하고,5
올리브영,마스크팩,거기,5
올리브영,마스크팩,선물,5
올리브영,마스크팩,만족스러워요,5
올리브영,마스크팩,세,5
올리브영,마스크팩,아니,5
올리브영,마스크팩,최,5
올리브영,마스크팩,탄력,5
올리브영,마스크팩,좋아용,5
올리브영,마스크팩,있다가,5
올리브영,마스크팩,아이템,5
올리브영,마스크팩,유명한,5
올리브영,마스크팩,살,5
올리브영,마스크팩,뿐,5
올리브영,마스크팩,주,5
올리브영,마스크팩,필요,5
올리브영,마스크팩,낱개,5
올리브영,마스크팩,이드,5
올리브영,마스크팩,소,5
올리브영,마스크팩,어떻게,5
올리브영,마스크팩,이용,5
올리브영,마스크팩,필링,5
올리브영,마스크팩,함,5
올리브영,마스크팩,저렴하게,5
올리브영,마스크팩,뚜껑,5
올리브영,마스크팩,요물,5
올리브영,마스크팩,처럼,5
올리브영,마스크팩,귀여운,5
올리브영,마스크팩,용기,5
올리브영,마스크팩,찰떡,5
올리브영,마스크팩,들뜸,5
올리브영,마스크팩,기,5
올리브영,마스크팩,쫀쫀하,5
올리브영,마스크팩,덜,5
올리브영,마스크팩,키링,5
올리브영,마스크팩,이후,5
올리브영,마스크팩,시,5
올리브영,마스크팩,이쁘게,5
올리브영,마스크팩,광채,5
올리브영,마스크팩,난리,5
올리브영,마스크팩,소문,5
올리브영,마스크팩,줄,5
올리브영,마스크팩,난,5
올리브영,마스크팩,건조하지,5
올리브영,마스크팩,손거울,5
올리브영,마스크팩,다양하게,5
올리브영,마스크팩,활용,5
올리브영,마스크팩,면적,5
올리브영,마스크팩,펄,5
올리브영,마스크팩,집게,5
올리브영,마스크팩,환해진,5
올리브영,마스크팩,스,4
올리브영,마스크팩,뚝뚝,4
올리브영,마스크팩,좋았어,4
올리브영,마스크팩,일시,4
올리브영,마스크팩,준,4
올리브영,마스크팩,기준,4
올리브영,마스크팩,좋을듯,4
올리브영,마스크팩,목,4
올리브영,마스크팩,질,4
올리브영,마스크팩,이상,4
올리브영,마스크팩,빠르게,4
올리브영,마스크팩,갑자기,4
올리브영,마스크팩,의사,4
올리브영,마스크팩,밀리,4
올리브영,마스크팩,홍조,4
올리브영,마스크팩,옅어,4
올리브영,마스크팩,배,4
올리브영,마스크팩,봄,4
올리브영,마스크팩,좋아해요,4
올리브영,마스크팩,남,4
올리브영,마스크팩,열,4
올리브영,마스크팩,부드럽게,4
올리브영,마스크팩,쿨링감,4
올리브영,마스크팩,식,4
올리브영,마스크팩,몇개,4
올리브영,마스크팩,이만,4
올리브영,마스크팩,좋아하는,4
올리브영,마스크팩,수정,4
올리브영,마스크팩,있는게,4
올리브영,마스크팩,좋더라고요,4
올리브영,마스크팩,추,4
올리브영,마스크팩,한지,4
올리브영,마스크팩,퍅,4
올리브영,마스크팩,몇장,4
올리브영,마스크팩,생기,4
올리브영,마스크팩,천원,4
올리브영,마스크팩,없지만,4
올리브영,마스크팩,옅어지는게,4
올리브영,마스크팩,소리,4
올리브영,마스크팩,있길래,4
올리브영,마스크팩,없는데,4
올리브영,마스크팩,모공,4
올리브영,마스크팩,빠르고,4
올리브영,마스크팩,없음,4
올리브영,마스크팩,미리,4
올리브영,마스크팩,재,4
올리브영,마스크팩,포장,4
올리브영,마스크팩,인,4
올리브영,마스크팩,편하고,4
올리브영,마스크팩,덕분,4
올리브영,마스크팩,이벤트,4
올리브영,마스크팩,경우,4
올리브영,마스크팩,있더라구요,4
올리브영,마스크팩,낭낭,4
올리브영,마스크팩,매끈하게,4
올리브영,마스크팩,그때,4
올리브영,마스크팩,앰플양,4
올리브영,마스크팩,인중,4
올리브영,마스크팩,많잖아요,4
올리브영,마스크팩,쟁여놓,4
올리브영,마스크팩,안색,4
올리브영,마스크팩,악,4
올리브영,마스크팩,궁금해서,4
올리브영,마스크팩,좋아하는데,4
올리브영,마스크팩,인기,4
올리브영,마스크팩,로션,4
올리브영,마스크팩,지도,4
올리브영,마스크팩,야무지게,4
올리브영,마스크팩,기능,4
올리브영,마스크팩,정,4
올리브영,마스크팩,순하게,4
올리브영,마스크팩,만족스럽,4
올리브영,마스크팩,링,4
올리브영,마스크팩,나이,4
올리브영,마스크팩,유지,4
올리브영,마스크팩,쭉,4
올리브영,마스크팩,류,4
올리브영,마스크팩,개인,4
올리브영,마스크팩,필요한,4
올리브영,마스크팩,선크림,4
올리브영,마스크팩,있다,4
올리브영,마스크팩,여러,4
올리브영,마스크팩,병,4
올리브영,마스크팩,직접,4
올리브영,마스크팩,없었는데,4
올리브영,마스크팩,유명하길래,4
올리브영,마스크팩,좋을거,4
올리브영,마스크팩,루틴,4
올리브영,마스크팩,소량,4
올리브영,마스크팩,가볍게,4
올리브영,마스크팩,안해,4
올리브영,마스크팩,닷,4
올리브영,마스크팩,파우치,4
올리브영,마스크팩,대박,4
올리브영,마스크팩,증정,4
올리브영,마스크팩,평생,4
올리브영,마스크팩,케이스,4
올리브영,마스크팩,톰,4
올리브영,마스크팩,입가,4
올리브영,마스크팩,있으니,4
올리브영,마스크팩,예민,4
올리브영,마스크팩,쁠,4
올리브영,마스크팩,보이,4
올리브영,마스크팩,세수,4
올리브영,마스크팩,기름,4
올리브영,마스크팩,주기도,4
올리브영,마스크팩,파우더,4
올리브영,마스크팩,귀엽고,4
올리브영,마스크팩,질감,4
올리브영,마스크팩,려고,4
올리브영,마스크팩,겹,4
올리브영,마스크팩,좋다길래,4
올리브영,마스크팩,주문,4
올리브영,마스크팩,턱,4
올리브영,마스크팩,좋구요,4
올리브영,마스크팩,게다가,4
올리브영,마스크팩,토끼,4
올리브영,마스크팩,주근깨,4
올리브영,마스크팩,옅어진,4
올리브영,마스크팩,시원해서,4
올리브영,마스크팩,권장,4
올리브영,마스크팩,칙칙해진,4
올리브영,마스크팩,넉넉하게,4
올리브영,마스크팩,부들부들한,3
올리브영,마스크팩,랄,3
올리브영,마스크팩,보통,3
올리브영,마스크팩,상,3
올리브영,마스크팩,둘,3
올리브영,마스크팩,평타,3
올리브영,마스크팩,저렴한데,3
올리브영,마스크팩,아닙니다,3
올리브영,마스크팩,평,3
올리브영,마스크팩,충분히,3
올리브영,마스크팩,음,3
올리브영,마스크팩,좋으면,3
올리브영,마스크팩,금고,3
올리브영,마스크팩,화농,3
올리브영,마스크팩,첫,3
올리브영,마스크팩,두번째,3
올리브영,마스크팩,심한,3
올리브영,마스크팩,붉은기,3
올리브영,마스크팩,절대,3
올리브영,마스크팩,강추,3
올리브영,마스크팩,다양한,3
올리브영,마스크팩,순한,3
올리브영,마스크팩,냉장고,3
올리브영,마스크팩,저번,3
올리브영,마스크팩,번갈아,3
올리브영,마스크팩,인생,3
올리브영,마스크팩,겔팩,3
올리브영,마스크팩,잘맞아서,3
올리브영,마스크팩,아쉬운,3
올리브영,마스크팩,그런,3
올리브영,마스크팩,예방,3
올리브영,마스크팩,모두,3
올리브영,마스크팩,어제,3
올리브영,마스크팩,아니고,3
올리브영,마스크팩,아니어서,3
올리브영,마스크팩,계절,3
올리브영,마스크팩,서도,3
올리브영,마스크팩,냉장,3
올리브영,마스크팩,시원함이,3
올리브영,마스크팩,아영,3
올리브영,마스크팩,편안해요,3
올리브영,마스크팩,에센,3
올리브영,마스크팩,편안했어요,3
올리브영,마스크팩,산뜻한,3
올리브영,마스크팩,답답하거나,3
올리브영,마스크팩,었어,3
올리브영,마스크팩,다양하고,3
올리브영,마스크팩,다양해,3
올리브영,마스크팩,굉장히,3
올리브영,마스크팩,가벼운,3
올리브영,마스크팩,무거운,3
올리브영,마스크팩,온도,3
올리브영,마스크팩,이예,3
올리브영,마스크팩,안나,3
올리브영,마스크팩,달이,3
올리브영,마스크팩,쫀득,3
올리브영,마스크팩,충분하고,3
올리브영,마스크팩,이신,3
올리브영,마스크팩,신기,3
올리브영,마스크팩,핬던,3
올리브영,마스크팩,횟수,3
올리브영,마스크팩,너,3
올리브영,마스크팩,착한데,3
올리브영,마스크팩,아무나,3
올리브영,마스크팩,스투레스,3
올리브영,마스크팩,염증,3
올리브영,마스크팩,해지,3
올리브영,마스크팩,참고,3
올리브영,마스크팩,흉터,3
올리브영,마스크팩,같네,3
올리브영,마스크팩,정착,3
올리브영,마스크팩,기간,3
올리브영,마스크팩,사이,3
올리브영,마스크팩,건조한데,3
올리브영,마스크팩,저렴하고,3
올리브영,마스크팩,니,3
올리브영,마스크팩,따갑고,3
올리브영,마스크팩,차원,3
올리브영,마스크팩,김,3
올리브영,마스크팩,없어,3
올리브영,마스크팩,겉,3
올리브영,마스크팩,얼마나,3
올리브영,마스크팩,햇,3
올리브영,마스크팩,짱짱,3
올리브영,마스크팩,다양해서,3
올리브영,마스크팩,맛,3
올리브영,마스크팩,좋구,3
올리브영,마스크팩,아니지만,3
올리브영,마스크팩,얼마,3
올리브영,마스크팩,점도,3
올리브영,마스크팩,좋다,3
올리브영,마스크팩,없을,3
올리브영,마스크팩,사은,3
올리브영,마스크팩,수가,3
올리브영,마스크팩,가늠,3
올리브영,마스크팩,단종,3
올리브영,마스크팩,애정,3
올리브영,마스크팩,일어나고,3
올리브영,마스크팩,건조함,3
올리브영,마스크팩,기억,3
올리브영,마스크팩,괜찮아요,3
올리브영,마스크팩,순간,3
올리브영,마스크팩,옅어지는,3
올리브영,마스크팩,특유,3
올리브영,마스크팩,촉촉,3
올리브영,마스크팩,등등,3
올리브영,마스크팩,폭탄,3
올리브영,마스크팩,건조하고,3
올리브영,마스크팩,예정,3
올리브영,마스크팩,자고,3
올리브영,마스크팩,편하기도,3
올리브영,마스크팩,갑,3
올리브영,마스크팩,레이어,3
올리브영,마스크팩,수분크림,3
올리브영,마스크팩,착한,3
올리브영,마스크팩,그동안,3
올리브영,마스크팩,테,3
올리브영,마스크팩,딱히,3
올리브영,마스크팩,는걸,3
올리브영,마스크팩,좋길래,3
올리브영,마스크팩,위주,3
올리브영,마스크팩,좋을것,3
올리브영,마스크팩,콜라겐,3
올리브영,마스크팩,가을,3
올리브영,마스크팩,솔직하게,3
올리브영,마스크팩,있다고,3
올리브영,마스크팩,장점,3
올리브영,마스크팩,중간,3
올리브영,마스크팩,덧,3
올리브영,마스크팩,신분,3
올리브영,마스크팩,불편한,3
올리브영,마스크팩,얼른,3
올리브영,마스크팩,충격,3
올리브영,마스크팩,담날,3
올리브영,마스크팩,피,3
올리브영,마스크팩,아하,3
올리브영,마스크팩,바하,3
올리브영,마스크팩,극찬,3
올리브영,마스크팩,특,3
올리브영,마스크팩,쿠폰,3
올리브영,마스크팩,작아서,3
올리브영,마스크팩,방울,3
올리브영,마스크팩,온라인,3
올리브영,마스크팩,통해,3
올리브영,마스크팩,유튜브,3
올리브영,마스크팩,언제,3
올리브영,마스크팩,많았는데,3
올리브영,마스크팩,잔뜩,3
올리브영,마스크팩,심,3
올리브영,마스크팩,기대하며,3
올리브영,마스크팩,욥,3
올리브영,마스크팩,움,3
올리브영,마스크팩,없습니다,3
올리브영,마스크팩,괜찮아서,3
올리브영,마스크팩,마침,3
올리브영,마스크팩,워터,3
올리브영,마스크팩,만족도,3
올리브영,마스크팩,없었어요,3
올리브영,마스크팩,직전,3
올리브영,마스크팩,단점,3
올리브영,마스크팩,물광,3
올리브영,마스크팩,가족,3
올리브영,마스크팩,인정,3
올리브영,마스크팩,스마트,3
올리브영,마스크팩,마냥,3
올리브영,마스크팩,매트,3
올리브영,마스크팩,그럼,3
올리브영,마스크팩,스프레이,3
올리브영,마스크팩,엄청난,3
올리브영,마스크팩,대신,3
올리브영,마스크팩,피지,3
올리브영,마스크팩,먹기,3
올리브영,마스크팩,없고요,3
올리브영,마스크팩,광도,3
올리브영,마스크팩,심지어,3
올리브영,마스크팩,바사,3
올리브영,마스크팩,반,3
올리브영,마스크팩,테스트,3
올리브영,마스크팩,탓,3
올리브영,마스크팩,부디,3
올리브영,마스크팩,쫀득쫀득,3
올리브영,마스크팩,없으면,3
올리브영,마스크팩,손등,3
올리브영,마스크팩,매장,3
올리브영,마스크팩,위생,3
올리브영,마스크팩,같습니다,3
올리브영,마스크팩,실제,3
올리브영,마스크팩,예,3
올리브영,마스크팩,비교,3
올리브영,마스크팩,빛,3
올리브영,마스크팩,좋겠네,3
올리브영,마스크팩,컨실러,3
올리브영,마스크팩,다르게,3
올리브영,마스크팩,스티커,3
올리브영,마스크팩,옆,3
올리브영,마스크팩,범위,3
올리브영,마스크팩,대칭,3
올리브영,마스크팩,이기,3
올리브영,마스크팩,환하게,3
올리브영,마스크팩,좁은,3
올리브영,마스크팩,함유,3
올리브영,마스크팩,도로,3
올리브영,마스크팩,남편,3
올리브영,마스크팩,뺨,3
올리브영,마스크팩,미니,3
올리브영,마스크팩,귀찮은,3
올리브영,마스크팩,환해지는,3
올리브영,마스크팩,닝,3
올리브영,마스크팩,가능해요,3
올리브영,마스크팩,찰싹,3
올리브영,마스크팩,나이아신,3
올리브영,마스크팩,만족하면서,3
올리브영,마스크팩,겔패치,3
올리브영,마스크팩,동봉,3
올리브영,마스크팩,스팟,3
올리브영,마스크팩,며칠,3
올리브영,마스크팩,위치,3
올리브영,마스크팩,만,3
올리브영,마스크팩,상큼,3
올리브영,마스크팩,많아,3
올리브영,마스크팩,토리,3
올리브영,마스크팩,촉촉합니,2
올리브영,마스크팩,팩용,2
올리브영,마스크팩,아니라서,2
올리브영,마스크팩,서서히,2
올리브영,마스크팩,과정,2
올리브영,마스크팩,건조할,2
올리브영,마스크팩,유수,2
올리브영,마스크팩,있던데,2
올리브영,마스크팩,관심,2
올리브영,마스크팩,많다,2
올리브영,마스크팩,만족스러웠어,2
올리브영,마스크팩,베스트,2
올리브영,마스크팩,충분해서,2
올리브영,마스크팩,부드러워서,2
올리브영,마스크팩,쟁여두,2
올리브영,마스크팩,새로운,2
올리브영,마스크팩,있지,2
올리브영,마스크팩,당황,2
올리브영,마스크팩,훅훅,2
올리브영,마스크팩,쟁였어,2
올리브영,마스크팩,색소,2
올리브영,마스크팩,침착,2
올리브영,마스크팩,메디휠,2
올리브영,마스크팩,톡톡,2
올리브영,마스크팩,주니,2
올리브영,마스크팩,순위,2
올리브영,마스크팩,높은,2
올리브영,마스크팩,있으며,2
올리브영,마스크팩,있었습니다,2
올리브영,마스크팩,강화,2
올리브영,마스크팩,가면,2
올리브영,마스크팩,좋아했는데,2
올리브영,마스크팩,정직하게,2
올리브영,마스크팩,뽀송한데,2
올리브영,마스크팩,촉촉함만,2
올리브영,마스크팩,병원,2
올리브영,마스크팩,아니에요,2
올리브영,마스크팩,숯,2
올리브영,마스크팩,트리나,2
올리브영,마스크팩,얼굴빛,2
올리브영,마스크팩,거울,2
올리브영,마스크팩,그날,2
올리브영,마스크팩,고가,2
올리브영,마스크팩,그럴,2
올리브영,마스크팩,세상,2
올리브영,마스크팩,형감,2
올리브영,마스크팩,날때,2
올리브영,마스크팩,환,2
올리브영,마스크팩,에스테,2
올리브영,마스크팩,가로,2
올리브영,마스크팩,일일,2
올리브영,마스크팩,순하니,2
올리브영,마스크팩,많은데,2
올리브영,마스크팩,필요할,2
올리브영,마스크팩,여행가,2
올리브영,마스크팩,죵,2
올리브영,마스크팩,완벽하진,2
올리브영,마스크팩,만만하니,2
올리브영,마스크팩,있네요,2
올리브영,마스크팩,다릅니다,2
올리브영,마스크팩,심하게,2
올리브영,마스크팩,만족스럽습니다,2
올리브영,마스크팩,필요해요,2
올리브영,마스크팩,최적,2
올리브영,마스크팩,부어주면,2
올리브영,마스크팩,줌,2
올리브영,마스크팩,퀄리티,2
올리브영,마스크팩,용이,2
올리브영,마스크팩,리뉴,2
올리브영,마스크팩,고,2
올리브영,마스크팩,유통,2
올리브영,마스크팩,기한,2
올리브영,마스크팩,예민해서,2
올리브영,마스크팩,드라마틱한,2
올리브영,마스크팩,착하고,2
올리브영,마스크팩,비템,2
올리브영,마스크팩,서랍,2
올리브영,마스크팩,결과,2
올리브영,마스크팩,애초,2
올리브영,마스크팩,줄줄,2
올리브영,마스크팩,편입,2
올리브영,마스크팩,보이지,2
올리브영,마스크팩,직,2
올리브영,마스크팩,거즈,2
올리브영,마스크팩,확인,2
올리브영,마스크팩,필름,2
올리브영,마스크팩,단일,2
올리브영,마스크팩,민감하신,2
올리브영,마스크팩,저렴하니까,2
올리브영,마스크팩,스페셜,2
올리브영,마스크팩,만들기,2
올리브영,마스크팩,지인,2
올리브영,마스크팩,실천,2
올리브영,마스크팩,홈,2
올리브영,마스크팩,포인트,2
올리브영,마스크팩,그런거,2
올리브영,마스크팩,수고,2
올리브영,마스크팩,상처,2
올리브영,마스크팩,쟁여둬,2
올리브영,마스크팩,주로,2
올리브영,마스크팩,진심,2
올리브영,마스크팩,붉,2
올리브영,마스크팩,은기,2
올리브영,마스크팩,부족,2
올리브영,마스크팩,마스,2
올리브영,마스크팩,루지,2
올리브영,마스크팩,붉어져서,2
올리브영,마스크팩,구지,2
올리브영,마스크팩,필요없어서,2
올리브영,마스크팩,뾰루,2
올리브영,마스크팩,충분하게,2
올리브영,마스크팩,좋더라,2
올리브영,마스크팩,그러고,2
올리브영,마스크팩,사라,2
올리브영,마스크팩,있죠,2
올리브영,마스크팩,뛰어나고,2
올리브영,마스크팩,많아요,2
올리브영,마스크팩,가능해서,2
올리브영,마스크팩,업그레이드,2
올리브영,마스크팩,쟁이,2
올리브영,마스크팩,많은거,2
올리브영,마스크팩,어떤지,2
올리브영,마스크팩,좋고요,2
올리브영,마스크팩,경험,2
올리브영,마스크팩,좋지,2
올리브영,마스크팩,주시,2
올리브영,마스크팩,두루,2
올리브영,마스크팩,직빵,2
올리브영,마스크팩,매끈해지고,2
올리브영,마스크팩,환해져서,2
올리브영,마스크팩,부족한,2
올리브영,마스크팩,같았고,2
올리브영,마스크팩,회복,2
올리브영,마스크팩,매달,2
올리브영,마스크팩,없다,2
올리브영,마스크팩,폭발,2
올리브영,마스크팩,후반,2
올리브영,마스크팩,역할,2
올리브영,마스크팩,뾰루지,2
올리브영,마스크팩,있긴한데,2
올리브영,마스크팩,매끈해지는,2
올리브영,마스크팩,지난,2
올리브영,마스크팩,오프라인,2
올리브영,마스크팩,유명한지,2
올리브영,마스크팩,다해,2
올리브영,마스크팩,있었으면,2
올리브영,마스크팩,찬,2
올리브영,마스크팩,유독,2
올리브영,마스크팩,과연,2
올리브영,마스크팩,아닌,2
올리브영,마스크팩,일이,2
올리브영,마스크팩,예전,2
올리브영,마스크팩,로만,2
올리브영,마스크팩,라마,2
올리브영,마스크팩,비타,2
올리브영,마스크팩,매하,2
올리브영,마스크팩,무거워,2
올리브영,마스크팩,해결,2
올리브영,마스크팩,고생,2
올리브영,마스크팩,꿀팁,2
올리브영,마스크팩,입점,2
올리브영,마스크팩,나니,2
올리브영,마스크팩,키,2
올리브영,마스크팩,무,2
올리브영,마스크팩,편리하고,2
올리브영,마스크팩,머금,2
올리브영,마스크팩,여러분,2
올리브영,마스크팩,차로,2
올리브영,마스크팩,주간,2
올리브영,마스크팩,부러워,2
올리브영,마스크팩,초,2
올리브영,마스크팩,일드,2
올리브영,마스크팩,도포,2
올리브영,마스크팩,총,2
올리브영,마스크팩,특별한,2
올리브영,마스크팩,아무,2
올리브영,마스크팩,닉오,2
올리브영,마스크팩,맑게,2
올리브영,마스크팩,칭찬,2
올리브영,마스크팩,템임,2
올리브영,마스크팩,호불호,2
올리브영,마스크팩,치트키,2
올리브영,마스크팩,인위,2
올리브영,마스크팩,수도,2
올리브영,마스크팩,아쉬워요,2
올리브영,마스크팩,여러가지,2
올리브영,마스크팩,나은,2
올리브영,마스크팩,매끈해져서,2
올리브영,마스크팩,부각,2
올리브영,마스크팩,광고,2
올리브영,마스크팩,나머지,2
올리브영,마스크팩,그대로,2
올리브영,마스크팩,길게,2
올리브영,마스크팩,욕구,2
올리브영,마스크팩,뿜뿜이,2
올리브영,마스크팩,우왕,2
올리브영,마스크팩,대용,2
올리브영,마스크팩,손바닥,2
올리브영,마스크팩,물리,2
올리브영,마스크팩,화학,2
올리브영,마스크팩,절,2
올리브영,마스크팩,완성,2
올리브영,마스크팩,촉촉해지는,2
올리브영,마스크팩,미쳤어요,2
올리브영,마스크팩,의견,2
올리브영,마스크팩,신뢰,2
올리브영,마스크팩,유튜버,2
올리브영,마스크팩,디,2
올리브영,마스크팩,먹이,2
올리브영,마스크팩,팽팽,2
올리브영,마스크팩,설명,2
올리브영,마스크팩,귀엽,2
올리브영,마스크팩,곧,2
올리브영,마스크팩,건너,2
올리브영,마스크팩,길,2
올리브영,마스크팩,아쉽,2
올리브영,마스크팩,제발,2
올리브영,마스크팩,갯수,2
올리브영,마스크팩,리지,2
올리브영,마스크팩,널,2
올리브영,마스크팩,키키,2
올리브영,마스크팩,터피,2
올리브영,마스크팩,폰,2
올리브영,마스크팩,귀여,2
올리브영,마스크팩,광명,2
올리브영,마스크팩,나이트,2
올리브영,마스크팩,안좋으면,2
올리브영,마스크팩,있구,2
올리브영,마스크팩,같지만,2
올리브영,마스크팩,미쳤다,2
올리브영,마스크팩,꿀템,2
올리브영,마스크팩,직후,2
올리브영,마스크팩,매끈하고,2
올리브영,마스크팩,효능,2
올리브영,마스크팩,바이오,2
올리브영,마스크팩,던스,2
올리브영,마스크팩,유명하잖아요,2
올리브영,마스크팩,유명,2
올리브영,마스크팩,하든,2
올리브영,마스크팩,좋게,2
올리브영,마스크팩,형도,2
올리브영,마스크팩,잔,2
올리브영,마스크팩,결정,2
올리브영,마스크팩,개미,2
올리브영,마스크팩,도자기,2
올리브영,마스크팩,기대하고,2
올리브영,마스크팩,순서대로,2
올리브영,마스크팩,묘,2
올리브영,마스크팩,튜버,2
올리브영,마스크팩,통째,2
올리브영,마스크팩,두통,2
올리브영,마스크팩,볼때,2
올리브영,마스크팩,디자인,2
올리브영,마스크팩,호,2
올리브영,마스크팩,따갑거나,2
올리브영,마스크팩,드,2
올리브영,마스크팩,얇게,2
올리브영,마스크팩,에디,2
올리브영,마스크팩,션,2
올리브영,마스크팩,오후,2
올리브영,마스크팩,미다,2
올리브영,마스크팩,기대했는데,2
올리브영,마스크팩,귀엽습니다,2
올리브영,마스크팩,히터,2
올리브영,마스크팩,장미,2
올리브영,마스크팩,대란,2
올리브영,마스크팩,일어나서,2
올리브영,마스크팩,비싸서,2
올리브영,마스크팩,설마,2
올리브영,마스크팩,조절,2
올리브영,마스크팩,거듭,2
올리브영,마스크팩,겨우,2
올리브영,마스크팩,분해,2
올리브영,마스크팩,훌륭한,2
올리브영,마스크팩,전략,2
올리브영,마스크팩,무섭습니다,2
올리브영,마스크팩,정확하네요,2
올리브영,마스크팩,성수,2
올리브영,마스크팩,영양분,2
올리브영,마스크팩,탱탱하게,2
올리브영,마스크팩,들뜰,2
올리브영,마스크팩,애꿎,2
올리브영,마스크팩,만족했어요,2
올리브영,마스크팩,모태,2
올리브영,마스크팩,거만,2
올리브영,마스크팩,다행히,2
올리브영,마스크팩,단,2
올리브영,마스크팩,같음,2
올리브영,마스크팩,팩토,2
올리브영,마스크팩,좋은지는,2
올리브영,마스크팩,같긴,2
올리브영,마스크팩,있구요,2
올리브영,마스크팩,보지,2
올리브영,마스크팩,건조하게,2
올리브영,마스크팩,펌핑,2
올리브영,마스크팩,부터,2
올리브영,마스크팩,직장,2
올리브영,마스크팩,출근,2
올리브영,마스크팩,졸귀,2
올리브영,마스크팩,같아용,2
올리브영,마스크팩,거제,2
올리브영,마스크팩,기적,2
올리브영,마스크팩,뭘,2
올리브영,마스크팩,없게,2
올리브영,마스크팩,지난번,2
올리브영,마스크팩,같아여,2
올리브영,마스크팩,맑아져서,2
올리브영,마스크팩,있었어,2
올리브영,마스크팩,또한,2
올리브영,마스크팩,있더라고요,2
올리브영,마스크팩,마지막,2
올리브영,마스크팩,캐릭터,2
올리브영,마스크팩,있긴,2
올리브영,마스크팩,스트레스,2
올리브영,마스크팩,넓게,2
올리브영,마스크팩,개봉,2
올리브영,마스크팩,자마자,2
올리브영,마스크팩,급할,2
올리브영,마스크팩,유용하게,2
올리브영,마스크팩,한쪽,2
올리브영,마스크팩,넓은,2
올리브영,마스크팩,토닝패치,2
올리브영,마스크팩,만족합니다,2
올리브영,마스크팩,좋았으면,2
올리브영,마스크팩,쫀득하,2
올리브영,마스크팩,집안일,2
올리브영,마스크팩,넉넉한,2
올리브영,마스크팩,촉촉함,2
올리브영,마스크팩,쫀득해,2
올리브영,마스크팩,칙칙해서,2
올리브영,마스크팩,탱탱해지는,2
올리브영,마스크팩,옅어지고,2
올리브영,마스크팩,방지,2
올리브영,마스크팩,스패출러,2
올리브영,마스크팩,시원한,2
올리브영,마스크팩,움직,2
올리브영,마스크팩,이주,2
올리브영,마스크팩,타원형,2
올리브영,마스크팩,하현달,2
올리브영,마스크팩,뭍,2
올리브영,마스크팩,무향,2
올리브영,마스크팩,건조해지지,2
올리브영,마스크팩,떼,2
올리브영,마스크팩,겔타입,2
올리브영,마스크팩,화이트,2
올리브영,마스크팩,축소,2
올리브영,마스크팩,어둡고,2
올리브영,마스크팩,환해질,2
올리브영,마스크팩,글리터,2
올리브영,마스크팩,톤업,2
올리브영,마스크팩,활동,2
올리브영,마스크팩,조그마한,2
올리브영,마스크팩,있다니,2
올리브영,마스크팩,사무실,2
올리브영,마스크팩,통안,2
올리브영,마스크팩,골드,2
올리브영,마스크팩,여,2
올리브영,마스크팩,아마이드,2
올리브영,마스크팩,강력한,2
올리브영,마스크팩,원인,2
올리브영,마스크팩,괜찮습니다,2
올리브영,마스크팩,위쪽,2
올리브영,마스크팩,큼지막해서,2
올리브영,마스크팩,가능했어요,2
올리브영,마스크팩,높아서,2
올리브영,마스크팩,만족스러웠습니다,2
올리브영,마스크팩,장시간,2
올리브영,마스크팩,맑아,2
올리브영,마스크팩,큼직해서,2
올리브영,마스크팩,붓기,2
올리브영,마스크팩,착착,2
올리브영,마스크팩,굿굿,2
올리브영,마스크팩,간단하게,2
올리브영,마스크팩,있겠어요,2
올리브영,마스크팩,한장,2
올리브영,마스크팩,불편하네요,2
올리브영,마스크팩,안되서,2
올리브영,마스크팩,시원,2
올리브영,마스크팩,절반,2
올리브영,마스크팩,예민한데,2
올리브영,마스크팩,피부색,2
올리브영,마스크팩,스파츌라,2
올리브영,마스크팩,있기,2
올리브영,마스크팩,콧날,2
올리브영,마스크팩,옆쪽,2
올리브영,마스크팩,일일일,2
올리브영,마스크팩,강추템,1
올리브영,마스크팩,대상,1
올리브영,마스크팩,거뭐,1
올리브영,마스크팩,테디,1
올리브영,마스크팩,셀러,1
올리브영,마스크팩,건데,1
올리브영,마스크팩,빳빳,1
올리브영,마스크팩,굴곡,1
올리브영,마스크팩,넘치게,1
올리브영,마스크팩,회복하고있는,1
올리브영,마스크팩,날보,1
올리브영,마스크팩,회복하는,1
올리브영,마스크팩,단축,1
올리브영,마스크팩,갠,1
올리브영,마스크팩,넘치는게,1
올리브영,마스크팩,정가,1
올리브영,마스크팩,수준,1
올리브영,마스크팩,쟁여둘,1
올리브영,마스크팩,명도,1
올리브영,마스크팩,고마,1
올리브영,마스크팩,종종,1
올리브영,마스크팩,이상은,1
올리브영,마스크팩,상관없이,1
올리브영,마스크팩,용이하며,1
올리브영,마스크팩,미미하고,1
올리브영,마스크팩,필요하실,1
올리브영,마스크팩,없는데다가,1
올리브영,마스크팩,피곤해서,1
올리브영,마스크팩,들떠서,1
올리브영,마스크팩,말라있었어요,1
올리브영,마스크팩,하얀색,1
올리브영,마스크팩,부드럽습니다,1
올리브영,마스크팩,문제점,1
올리브영,마스크팩,있었으나,1
올리브영,마스크팩,갑작스럽게,1
올리브영,마스크팩,폭팔,1
올리브영,마스크팩,빨갛게,1
올리브영,마스크팩,땅땅,1
올리브영,마스크팩,추해,1
올리브영,마스크팩,미쳤습니다,1
올리브영,마스크팩,지성민,1
올리브영,마스크팩,감성,1
올리브영,마스크팩,거림,1
올리브영,마스크팩,괜찮았습니다,1
올리브영,마스크팩,대화,1
올리브영,마스크팩,시너지,1
올리브영,마스크팩,럼마,1
올리브영,마스크팩,조합,1
올리브영,마스크팩,촉촉하기도,1
올리브영,마스크팩,온몸,1
올리브영,마스크팩,유명하죠,1
올리브영,마스크팩,접근성,1
올리브영,마스크팩,이상하기에,1
올리브영,마스크팩,부문,1
올리브영,마스크팩,월등,1
올리브영,마스크팩,그만한,1
올리브영,마스크팩,어려운거,1
올리브영,마스크팩,아시,1
올리브영,마스크팩,감유,1
올리브영,마스크팩,적절히,1
올리브영,마스크팩,따라서,1
올리브영,마스크팩,있기에,1
올리브영,마스크팩,좋죠,1
올리브영,마스크팩,더라구요,1
올리브영,마스크팩,앞서,1
올리브영,마스크팩,언급,1
올리브영,마스크팩,순하기도,1
올리브영,마스크팩,더할,1
올리브영,마스크팩,사시,1
올리브영,마스크팩,있어욤,1
올리브영,마스크팩,매니아,1
올리브영,마스크팩,번은,1
올리브영,마스크팩,없에,1
올리브영,마스크팩,칙칙하다,1
올리브영,마스크팩,만날,1
올리브영,마스크팩,어려운,1
올리브영,마스크팩,급하게,1
올리브영,마스크팩,오래되지,1
올리브영,마스크팩,다섯손가락,1
올리브영,마스크팩,구애,1
올리브영,마스크팩,천하거든요,1
올리브영,마스크팩,괜찮아,1
올리브영,마스크팩,무겁고,1
올리브영,마스크팩,찐득해서,1
올리브영,마스크팩,진정하려고,1
올리브영,마스크팩,있었거든요,1
올리브영,마스크팩,비용,1
올리브영,마스크팩,무척,1
올리브영,마스크팩,훌륭합니다,1
올리브영,마스크팩,남지,1
올리브영,마스크팩,빨라요,1
올리브영,마스크팩,갈이,1
올리브영,마스크팩,예민해진,1
올리브영,마스크팩,네,1
올리브영,마스크팩,보고서,1
올리브영,마스크팩,마른데다가,1
올리브영,마스크팩,굿굿임,1
올리브영,마스크팩,해주,1
올리브영,마스크팩,잘맞는것,1
올리브영,마스크팩,다다,1
올리브영,마스크팩,음날,1
올리브영,마스크팩,예민해졌어요,1
올리브영,마스크팩,그것,1
올리브영,마스크팩,아니겠지,1
올리브영,마스크팩,그러네,1
올리브영,마스크팩,모낭,1
올리브영,마스크팩,염,1
올리브영,마스크팩,체적,1
올리브영,마스크팩,난국,1
올리브영,마스크팩,첨부,1
올리브영,마스크팩,영양,1
올리브영,마스크팩,건조함이,1
올리브영,마스크팩,덜합니다,1
올리브영,마스크팩,셀퓨,1
올리브영,마스크팩,웟,1
올리브영,마스크팩,다른건,1
올리브영,마스크팩,보드랍고,1
올리브영,마스크팩,가득해서,1
올리브영,마스크팩,좋다라는,1
올리브영,마스크팩,플러스,1
올리브영,마스크팩,예민할,1
올리브영,마스크팩,을해,1
올리브영,마스크팩,안함,1
올리브영,마스크팩,팔면,1
올리브영,마스크팩,안되나,1
올리브영,마스크팩,그래요,1
올리브영,마스크팩,야함,1
올리브영,마스크팩,기본,1
올리브영,마스크팩,한마디,1
올리브영,마스크팩,비포,1
올리브영,마스크팩,애프터,1
올리브영,마스크팩,확실한,1
올리브영,마스크팩,지지,1
올리브영,마스크팩,대도,1
올리브영,마스크팩,나쁘지,1
올리브영,마스크팩,따가운데,1
올리브영,마스크팩,부드러운,1
올리브영,마스크팩,모든,1
올리브영,마스크팩,통틀어,1
올리브영,마스크팩,부들,1
올리브영,마스크팩,필요없이,1
올리브영,마스크팩,환한,1
올리브영,마스크팩,보라,1
올리브영,마스크팩,돌기,1
올리브영,마스크팩,진득,1
올리브영,마스크팩,누가,1
올리브영,마스크팩,좋다더라,1
올리브영,마스크팩,긴가민가했는데,1
올리브영,마스크팩,어도,1
올리브영,마스크팩,하나라,1
올리브영,마스크팩,할랬,1
올리브영,마스크팩,더니,1
올리브영,마스크팩,팬,1
올리브영,마스크팩,또렷해지고,1
올리브영,마스크팩,아닌가싶어,1
올리브영,마스크팩,양은,1
올리브영,마스크팩,덜해지만,1
올리브영,마스크팩,요하,1
올리브영,마스크팩,붉을,1
올리브영,마스크팩,부탁드리며,1
올리브영,마스크팩,얇았으면,1
올리브영,마스크팩,좋겠구,1
올리브영,마스크팩,전형,1
올리브영,마스크팩,힌때,1
올리브영,마스크팩,직도,1
올리브영,마스크팩,으뜸,1
올리브영,마스크팩,지갑,1
올리브영,마스크팩,사르,1
올리브영,마스크팩,매끄러워지는,1
올리브영,마스크팩,탁월하고,1
올리브영,마스크팩,좋아가지구,1
올리브영,마스크팩,기대한대로,1
올리브영,마스크팩,만족하고,1
올리브영,마스크팩,년,1
올리브영,마스크팩,이나,1
올리브영,마스크팩,엄청나게,1
올리브영,마스크팩,편안하고,1
올리브영,마스크팩,왕뾰,1
올리브영,마스크팩,압출했더,1
올리브영,마스크팩,급한대로,1
올리브영,마스크팩,앰플바르,1
올리브영,마스크팩,아니긴,1
올리브영,마스크팩,없었고,1
올리브영,마스크팩,짜증나서,1
올리브영,마스크팩,마법,1
올리브영,마스크팩,깔끔한,1
올리브영,마스크팩,스타일,1
올리브영,마스크팩,적하,1
올리브영,마스크팩,유명하지,1
올리브영,마스크팩,쫩붙는,1
올리브영,마스크팩,완벽,1
올리브영,마스크팩,그렇고,1
올리브영,마스크팩,적극,1
올리브영,마스크팩,좋아하는데요,1
올리브영,마스크팩,틱톡,1
올리브영,마스크팩,괜찮다고,1
올리브영,마스크팩,다라면서,1
올리브영,마스크팩,강요,1
올리브영,마스크팩,하루아침,1
올리브영,마스크팩,더주나,1
올리브영,마스크팩,없잖아요,1
올리브영,마스크팩,호기심,1
올리브영,마스크팩,불안해서,1
올리브영,마스크팩,예민해지는데,1
올리브영,마스크팩,보충,1
올리브영,마스크팩,부드럽거든요,1
올리브영,마스크팩,요타,1
올리브영,마스크팩,매버,1
올리브영,마스크팩,최대한,1
올리브영,마스크팩,힐팩,1
올리브영,마스크팩,밧지,1
올리브영,마스크팩,게저,1
올리브영,마스크팩,데리,1
올리브영,마스크팩,뉴,1
올리브영,마스크팩,면서,1
올리브영,마스크팩,좋어서,1
올리브영,마스크팩,패,1
올리브영,마스크팩,말모,1
올리브영,마스크팩,제품군,1
올리브영,마스크팩,목도,1
올리브영,마스크팩,쟁겨놓,1
올리브영,마스크팩,가렵,1
올리브영,마스크팩,용해서,1
올리브영,마스크팩,깔끔해서,1
올리브영,마스크팩,에어샷,1
올리브영,마스크팩,율,1
올리브영,마스크팩,있는것처럼,1
올리브영,마스크팩,맑아지더라구요,1
올리브영,마스크팩,업,1
올리브영,마스크팩,그레이,1
올리브영,마스크팩,좋았지만,1
올리브영,마스크팩,가능하고,1
올리브영,마스크팩,착해서,1
올리브영,마스크팩,같더라구요,1
올리브영,마스크팩,트위터,1
올리브영,마스크팩,단독,1
올리브영,마스크팩,마데키,1
올리브영,마스크팩,카팩,1
올리브영,마스크팩,싫은,1
올리브영,마스크팩,마다,1
올리브영,마스크팩,쟁여사,1
올리브영,마스크팩,편리해서,1
올리브영,마스크팩,이틀,1
올리브영,마스크팩,가볍지도,1
올리브영,마스크팩,사도,1
올리브영,마스크팩,없나요,1
올리브영,마스크팩,미세하게,1
올리브영,마스크팩,좋구여,1
올리브영,마스크팩,체고,1
올리브영,마스크팩,긴급,1
올리브영,마스크팩,진정할,1
올리브영,마스크팩,심지,1
올리브영,마스크팩,하니,1
올리브영,마스크팩,자외선,1
올리브영,마스크팩,맑아지고,1
올리브영,마스크팩,촉촉한데,1
올리브영,마스크팩,같으니,1
올리브영,마스크팩,쟁이시,1
올리브영,마스크팩,넘치면서,1
올리브영,마스크팩,추해요,1
올리브영,마스크팩,조아요,1
올리브영,마스크팩,싫어서,1
올리브영,마스크팩,마데,1
올리브영,마스크팩,편안하게,1
올리브영,마스크팩,붉어진,1
올리브영,마스크팩,부드러워졌습니다,1
올리브영,마스크팩,매끄럽고,1
올리브영,마스크팩,강하지,1
올리브영,마스크팩,은은해서,1
올리브영,마스크팩,진일,1
올리브영,마스크팩,단비,1
올리브영,마스크팩,억지로,1
올리브영,마스크팩,성능,1
올리브영,마스크팩,자꾸만,1
올리브영,마스크팩,컴백,1
올리브영,마스크팩,애매하셨던,1
올리브영,마스크팩,가볍지만,1
올리브영,마스크팩,늘때,1
올리브영,마스크팩,적당할,1
올리브영,마스크팩,팩쟁,1
올리브영,마스크팩,비결,1
올리브영,마스크팩,한몫,1
올리브영,마스크팩,있기도,1
올리브영,마스크팩,충분하면서,1
올리브영,마스크팩,티비,1
올리브영,마스크팩,어떤,1
올리브영,마스크팩,연예인,1
올리브영,마스크팩,주일,1
올리브영,마스크팩,쟁였네,1
올리브영,마스크팩,쭈우우욱,1
올리브영,마스크팩,놀람,1
올리브영,마스크팩,심했는데,1
올리브영,마스크팩,인지도,1
올리브영,마스크팩,초점,1
올리브영,마스크팩,왕왕,1
올리브영,마스크팩,많,1
올리브영,마스크팩,별,1
올리브영,마스크팩,안되고,1
올리브영,마스크팩,뚜렷하게,1
올리브영,마스크팩,풍부한,1
올리브영,마스크팩,주지,1
올리브영,마스크팩,가운데,1
올리브영,마스크팩,백원,1
올리브영,마스크팩,고마운,1
올리브영,마스크팩,사랑,1
올리브영,마스크팩,없죠,1
올리브영,마스크팩,시원합니,1
올리브영,마스크팩,유일하게,1
올리브영,마스크팩,보장,1
올리브영,마스크팩,얇지만,1
올리브영,마스크팩,촥붙,1
올리브영,마스크팩,은것,1
올리브영,마스크팩,좋겠네요,1
올리브영,마스크팩,부족하다고,1
올리브영,마스크팩,꼼꼼한,1
올리브영,마스크팩,추강,1
올리브영,마스크팩,따갑지,1
올리브영,마스크팩,득템,1
올리브영,마스크팩,무겁지,1
올리브영,마스크팩,마르고,1
올리브영,마스크팩,좋았어서,1
올리브영,마스크팩,좋아라,1
올리브영,마스크팩,중인,1
올리브영,마스크팩,계실까,1
올리브영,마스크팩,대표,1
올리브영,마스크팩,주자,1
올리브영,마스크팩,아닐까,1
올리브영,마스크팩,매가,1
올리브영,마스크팩,이구,1
올리브영,마스크팩,상하,1
올리브영,마스크팩,분리,1
올리브영,마스크팩,체형,1
올리브영,마스크팩,비건,1
올리브영,마스크팩,착력,1
올리브영,마스크팩,상시,1
올리브영,마스크팩,이면,1
올리브영,마스크팩,마테,1
올리브영,마스크팩,히알루론산,1
올리브영,마스크팩,유일한,1
올리브영,마스크팩,민감하게,1
올리브영,마스크팩,교과서,1
올리브영,마스크팩,끈끈,1
올리브영,마스크팩,편리해요,1
올리브영,마스크팩,를,1
올리브영,마스크팩,상세,1
올리브영,마스크팩,힘,1
올리브영,마스크팩,있나,1
올리브영,마스크팩,연한,1
올리브영,마스크팩,순,1
올리브영,마스크팩,중요한건,1
올리브영,마스크팩,햇빛,1
올리브영,마스크팩,일부,1
올리브영,마스크팩,마르더라구요,1
올리브영,마스크팩,같기도,1
올리브영,마스크팩,괜찮긴,1
올리브영,마스크팩,건조해지기,1
올리브영,마스크팩,철,1
올리브영,마스크팩,왕창,1
올리브영,마스크팩,임박,1
올리브영,마스크팩,하자,1
올리브영,마스크팩,필터,1
올리브영,마스크팩,대해,1
올리브영,마스크팩,긴지,1
올리브영,마스크팩,가위,1
올리브영,마스크팩,야할,1
올리브영,마스크팩,불편해용,1
올리브영,마스크팩,부탁,1
올리브영,마스크팩,옶나욜,1
올리브영,마스크팩,좋긴,1
올리브영,마스크팩,혹,1
올리브영,마스크팩,부담스러웠던,1
올리브영,마스크팩,그거,1
올리브영,마스크팩,건조해지고,1
올리브영,마스크팩,덜하지만,1
올리브영,마스크팩,울긋불긋한,1
올리브영,마스크팩,뛰어난,1
올리브영,마스크팩,아프,1
올리브영,마스크팩,싫어하는데,1
올리브영,마스크팩,요건,1
올리브영,마스크팩,팔,1
올리브영,마스크팩,다리,1
올리브영,마스크팩,모닝,1
올리브영,마스크팩,워드,1
올리브영,마스크팩,유일,1
올리브영,마스크팩,랍니,1
올리브영,마스크팩,청산,1
올리브영,마스크팩,멍,1
올리브영,마스크팩,청소,1
올리브영,마스크팩,좋으시면,1
올리브영,마스크팩,이상해,1
올리브영,마스크팩,욯,1
올리브영,마스크팩,므,1
올리브영,마스크팩,원일,1
올리브영,마스크팩,부어주고,1
올리브영,마스크팩,있었나,1
올리브영,마스크팩,뜸,1
올리브영,마스크팩,신세계,1
올리브영,마스크팩,였슴다,1
올리브영,마스크팩,신중해야,1
올리브영,마스크팩,건강한,1
올리브영,마스크팩,대치,1
올리브영,마스크팩,일부러,1
올리브영,마스크팩,텀,1
올리브영,마스크팩,불구,1
올리브영,마스크팩,안될,1
올리브영,마스크팩,개미지옥,1
올리브영,마스크팩,볼쪽,1
올리브영,마스크팩,아프고,1
올리브영,마스크팩,충혈,1
올리브영,마스크팩,중단,1
올리브영,마스크팩,했슴다,1
올리브영,마스크팩,건강하시는,1
올리브영,마스크팩,산성,1
올리브영,마스크팩,부러,1
올리브영,마스크팩,라벨,1
올리브영,마스크팩,현재,1
올리브영,마스크팩,인증,1
올리브영,마스크팩,유튜버들,1
올리브영,마스크팩,사악해서,1
올리브영,마스크팩,그게,1
올리브영,마스크팩,아쉬웠는데,1
올리브영,마스크팩,최저,1
올리브영,마스크팩,베이,1
올리브영,마스크팩,스템,1
올리브영,마스크팩,사기꾼,1
올리브영,마스크팩,구라,1
올리브영,마스크팩,뿡,1
올리브영,마스크팩,고딩,1
올리브영,마스크팩,학교,1
올리브영,마스크팩,연옌,1
올리브영,마스크팩,점심,1
올리브영,마스크팩,라디오,1
올리브영,마스크팩,옌,1
올리브영,마스크팩,깨끗하고,1
올리브영,마스크팩,읍,1
올리브영,마스크팩,쟁일까,1
올리브영,마스크팩,고밍고밍,1
올리브영,마스크팩,주변인,1
올리브영,마스크팩,갈릴,1
올리브영,마스크팩,취향,1
올리브영,마스크팩,없었네요,1
올리브영,마스크팩,아보,1
올리브영,마스크팩,데스,1
올리브영,마스크팩,창렬해,1
올리브영,마스크팩,마진,1
올리브영,마스크팩,가득한,1
올리브영,마스크팩,많았으면,1
올리브영,마스크팩,완제,1
올리브영,마스크팩,싫다면,1
올리브영,마스크팩,물약,1
올리브영,마스크팩,찍,1
올리브영,마스크팩,얇다면,1
올리브영,마스크팩,아쉽게도,1
올리브영,마스크팩,없었지만,1
올리브영,마스크팩,순전히,1
올리브영,마스크팩,장난,1
올리브영,마스크팩,녜,1
올리브영,마스크팩,비싸긴,1
올리브영,마스크팩,광템,1
올리브영,마스크팩,닥토,1
올리브영,마스크팩,마블,1
올리브영,마스크팩,무늬,1
올리브영,마스크팩,변경,1
올리브영,마스크팩,봄브,1
올리브영,마스크팩,라이트,1
올리브영,마스크팩,비비드,1
올리브영,마스크팩,솔직,1
올리브영,마스크팩,괜찮더라고요,1
올리브영,마스크팩,세럼앰플,1
올리브영,마스크팩,푸석푸석하게,1
올리브영,마스크팩,이름,1
올리브영,마스크팩,어렵게,1
올리브영,마스크팩,있다면,1
올리브영,마스크팩,촉촉하긴한데,1
올리브영,마스크팩,촉촉해지는데,1
올리브영,마스크팩,심하고,1
올리브영,마스크팩,네일,1
올리브영,마스크팩,편한것,1
올리브영,마스크팩,귀여운데,1
올리브영,마스크팩,공식,1
올리브영,마스크팩,유투브,1
올리브영,마스크팩,알람,1
올리브영,마스크팩,설정,1
올리브영,마스크팩,귀욤귀욤,1
올리브영,마스크팩,코덕,1
올리브영,마스크팩,딱이지요,1
올리브영,마스크팩,치즈,1
올리브영,마스크팩,리키,1
올리브영,마스크팩,어쩜,1
올리브영,마스크팩,쟁여놓기,1
올리브영,마스크팩,은은하고,1
올리브영,마스크팩,의심,1
올리브영,마스크팩,티존,1
올리브영,마스크팩,쯤,1
올리브영,마스크팩,턱쪽,1
올리브영,마스크팩,처,1
올리브영,마스크팩,묽으니,1
올리브영,마스크팩,아쉽지만,1
올리브영,마스크팩,트,1
올리브영,마스크팩,중복,1
올리브영,마스크팩,궁딩,1
올리브영,마스크팩,귀여운것,1
올리브영,마스크팩,아닙니까,1
올리브영,마스크팩,입장,1
올리브영,마스크팩,뜰,1
올리브영,마스크팩,손가락,1
올리브영,마스크팩,편리해,1
올리브영,마스크팩,오페,1
올리브영,마스크팩,필,1
올리브영,마스크팩,꿀광,1
올리브영,마스크팩,듯이,1
올리브영,마스크팩,한가했는데,1
올리브영,마스크팩,먹습니돠,1
올리브영,마스크팩,첨,1
올리브영,마스크팩,반신반의,1
올리브영,마스크팩,개별,1
올리브영,마스크팩,즉시,1
올리브영,마스크팩,복근,1
올리브영,마스크팩,녹,1
올리브영,마스크팩,수건,1
올리브영,마스크팩,탄탄히,1
올리브영,마스크팩,및,1
올리브영,마스크팩,없었습니다,1
올리브영,마스크팩,한텐,1
올리브영,마스크팩,당근,1
올리브영,마스크팩,하하,1
올리브영,마스크팩,무한,1
올리브영,마스크팩,소꿉놀이,1
올리브영,마스크팩,장난감,1
올리브영,마스크팩,세대,1
올리브영,마스크팩,옛날,1
올리브영,마스크팩,홀랑,1
올리브영,마스크팩,땡,1
올리브영,마스크팩,매끄럽게,1
올리브영,마스크팩,굳이,1
올리브영,마스크팩,푸석해,1
올리브영,마스크팩,겁,1
올리브영,마스크팩,있구나를,1
올리브영,마스크팩,복잡,1
올리브영,마스크팩,복잡해서,1
올리브영,마스크팩,실용,1
올리브영,마스크팩,요드,1
올리브영,마스크팩,래그,1
올리브영,마스크팩,픽,1
올리브영,마스크팩,쟁겨둘까,1
올리브영,마스크팩,욕심,1
올리브영,마스크팩,후회,1
올리브영,마스크팩,쟁겨,1
올리브영,마스크팩,달땡,1
올리브영,마스크팩,미스트,1
올리브영,마스크팩,좋다는데,1
올리브영,마스크팩,뽀,1
올리브영,마스크팩,실감,1
올리브영,마스크팩,따가웠고,1
올리브영,마스크팩,뽕뽕,1
올리브영,마스크팩,발갛,1
올리브영,마스크팩,징그러웠,1
올리브영,마스크팩,슨,1
올리브영,마스크팩,작년,1
올리브영,마스크팩,저만큼,1
올리브영,마스크팩,남았스,1
올리브영,마스크팩,처박템,1
올리브영,마스크팩,되었스,1
올리브영,마스크팩,다름,1
올리브영,마스크팩,보드라워,1
올리브영,마스크팩,일어나지,1
올리브영,마스크팩,보시,1
올리브영,마스크팩,여기,1
올리브영,마스크팩,담당자,1
올리브영,마스크팩,버세,1
올리브영,마스크팩,고객,1
올리브영,마스크팩,비운,1
올리브영,마스크팩,여자,1
올리브영,마스크팩,쟁임,1
올리브영,마스크팩,저렴,1
올리브영,마스크팩,쿠팡,1
올리브영,마스크팩,톰인줄,1
올리브영,마스크팩,회색,1
올리브영,마스크팩,귀,1
올리브영,마스크팩,접,1
올리브영,마스크팩,오분,1
올리브영,마스크팩,적도,1
올리브영,마스크팩,윤기,1
올리브영,마스크팩,쟁이려,1
올리브영,마스크팩,햤,1
올리브영,마스크팩,유명하고,1
올리브영,마스크팩,왕,1
올리브영,마스크팩,심각하게,1
올리브영,마스크팩,불,1
올리브영,마스크팩,들떴는데요,1
올리브영,마스크팩,좋겠지만,1
올리브영,마스크팩,많은것같이,1
올리브영,마스크팩,민감하시거나,1
올리브영,마스크팩,얇으신,1
올리브영,마스크팩,울긋불긋해질,1
올리브영,마스크팩,주의,1
올리브영,마스크팩,저렴하다,1
올리브영,마스크팩,깊,1
올리브영,마스크팩,귀여워용,1
올리브영,마스크팩,소비,1
올리브영,마스크팩,있을까봐,1
올리브영,마스크팩,귀엽긴,1
올리브영,마스크팩,밀,1
올리브영,마스크팩,면세점,1
올리브영,마스크팩,지성은,1
올리브영,마스크팩,눈데,1
올리브영,마스크팩,작네요,1
올리브영,마스크팩,화끈,1
올리브영,마스크팩,아프니,1
올리브영,마스크팩,더더,1
올리브영,마스크팩,샀슈유,1
올리브영,마스크팩,할미,1
올리브영,마스크팩,에뛰드,1
올리브영,마스크팩,볼류머,1
올리브영,마스크팩,케,1
올리브영,마스크팩,앰플임,1
올리브영,마스크팩,말로,1
올리브영,마스크팩,내용물,1
올리브영,마스크팩,괜찮은데,1
올리브영,마스크팩,부들부들,1
올리브영,마스크팩,획일,1
올리브영,마스크팩,잘맞았,1
올리브영,마스크팩,두렵지만,1
올리브영,마스크팩,고욤,1
올리브영,마스크팩,윽,1
올리브영,마스크팩,퍼확률,1
올리브영,마스크팩,원하는게,1
올리브영,마스크팩,사려,1
올리브영,마스크팩,강력,1
올리브영,마스크팩,순하다고,1
올리브영,마스크팩,빨랐고,1
올리브영,마스크팩,택배,1
올리브영,마스크팩,도난,1
올리브영,마스크팩,당해서,1
올리브영,마스크팩,있는건,1
올리브영,마스크팩,예민하지만,1
올리브영,마스크팩,괜찮,1
올리브영,마스크팩,높았습니다,1
올리브영,마스크팩,깨끗해,1
올리브영,마스크팩,고급스러운,1
올리브영,마스크팩,있잖아요,1
올리브영,마스크팩,래야,1
올리브영,마스크팩,중요하다고,1
올리브영,마스크팩,상형,1
올리브영,마스크팩,보완,1
올리브영,마스크팩,부스터,1
올리브영,마스크팩,만족스러운,1
올리브영,마스크팩,파랑색,1
올리브영,마스크팩,젠,1
올리브영,마스크팩,파란색,1
올리브영,마스크팩,이상무,1
올리브영,마스크팩,리치,1
올리브영,마스크팩,사바,1
올리브영,마스크팩,불호,1
올리브영,마스크팩,많은만큼,1
올리브영,마스크팩,아픈,1
올리브영,마스크팩,유명한만큼,1
올리브영,마스크팩,예뻐,1
올리브영,마스크팩,대량,1
올리브영,마스크팩,완준,1
올리브영,마스크팩,신기하거,1
올리브영,마스크팩,호다닥,1
올리브영,마스크팩,간편하고,1
올리브영,마스크팩,발림성,1
올리브영,마스크팩,필요했던,1
올리브영,마스크팩,시점,1
올리브영,마스크팩,유우,1
올리브영,마스크팩,부자,1
올리브영,마스크팩,거짓말,1
올리브영,마스크팩,미쳣어,1
올리브영,마스크팩,치트,1
올리브영,마스크팩,기이,1
올리브영,마스크팩,이뽀,1
올리브영,마스크팩,딥클렌징,1
올리브영,마스크팩,모델링,1
올리브영,마스크팩,실패,1
올리브영,마스크팩,메헸,1
올리브영,마스크팩,없는거,1
올리브영,마스크팩,혔,1
올리브영,마스크팩,조심,1
올리브영,마스크팩,스레,1
올리브영,마스크팩,초단,1
올리브영,마스크팩,체감,1
올리브영,마스크팩,헤프,1
올리브영,마스크팩,대서,1
올리브영,마스크팩,개이득,1
올리브영,마스크팩,원했는데,1
올리브영,마스크팩,슬픔,1
올리브영,마스크팩,리해,1
올리브영,마스크팩,밸런스,1
올리브영,마스크팩,즇,1
올리브영,마스크팩,꼼꼼히,1
올리브영,마스크팩,밖,1
올리브영,마스크팩,답답한,1
올리브영,마스크팩,포함,1
올리브영,마스크팩,방금,1
올리브영,마스크팩,매끄러웠어요,1
올리브영,마스크팩,쳣음,1
올리브영,마스크팩,야하지,1
올리브영,마스크팩,보송한데,1
올리브영,마스크팩,싫어해서,1
올리브영,마스크팩,예뻤어요,1
올리브영,마스크팩,같았어요,1
올리브영,마스크팩,존재,1
올리브영,마스크팩,코쪽,1
올리브영,마스크팩,우수해서,1
올리브영,마스크팩,미쳣당,1
올리브영,마스크팩,힌스,1
올리브영,마스크팩,셈,1
올리브영,마스크팩,장할,1
올리브영,마스크팩,푸석한,1
올리브영,마스크팩,쟁이러,1
올리브영,마스크팩,없었구여,1
올리브영,마스크팩,매력,1
올리브영,마스크팩,있는진,1
올리브영,마스크팩,같아욤,1
올리브영,마스크팩,한계,1
올리브영,마스크팩,좋으신,1
올리브영,마스크팩,쓰시,1
올리브영,마스크팩,갱,1
올리브영,마스크팩,장히,1
올리브영,마스크팩,만족하실,1
올리브영,마스크팩,끝판,1
올리브영,마스크팩,화질,1
올리브영,마스크팩,적당,1
올리브영,마스크팩,티피,1
올리브영,마스크팩,팔고,1
올리브영,마스크팩,없는거였어요,1
올리브영,마스크팩,흐뭇하고,1
올리브영,마스크팩,원했던,1
올리브영,마스크팩,겹치,1
올리브영,마스크팩,요령,1
올리브영,마스크팩,필요하지만,1
올리브영,마스크팩,햇습니,1
올리브영,마스크팩,오억오천,1
올리브영,마스크팩,번하다가,1
올리브영,마스크팩,웬걸,1
올리브영,마스크팩,영하,1
올리브영,마스크팩,춤,1
올리브영,마스크팩,진,1
올리브영,마스크팩,계획,1
올리브영,마스크팩,여우,1
올리브영,마스크팩,원하던거,1
올리브영,마스크팩,좋아하나,1
올리브영,마스크팩,마스트,1
올리브영,마스크팩,원해주세요,1
올리브영,마스크팩,지독한,1
올리브영,마스크팩,러버,1
올리브영,마스크팩,실패해서,1
올리브영,마스크팩,클렌징오일,1
올리브영,마스크팩,품사,1
올리브영,마스크팩,있긴있어요,1
올리브영,마스크팩,러블,1
올리브영,마스크팩,붉어,1
올리브영,마스크팩,좋은거같슴다,1
올리브영,마스크팩,림,1
올리브영,마스크팩,몈,1
올리브영,마스크팩,들뜸이,1
올리브영,마스크팩,덜해요,1
올리브영,마스크팩,드림,1
올리브영,마스크팩,편햇슴,1
올리브영,마스크팩,아니여서,1
올리브영,마스크팩,본적,1
올리브영,마스크팩,없을듯,1
올리브영,마스크팩,색조,1
올리브영,마스크팩,뉴트럴,1
올리브영,마스크팩,제의,1
올리브영,마스크팩,향취,1
올리브영,마스크팩,라면,1
올리브영,마스크팩,그런건,1
올리브영,마스크팩,아닌데,1
올리브영,마스크팩,붉어질,1
올리브영,마스크팩,이쁜,1
올리브영,마스크팩,광택,1
올리브영,마스크팩,퇴근,1
올리브영,마스크팩,최초,1
올리브영,마스크팩,상관없을만큼,1
올리브영,마스크팩,들뜸도,1
올리브영,마스크팩,없을것,1
올리브영,마스크팩,슴,1
올리브영,마스크팩,진입,1
올리브영,마스크팩,플로,1
올리브영,마스크팩,부드러워졌어요,1
올리브영,마스크팩,예쁘게,1
올리브영,마스크팩,편해서,1
올리브영,마스크팩,쇼핑,1
올리브영,마스크팩,쟁여둠,1
올리브영,마스크팩,툭하면,1
올리브영,마스크팩,주신,1
올리브영,마스크팩,매끄러워,1
올리브영,마스크팩,만족해요,1
올리브영,마스크팩,챱챱,1
올리브영,마스크팩,싫지만,1
올리브영,마스크팩,좋으니,1
올리브영,마스크팩,괜신히,1
올리브영,마스크팩,잇엇네,1
올리브영,마스크팩,차트,1
올리브영,마스크팩,안전하고,1
올리브영,마스크팩,빠른,1
올리브영,마스크팩,계신다,1
올리브영,마스크팩,같다,1
올리브영,마스크팩,쇼,1
올리브영,마스크팩,아닌가,1
올리브영,마스크팩,지성이면,1
올리브영,마스크팩,덜하다는,1
올리브영,마스크팩,좋겠다,1
올리브영,마스크팩,까말까,1
올리브영,마스크팩,언니,1
올리브영,마스크팩,띵해서,1
올리브영,마스크팩,귀엽구,1
올리브영,마스크팩,괜찮을거,1
올리브영,마스크팩,어랍쇼,1
올리브영,마스크팩,안좋은가,1
올리브영,마스크팩,곤죽,1
올리브영,마스크팩,회귀,1
올리브영,마스크팩,잘맞는,1
올리브영,마스크팩,버,1
올리브영,마스크팩,함량,1
올리브영,마스크팩,따가워서,1
올리브영,마스크팩,같네용,1
올리브영,마스크팩,쩍쩍,1
올리브영,마스크팩,꼴,1
올리브영,마스크팩,싫더라고요,1
올리브영,마스크팩,추합니,1
올리브영,마스크팩,무거울,1
올리브영,마스크팩,아쉬웠습니다,1
올리브영,마스크팩,신기하당,1
올리브영,마스크팩,같을,1
올리브영,마스크팩,인해,1
올리브영,마스크팩,괜찮을,1
올리브영,마스크팩,찬양,1
올리브영,마스크팩,좋어,1
올리브영,마스크팩,히,1
올리브영,마스크팩,몬살아,1
올리브영,마스크팩,삼각,1
올리브영,마스크팩,퍼프,1
올리브영,마스크팩,안좋을,1
올리브영,마스크팩,그렇다면,1
올리브영,마스크팩,그럼거겟죠,1
올리브영,마스크팩,둔해서,1
올리브영,마스크팩,좋다는거,1
올리브영,마스크팩,프라이머,1
올리브영,마스크팩,해외,1
올리브영,마스크팩,아프다,1
올리브영,마스크팩,개조,1
올리브영,마스크팩,오른쪽,1
올리브영,마스크팩,드라마틱해서,1
올리브영,마스크팩,계산,1
올리브영,마스크팩,궁금했는데,1
올리브영,마스크팩,아닐지,1
올리브영,마스크팩,남자,1
올리브영,마스크팩,합리,1
올리브영,마스크팩,편도,1
올리브영,마스크팩,메컵,1
올리브영,마스크팩,썻는데,1
올리브영,마스크팩,진짜진짜,1
올리브영,마스크팩,몽환,1
올리브영,마스크팩,적당해,1
올리브영,마스크팩,단지,1
올리브영,마스크팩,튜브,1
올리브영,마스크팩,화하지,1
올리브영,마스크팩,이그,1
올리브영,마스크팩,덜해,1
올리브영,마스크팩,정이,1
올리브영,마스크팩,아님,1
올리브영,마스크팩,똑같음,1
올리브영,마스크팩,런가,1
올리브영,마스크팩,알러지,1
올리브영,마스크팩,언져두,1
올리브영,마스크팩,따끔하더라고요,1
올리브영,마스크팩,쭈압쭈압거려,1
올리브영,마스크팩,굳,1
올리브영,마스크팩,조그만,1
올리브영,마스크팩,비싼게,1
올리브영,마스크팩,일해,1
올리브영,마스크팩,실수,1
올리브영,마스크팩,신기했어요,1
올리브영,마스크팩,카메라,1
올리브영,마스크팩,같지는,1
올리브영,마스크팩,연출,1
올리브영,마스크팩,여태껏,1
올리브영,마스크팩,스펀지,1
올리브영,마스크팩,정상,1
올리브영,마스크팩,떨어트려,1
올리브영,마스크팩,수로,1
올리브영,마스크팩,쫌,1
올리브영,마스크팩,해진,1
올리브영,마스크팩,된거,1
올리브영,마스크팩,영업,1
올리브영,마스크팩,당했어요,1
올리브영,마스크팩,귀엽쟈,1
올리브영,마스크팩,광나,1
올리브영,마스크팩,좋았슺니,1
올리브영,마스크팩,맘족,1
올리브영,마스크팩,스러워,1
올리브영,마스크팩,윈터,1
올리브영,마스크팩,포카,1
올리브영,마스크팩,한편,1
올리브영,마스크팩,뷰티,1
올리브영,마스크팩,좋지도,1
올리브영,마스크팩,나쁘지도,1
올리브영,마스크팩,만해,1
올리브영,마스크팩,넘흐너무,1
올리브영,마스크팩,하나로,1
올리브영,마스크팩,낼,1
올리브영,마스크팩,무서워서,1
올리브영,마스크팩,웰라쥬,1
올리브영,마스크팩,마프,1
올리브영,마스크팩,만능,1
올리브영,마스크팩,각,1
올리브영,마스크팩,무기,1
올리브영,마스크팩,절망,1
올리브영,마스크팩,스러웠는데,1
올리브영,마스크팩,뽝,1
올리브영,마스크팩,아이폰,1
올리브영,마스크팩,살벌하네,1
올리브영,마스크팩,직원,1
올리브영,마스크팩,강츄추추추,1
올리브영,마스크팩,젭알좋기,1
올리브영,마스크팩,정화,1
올리브영,마스크팩,찹찹하고,1
올리브영,마스크팩,건가,1
올리브영,마스크팩,그러,1
올리브영,마스크팩,걔,1
올리브영,마스크팩,필요하다면,1
올리브영,마스크팩,싸랑,1
올리브영,마스크팩,각종,1
올리브영,마스크팩,들쭉날쭉,1
올리브영,마스크팩,이제야,1
올리브영,마스크팩,전부,1
올리브영,마스크팩,미끄럼틀,1
올리브영,마스크팩,무료,1
올리브영,마스크팩,덕,1
올리브영,마스크팩,다소,1
올리브영,마스크팩,비슷한거,1
올리브영,마스크팩,라거,1
올리브영,마스크팩,두꺼워서,1
올리브영,마스크팩,제대로,1
올리브영,마스크팩,리가,1
올리브영,마스크팩,희미,1
올리브영,마스크팩,드러,1
올리브영,마스크팩,부표,1
올리브영,마스크팩,현이,1
올리브영,마스크팩,미칩니다,1
올리브영,마스크팩,이야기,1
올리브영,마스크팩,지저분해,1
올리브영,마스크팩,신기하게,1
올리브영,마스크팩,토로,1
올리브영,마스크팩,쵝오,1
올리브영,마스크팩,서너,1
올리브영,마스크팩,안되지만,1
올리브영,마스크팩,거칠거칠했던,1
올리브영,마스크팩,매끈해졌어요,1
올리브영,마스크팩,쉬이,1
올리브영,마스크팩,간단하고,1
올리브영,마스크팩,소금,1
올리브영,마스크팩,입소,1
올리브영,마스크팩,번쩍,1
올리브영,마스크팩,번짝,1
올리브영,마스크팩,좋길,1
올리브영,마스크팩,안고,1
올리브영,마스크팩,발리,1
올리브영,마스크팩,매끈하면서,1
올리브영,마스크팩,달걀,1
올리브영,마스크팩,먼가,1
올리브영,마스크팩,도니,1
올리브영,마스크팩,아모레,1
올리브영,마스크팩,쟁기,1
올리브영,마스크팩,렵니,1
올리브영,마스크팩,기전,1
올리브영,마스크팩,츠,1
올리브영,마스크팩,또또,1
올리브영,마스크팩,살템,1
올리브영,마스크팩,샵,1
올리브영,마스크팩,있진,1
올리브영,마스크팩,쫀,1
올리브영,마스크팩,평이,1
올리브영,마스크팩,격하,1
올리브영,마스크팩,편안했고,1
올리브영,마스크팩,어느새,1
올리브영,마스크팩,좋다는거겠죠,1
올리브영,마스크팩,당연히,1
올리브영,마스크팩,있는거지만,1
올리브영,마스크팩,있으,1
올리브영,마스크팩,확실하다는,1
올리브영,마스크팩,흰색,1
올리브영,마스크팩,금색,1
올리브영,마스크팩,랜덤,1
올리브영,마스크팩,선천,1
올리브영,마스크팩,타고,1
올리브영,마스크팩,시절,1
올리브영,마스크팩,불규칙한,1
올리브영,마스크팩,수면,1
올리브영,마스크팩,습관,1
올리브영,마스크팩,땜,1
올리브영,마스크팩,전용,1
올리브영,마스크팩,관자놀이,1
올리브영,마스크팩,만족해,1
올리브영,마스크팩,개운하고,1
올리브영,마스크팩,생긱,1
올리브영,마스크팩,흡착,1
올리브영,마스크팩,캐릭,1
올리브영,마스크팩,라서,1
올리브영,마스크팩,투,1
올리브영,마스크팩,은근,1
올리브영,마스크팩,기부,1
올리브영,마스크팩,밋밋한,1
올리브영,마스크팩,근처,1
올리브영,마스크팩,미끄럽지만,1
올리브영,마스크팩,전이,1
올리브영,마스크팩,많을,1
올리브영,마스크팩,있는데하,1
올리브영,마스크팩,소소히,1
올리브영,마스크팩,산지,1
올리브영,마스크팩,얼,1
올리브영,마스크팩,마안,1
올리브영,마스크팩,됫,1
올리브영,마스크팩,판다,1
올리브영,마스크팩,탈출,1
올리브영,마스크팩,높을꺼,1
올리브영,마스크팩,있어용,1
올리브영,마스크팩,가능하지만,1
올리브영,마스크팩,텔레비전,1
올리브영,마스크팩,화사하게,1
올리브영,마스크팩,만하,1
올리브영,마스크팩,주말,1
올리브영,마스크팩,시원하기도,1
올리브영,마스크팩,남친,1
올리브영,마스크팩,좋아했어요,1
올리브영,마스크팩,산김,1
올리브영,마스크팩,속눈썹,1
올리브영,마스크팩,연장,1
올리브영,마스크팩,작은거는,1
올리브영,마스크팩,부,1
올리브영,마스크팩,편했어,1
올리브영,마스크팩,부르럽,1
올리브영,마스크팩,두껍고,1
올리브영,마스크팩,촉촉해지는것이,1
올리브영,마스크팩,물건,1
올리브영,마스크팩,금은,1
올리브영,마스크팩,있으니까,1
올리브영,마스크팩,공간,1
올리브영,마스크팩,많은지,1
올리브영,마스크팩,시원해요,1
올리브영,마스크팩,강합니,1
올리브영,마스크팩,특성,1
올리브영,마스크팩,딱이고,1
올리브영,마스크팩,아래쪽,1
올리브영,마스크팩,설거지,1
올리브영,마스크팩,블랙,1
올리브영,마스크팩,헤드,1
올리브영,마스크팩,알뜰하게,1
올리브영,마스크팩,텍스처,1
올리브영,마스크팩,오래오래,1
올리브영,마스크팩,다용,1
올리브영,마스크팩,내내,1
올리브영,마스크팩,자리,1
올리브영,마스크팩,잡고,1
올리브영,마스크팩,부담스러울,1
올리브영,마스크팩,특정,1
올리브영,마스크팩,두기,1
올리브영,마스크팩,부탁드립니,1
올리브영,마스크팩,탱글탱글해서,1
올리브영,마스크팩,일석이조,1
올리브영,마스크팩,마르,1
올리브영,마스크팩,시원하네,1
올리브영,마스크팩,쏙,1
올리브영,마스크팩,새,1
올리브영,마스크팩,동일한,1
올리브영,마스크팩,건아,1
올리브영,마스크팩,니지,1
올리브영,마스크팩,잘못,1
올리브영,마스크팩,불편한데,1
올리브영,마스크팩,촤르르,1
올리브영,마스크팩,맑아지는,1
올리브영,마스크팩,신기해요,1
올리브영,마스크팩,안남는,1
올리브영,마스크팩,작은것,1
올리브영,마스크팩,별명,1
올리브영,마스크팩,답,1
올리브영,마스크팩,꽃향,1
올리브영,마스크팩,거부,1
올리브영,마스크팩,아니였어요,1
올리브영,마스크팩,중포,1
올리브영,마스크팩,부담스러운,1
올리브영,마스크팩,만족스럽네요,1
올리브영,마스크팩,스러웠던,1
올리브영,마스크팩,삼일,1
올리브영,마스크팩,병안,1
올리브영,마스크팩,말라가,1
올리브영,마스크팩,가렵거,1
올리브영,마스크팩,딱일듯,1
올리브영,마스크팩,명확하지,1
올리브영,마스크팩,만족해서,1
올리브영,마스크팩,드니,1
올리브영,마스크팩,동그란,1
올리브영,마스크팩,마른다,1
올리브영,마스크팩,반짝반짝하고,1
올리브영,마스크팩,탱글탱글한,1
올리브영,마스크팩,펄감,1
올리브영,마스크팩,좋았고요,1
올리브영,마스크팩,만족스럽고,1
올리브영,마스크팩,건조해지는,1
올리브영,마스크팩,듭니,1
올리브영,마스크팩,규,1
올리브영,마스크팩,찡찡,1
올리브영,마스크팩,그러진,1
올리브영,마스크팩,쟁여템,1
올리브영,마스크팩,사고,1
올리브영,마스크팩,듭,1
올리브영,마스크팩,환해지는거,1
올리브영,마스크팩,뽀송한,1
올리브영,마스크팩,화사함이,1
올리브영,마스크팩,말라,1
올리브영,마스크팩,아깝,1
올리브영,마스크팩,확실하게,1
올리브영,마스크팩,만족스러,1
올리브영,마스크팩,가능하네요,1
올리브영,마스크팩,눈빛,1
올리브영,마스크팩,나름,1
올리브영,마스크팩,신랑,1
올리브영,마스크팩,짧게,1
올리브영,마스크팩,예뻐서,1
올리브영,마스크팩,탱탱해서,1
올리브영,마스크팩,잠깐,1
올리브영,마스크팩,아까워서,1
올리브영,마스크팩,븉,1
올리브영,마스크팩,여유,1
올리브영,마스크팩,불편하고,1
올리브영,마스크팩,피곤해도,1
올리브영,마스크팩,하얀건,1
올리브영,마스크팩,노란건,1
올리브영,마스크팩,하얀,1
올리브영,마스크팩,역대,1
올리브영,마스크팩,촥,1
올리브영,마스크팩,양치,1
올리브영,마스크팩,깔깔,1
올리브영,마스크팩,보람,1
올리브영,마스크팩,풀,1
올리브영,마스크팩,비슷할,1
올리브영,마스크팩,말랑해서,1
올리브영,마스크팩,재미,1
올리브영,마스크팩,국,1
올리브영,마스크팩,감격,1
올리브영,마스크팩,스러웠고,1
올리브영,마스크팩,모로,1
올리브영,마스크팩,탁월하니,1
올리브영,마스크팩,아쉬웠었는데,1
올리브영,마스크팩,스패츌,1
올리브영,마스크팩,스패츌라,1
올리브영,마스크팩,싸이,1
올리브영,마스크팩,그래,1
올리브영,마스크팩,영롱하게,1
올리브영,마스크팩,이쁨,1
올리브영,마스크팩,전후,1
올리브영,마스크팩,시원하니,1
올리브영,마스크팩,같다더라고요,1
올리브영,마스크팩,발견,1
올리브영,마스크팩,유자,1
올리브영,마스크팩,레몬,1
올리브영,마스크팩,량,1
올리브영,마스크팩,피뷰,1
올리브영,마스크팩,짧은,1
올리브영,마스크팩,환하다,1
올리브영,마스크팩,작아,1
올리브영,마스크팩,아닌지,1
올리브영,마스크팩,헷갈리곤,1
올리브영,마스크팩,일회용,1
올리브영,마스크팩,있어야,1
올리브영,마스크팩,내부,1
올리브영,마스크팩,플라스틱,1
올리브영,마스크팩,쓰얐,1
올리브영,마스크팩,신기해서,1
올리브영,마스크팩,조아서,1
올리브영,마스크팩,요런,1
올리브영,마스크팩,이정,1
올리브영,마스크팩,저리,1
올리브영,마스크팩,미끄덩하게,1
올리브영,마스크팩,댕기,1
올리브영,마스크팩,나이트로,1
올리브영,마스크팩,텍스쳐,1
올리브영,마스크팩,탱글탱글해,1
올리브영,마스크팩,칙칙한,1
올리브영,마스크팩,균일하지,1
올리브영,마스크팩,촉진,1
올리브영,마스크팩,주어,1
올리브영,마스크팩,만족하는,1
올리브영,마스크팩,심하지,1
올리브영,마스크팩,칙칙해지고,1
올리브영,마스크팩,시원하면서,1
올리브영,마스크팩,얼룩덜룩한,1
올리브영,마스크팩,미미하게,1
올리브영,마스크팩,앞머리,1
올리브영,마스크팩,좋지만,1
올리브영,마스크팩,머리칼,1
올리브영,마스크팩,어렵잖아요,1
올리브영,마스크팩,환해,1
올리브영,마스크팩,넓어,1
올리브영,마스크팩,투명한,1
올리브영,마스크팩,눈물,1
올리브영,마스크팩,붓,1
올리브영,마스크팩,터치,1
올리브영,마스크팩,투명해서,1
올리브영,마스크팩,있는것,1
올리브영,마스크팩,그림자,1
올리브영,마스크팩,엷어지네,1
올리브영,마스크팩,슬퍼,1
올리브영,마스크팩,쵝,1
올리브영,마스크팩,주위,1
올리브영,마스크팩,편안한,1
올리브영,마스크팩,촉촉하긴,1
올리브영,마스크팩,희망,1
올리브영,마스크팩,기고,1
올리브영,마스크팩,맑아진게,1
올리브영,마스크팩,가능하다는게,1
올리브영,마스크팩,좋운,1
올리브영,마스크팩,작은건,1
올리브영,마스크팩,랏,1
올리브영,마스크팩,화사해져,1
올리브영,마스크팩,정밀,1
올리브영,마스크팩,부드러웠는데,1
올리브영,마스크팩,납작하고,1
올리브영,마스크팩,둥근,1
올리브영,마스크팩,넣기,1
올리브영,마스크팩,마개,1
올리브영,마스크팩,근본,1
올리브영,마스크팩,메인,1
올리브영,마스크팩,미끄덩한,1
올리브영,마스크팩,스파,1
올리브영,마스크팩,츌러,1
올리브영,마스크팩,진과,1
올리브영,마스크팩,간과,1
올리브영,마스크팩,쪼꼬미패드,1
올리브영,마스크팩,눈밑볼,1
올리브영,마스크팩,아라하,1
올리브영,마스크팩,곰돌,1
올리브영,마스크팩,알차고,1
올리브영,마스크팩,꼬드겨보는중,1
올리브영,마스크팩,힙니,1
올리브영,마스크팩,꼬리,1
올리브영,마스크팩,야무진,1
올리브영,마스크팩,다기,1
올리브영,마스크팩,낫다,1
올리브영,마스크팩,위로,1
올리브영,마스크팩,떄문,1
올리브영,마스크팩,맘에듭,1
올리브영,마스크팩,냉큼,1
올리브영,마스크팩,앞볼쪽,1
올리브영,마스크팩,덮어서,1
올리브영,마스크팩,깊어서,1
올리브영,마스크팩,그른,1
올리브영,마스크팩,앞볼,1
올리브영,마스크팩,환해지,1
올리브영,마스크팩,시대,1
올리브영,마스크팩,시기,1
올리브영,마스크팩,좌절,1
올리브영,마스크팩,만족하게,1
올리브영,마스크팩,믿음직하게,1
올리브영,마스크팩,점차,1
올리브영,마스크팩,매각,1
올리브영,마스크팩,좋다는,1
올리브영,마스크팩,배정,1
올리브영,마스크팩,띠,1
올리브영,마스크팩,전보,1
올리브영,마스크팩,거려,1
올리브영,마스크팩,헤,1
올리브영,마스크팩,의향,1
올리브영,마스크팩,놀라운,1
올리브영,마스크팩,야근,1
올리브영,마스크팩,피곤한,1
올리브영,마스크팩,절약,1
올리브영,마스크팩,남성,1
올리브영,마스크팩,동료,1
올리브영,마스크팩,분포도,1
올리브영,마스크팩,루,1
올리브영,마스크팩,홀린,1
올리브영,마스크팩,주기,1
올리브영,마스크팩,빈틈,1
올리브영,마스크팩,메,1
올리브영,마스크팩,환해져,1
올리브영,마스크팩,있길,1
올리브영,마스크팩,비닐,1
올리브영,마스크팩,귀찮아서,1
올리브영,마스크팩,생략,1
올리브영,마스크팩,우수한,1
올리브영,마스크팩,투명,1
올리브영,마스크팩,이동,1
올리브영,마스크팩,냉각,1
올리브영,마스크팩,븥,1
올리브영,마스크팩,맙시,1
올리브영,마스크팩,천보,1
올리브영,마스크팩,숨,1
올리브영,마스크팩,앰플효과,1
올리브영,마스크팩,불안해요,1
올리브영,마스크팩,어디,1
올리브영,마스크팩,샤워,1
올리브영,마스크팩,운전,1
올리브영,마스크팩,어두우,1
올리브영,마스크팩,나비,1
올리브영,마스크팩,존,1
올리브영,마스크팩,맑아진거,1
올리브영,마스크팩,반짝,1
올리브영,마스크팩,예뻐요,1
올리브영,마스크팩,귀찮을,1
올리브영,마스크팩,스윽,1
올리브영,마스크팩,드네,1
올리브영,마스크팩,시원해지는게,1
올리브영,마스크팩,좋았을텐데,1
올리브영,마스크팩,처런,1
올리브영,마스크팩,품성,1
올리브영,마스크팩,로토,1
올리브영,마스크팩,잡,1
올리브영,마스크팩,티나,1
올리브영,마스크팩,궁금했어요,1
올리브영,마스크팩,맑은,1
올리브영,마스크팩,충분한,1
올리브영,마스크팩,경제,1
올리브영,마스크팩,불편해,1
올리브영,마스크팩,선호,1
올리브영,마스크팩,스트레칭,1
올리브영,마스크팩,가사,1
올리브영,마스크팩,딱이네,1
올리브영,마스크팩,넖어,1
올리브영,마스크팩,편해,1
올리브영,마스크팩,여기저기,1
올리브영,마스크팩,따가워,1
올리브영,마스크팩,만족스러운데,1
올리브영,마스크팩,애매해요,1
올리브영,마스크팩,촉촉해진,1
올리브영,마스크팩,환해진것,1
올리브영,마스크팩,다양한용,1
올리브영,마스크팩,힐수,1
올리브영,마스크팩,시원하다는,1
올리브영,마스크팩,그러면서,1
올리브영,마스크팩,잠,1
올리브영,마스크팩,자도,1
올리브영,마스크팩,헸,1
올리브영,마스크팩,조항,1
올리브영,마스크팩,좀더,1
올리브영,마스크팩,저렴해서,1
올리브영,마스크팩,편해용,1
올리브영,마스크팩,엄청나서,1
올리브영,마스크팩,순해요,1
올리브영,마스크팩,편하지,1
올리브영,마스크팩,어어,1
올리브영,마스크팩,같은건,1
올리브영,마스크팩,무지,1
올리브영,마스크팩,있는지,1
올리브영,마스크팩,치,1
올리브영,마스크팩,환해지는게,1
올리브영,마스크팩,신기합니다,1
올리브영,마스크팩,양쪽,1
올리브영,마스크팩,달리,1
올리브영,마스크팩,넓은면과,1
올리브영,마스크팩,쫀뜩,1
올리브영,마스크팩,듯해,1
올리브영,마스크팩,두툼,1
올리브영,마스크팩,만족하며,1
올리브영,마스크팩,편리하게,1
올리브영,마스크팩,있는지는,1
올리브영,마스크팩,각각,1
올리브영,마스크팩,말랑한,1
올리브영,마스크팩,느,1
올리브영,마스크팩,초반,1
올리브영,마스크팩,고정,1
올리브영,마스크팩,화사해지는,1
올리브영,마스크팩,없네요,1
올리브영,마스크팩,향기,1
올리브영,마스크팩,트러스,1
올리브영,마스크팩,상쾌해져요,1
올리브영,마스크팩,옅어지는건,1
올리브영,마스크팩,느꼇는데,1
올리브영,마스크팩,끼,1
올리브영,마스크팩,옅어졌습니다,1
올리브영,마스크팩,신기했음,1
올리브영,마스크팩,얇아지면,1
올리브영,마스크팩,변화,1
올리브영,마스크팩,옾,1
올리브영,마스크팩,작은게,1
올리브영,마스크팩,청량감,1
올리브영,마스크팩,지남,1
올리브영,마스크팩,쯔거울때,1
올리브영,마스크팩,만족스러워,1
올리브영,마스크팩,도저히,1
올리브영,마스크팩,안되겠다싶어,1
올리브영,마스크팩,탱글탱글하니,1
올리브영,마스크팩,이또,1
올리브영,마스크팩,화사해,1
올리브영,마스크팩,간편해서,1
올리브영,마스크팩,용할,1
올리브영,마스크팩,옅어지는지는,1
올리브영,마스크팩,있을듯,1
올리브영,마스크팩,환해진게,1
올리브영,마스크팩,토닝패드,1
올리브영,마스크팩,욕실,1
올리브영,마스크팩,좋어요,1
올리브영,마스크팩,맑아지는게,1
올리브영,마스크팩,예민해,1
올리브영,마스크팩,동시,1
올리브영,마스크팩,칙칙해,1
올리브영,마스크팩,편리합니다,1
올리브영,마스크팩,한결,1
올리브영,마스크팩,하애지는건,1
올리브영,마스크팩,인지,1
올리브영,마스크팩,좋겠,1
올리브영,마스크팩,넉넉해사,1
올리브영,마스크팩,메일,1
올리브영,마스크팩,봣,1
올리브영,마스크팩,볼밑,1
올리브영,마스크팩,팩한거랃,1
올리브영,마스크팩,고해,1
올리브영,마스크팩,잡기,1
올리브영,마스크팩,쉬웠습니다,1
올리브영,마스크팩,편안했습니다,1
올리브영,마스크팩,완잔,1
올리브영,마스크팩,금액,1
올리브영,마스크팩,건조함도,1
올리브영,마스크팩,브븐,1
올리브영,마스크팩,워,1
올리브영,마스크팩,넣어쥬심,1
올리브영,마스크팩,없네용,1
올리브영,마스크팩,심했어요,1
올리브영,마스크팩,눈쪽,1
올리브영,마스크팩,주정,1
올리브영,마스크팩,옅어졌고,1
올리브영,마스크팩,보대,1
올리브영,마스크팩,많았어요,1
올리브영,마스크팩,장만,1
올리브영,마스크팩,있어서요,1
올리브영,마스크팩,편합니다,1
올리브영,마스크팩,촉촉했,1
올리브영,마스크팩,섭취,1
올리브영,마스크팩,시중,1
올리브영,마스크팩,출시,1
올리브영,마스크팩,대왕,1
올리브영,마스크팩,대부분,1
올리브영,마스크팩,특징,1
올리브영,마스크팩,날씨,1
올리브영,마스크팩,좋겠어,1
올리브영,마스크팩,토닝제품,1
올리브영,마스크팩,약한,1
올리브영,마스크팩,화사해지는지는,1
올리브영,마스크팩,활,1
올리브영,마스크팩,용도,1
올리브영,마스크팩,예쁘고,1
올리브영,마스크팩,괜찮았어,1
올리브영,마스크팩,넓어서요,1
올리브영,마스크팩,딱이에,1
올리브영,마스크팩,유미,1
올리브영,마스크팩,어스,1
올리브영,마스크팩,차라리,1
올리브영,마스크팩,건조해져서,1
올리브영,마스크팩,마치,1
올리브영,마스크팩,겔형태,1
올리브영,마스크팩,부드러워요,1
올리브영,마스크팩,케이크,1
올리브영,마스크팩,촛불,1
올리브영,마스크팩,잔향,1
올리브영,마스크팩,아숩아숩,1
올리브영,마스크팩,팩안,1
올리브영,마스크팩,장가,1
올리브영,마스크팩,마크,1
올리브영,마스크팩,유묭,1
올리브영,마스크팩,필요하지,1
올리브영,마스크팩,품질,1
올리브영,마스크팩,한국,1
올리브영,마스크팩,나중,1
올리브영,마스크팩,좋아여,1
올리브영,마스크팩,전달,1
올리브영,마스크팩,깊은,1
올리브영,마스크팩,하얗게,1
올리브영,마스크팩,말라가는게,1
올리브영,마스크팩,이상하면,1
올리브영,마스크팩,중요해요,1
올리브영,마스크팩,오버,1
올리브영,마스크팩,건조해질,1
올리브영,마스크팩,있거든요,1
올리브영,마스크팩,꼭꼭,1
올리브영,마스크팩,요소,1
올리브영,마스크팩,뭣모르,1
올리브영,선케어,선크림,802
올리브영,선케어,피부,522
올리브영,선케어,톤업,280
올리브영,선케어,발림성,212
올리브영,선케어,탁,209
올리브영,선케어,닥터,161
올리브영,선케어,화장,158
올리브영,선케어,톤,153
올리브영,선케어,느낌,144
올리브영,선케어,추천,142
올리브영,선케어,건성,137
올리브영,선케어,무기,128
올리브영,선케어,자극,127
올리브영,선케어,정도,111
올리브영,선케어,자연스러움,110
올리브영,선케어,얼굴,106
올리브영,선케어,현상,105
올리브영,선케어,전,101
올리브영,선케어,형,100
올리브영,선케어,달바,98
올리브영,선케어,분,96
올리브영,선케어,발라,94
올리브영,선케어,썬크림,91
올리브영,선케어,없고,89
올리브영,선케어,효과,88
올리브영,선케어,트러블,84
올리브영,선케어,살짝,81
올리브영,선케어,성분,79
올리브영,선케어,눈,79
올리브영,선케어,마음에 들다,78
올리브영,선케어,흡수,73
올리브영,선케어,감,73
올리브영,선케어,좋아,73
올리브영,선케어,수분,70
올리브영,선케어,여름,67
올리브영,선케어,자외선,67
올리브영,선케어,습,66
올리브영,선케어,타입,66
올리브영,선케어,그냥,64
올리브영,선케어,차단,62
올리브영,선케어,끈,62
올리브영,선케어,부드럽게,60
올리브영,선케어,메이크업,59
올리브영,선케어,지성,58
올리브영,선케어,유기,58
올리브영,선케어,약간,57
올리브영,선케어,일드,57
올리브영,선케어,시간,55
올리브영,선케어,같아,55
올리브영,선케어,편이,54
올리브영,선케어,시림,54
올리브영,선케어,복합,53
올리브영,선케어,향,52
올리브영,선케어,크림,51
올리브영,선케어,마무리,51
올리브영,선케어,촉촉하고,50
올리브영,선케어,베이스,50
올리브영,선케어,로션,50
올리브영,선케어,다른,49
올리브영,선케어,없어서,49
올리브영,선케어,순하고,49
올리브영,선케어,항상,48
올리브영,선케어,같은,48
올리브영,선케어,민감,46
올리브영,선케어,있는데,46
올리브영,선케어,전혀,45
올리브영,선케어,없어요,45
올리브영,선케어,무난,44
올리브영,선케어,발리,43
올리브영,선케어,기초,42
올리브영,선케어,겨울,42
올리브영,선케어,후,41
올리브영,선케어,촉촉한,40
올리브영,선케어,바로,40
올리브영,선케어,이건,40
올리브영,선케어,핑크,39
올리브영,선케어,뻑뻑,39
올리브영,선케어,없는,39
올리브영,선케어,가장,39
올리브영,선케어,때문,39
올리브영,선케어,걸,37
올리브영,선케어,선,37
올리브영,선케어,촉촉해서,36
올리브영,선케어,분기,36
올리브영,선케어,그,36
올리브영,선케어,거의,35
올리브영,선케어,업,34
올리브영,선케어,업도,33
올리브영,선케어,계속,33
올리브영,선케어,정착,33
올리브영,선케어,순한,33
올리브영,선케어,워터,33
올리브영,선케어,지금,33
올리브영,선케어,보정,33
올리브영,선케어,적임,33
올리브영,선케어,기획,32
올리브영,선케어,촉촉하게,32
올리브영,선케어,손,32
올리브영,선케어,점,32
올리브영,선케어,리뷰,32
올리브영,선케어,구달,32
올리브영,선케어,용,31
올리브영,선케어,순해서,31
올리브영,선케어,입니,30
올리브영,선케어,친구,30
올리브영,선케어,도,30
올리브영,선케어,그린,30
올리브영,선케어,별로,29
올리브영,선케어,동생,29
올리브영,선케어,엄마,28
올리브영,선케어,합,28
올리브영,선케어,선물,28
올리브영,선케어,완전,28
올리브영,선케어,막,28
올리브영,선케어,좋았어요,28
올리브영,선케어,템,27
올리브영,선케어,무엇,27
올리브영,선케어,편,27
올리브영,선케어,평소,27
올리브영,선케어,여드름,27
올리브영,선케어,요즘,26
올리브영,선케어,많은,26
올리브영,선케어,오히려,26
올리브영,선케어,부담스럽지 않은,26
올리브영,선케어,뭐,26
올리브영,선케어,날,26
올리브영,선케어,표현,25
올리브영,선케어,있어,25
올리브영,선케어,기름,25
올리브영,선케어,진정,25
올리브영,선케어,통째,24
올리브영,선케어,올리브영,24
올리브영,선케어,밀리,24
올리브영,선케어,사람,24
올리브영,선케어,매트,24
올리브영,선케어,건,24
올리브영,선케어,광,23
올리브영,선케어,지속,23
올리브영,선케어,가성비,23
올리브영,선케어,기능,23
올리브영,선케어,좋을,23
올리브영,선케어,거나,23
올리브영,선케어,가볍게,23
올리브영,선케어,알,23
올리브영,선케어,냄새,23
올리브영,선케어,모공,22
올리브영,선케어,하얗게,22
올리브영,선케어,케어,22
올리브영,선케어,테스트,22
올리브영,선케어,꼭,22
올리브영,선케어,빛,21
올리브영,선케어,이유,21
올리브영,선케어,있을,21
올리브영,선케어,적당한,21
올리브영,선케어,말,21
올리브영,선케어,용감,21
올리브영,선케어,해,21
올리브영,선케어,장점,21
올리브영,선케어,단점,21
올리브영,선케어,수분크림,21
올리브영,선케어,밀림,21
올리브영,선케어,할인,20
올리브영,선케어,쿠션,20
올리브영,선케어,기존,20
올리브영,선케어,자주,20
올리브영,선케어,거리,20
올리브영,선케어,아니라,20
올리브영,선케어,부드럽고,20
올리브영,선케어,부분,20
올리브영,선케어,워낙,20
올리브영,선케어,인생,19
올리브영,선케어,위,19
올리브영,선케어,건조한,19
올리브영,선케어,사진,19
올리브영,선케어,스킨,19
올리브영,선케어,지인,19
올리브영,선케어,좋은데,19
올리브영,선케어,마스크,19
올리브영,선케어,부지,19
올리브영,선케어,있,18
올리브영,선케어,매장,18
올리브영,선케어,행사,18
올리브영,선케어,에센스,18
올리브영,선케어,같고,18
올리브영,선케어,풀,18
올리브영,선케어,다시,18
올리브영,선케어,확실히,18
올리브영,선케어,앞,18
올리브영,선케어,게,18
올리브영,선케어,무향,18
올리브영,선케어,프리,17
올리브영,선케어,광채,17
올리브영,선케어,우선,17
올리브영,선케어,재,17
올리브영,선케어,성은,17
올리브영,선케어,금방,17
올리브영,선케어,아니고,17
올리브영,선케어,림,17
올리브영,선케어,몇,17
올리브영,선케어,정리,16
올리브영,선케어,못,16
올리브영,선케어,용량,16
올리브영,선케어,밀착,16
올리브영,선케어,유지,16
올리브영,선케어,이상,16
올리브영,선케어,이후,16
올리브영,선케어,외출,16
올리브영,선케어,촉촉해요,16
올리브영,선케어,브랜드,16
올리브영,선케어,없음,16
올리브영,선케어,이제,16
올리브영,선케어,매일,16
올리브영,선케어,개인,15
올리브영,선케어,구성,15
올리브영,선케어,집,15
올리브영,선케어,의사,15
올리브영,선케어,같,15
올리브영,선케어,자체,15
올리브영,선케어,꾸준히,15
올리브영,선케어,년,15
올리브영,선케어,가지,14
올리브영,선케어,괜찮은,14
올리브영,선케어,굉장히,14
올리브영,선케어,땐,14
올리브영,선케어,걱정,14
올리브영,선케어,함,14
올리브영,선케어,기,14
올리브영,선케어,이런,14
올리브영,선케어,그런,14
올리브영,선케어,다만,14
올리브영,선케어,색,14
올리브영,선케어,수도,14
올리브영,선케어,역시,14
올리브영,선케어,만족,14
올리브영,선케어,아니지만,14
올리브영,선케어,좋다고,14
올리브영,선케어,통,14
올리브영,선케어,그런지,14
올리브영,선케어,쟁여두고 싶은,14
올리브영,선케어,파우더,14
올리브영,선케어,안심,14
올리브영,선케어,내,13
올리브영,선케어,임,13
올리브영,선케어,모두,13
올리브영,선케어,무조건,13
올리브영,선케어,얘,13
올리브영,선케어,왜,13
올리브영,선케어,경우,13
올리브영,선케어,땀,13
올리브영,선케어,건조,13
올리브영,선케어,덕,13
올리브영,선케어,도움,13
올리브영,선케어,커버,13
올리브영,선케어,최고,13
올리브영,선케어,없어,13
올리브영,선케어,유목민,13
올리브영,선케어,차라,13
올리브영,선케어,예민한,13
올리브영,선케어,전체,12
올리브영,선케어,대신,12
올리브영,선케어,듀오,12
올리브영,선케어,상태,12
올리브영,선케어,있었는데,12
올리브영,선케어,고민,12
올리브영,선케어,묽은,12
올리브영,선케어,같은데,12
올리브영,선케어,만큼,12
올리브영,선케어,심하지,12
올리브영,선케어,선호,12
올리브영,선케어,보,12
올리브영,선케어,크게,12
올리브영,선케어,덜,12
올리브영,선케어,기도,12
올리브영,선케어,안나,12
올리브영,선케어,어성초,12
올리브영,선케어,플러스,12
올리브영,선케어,부드러운,11
올리브영,선케어,듬뿍,11
올리브영,선케어,물,11
올리브영,선케어,같습니다,11
올리브영,선케어,적,11
올리브영,선케어,사계절,11
올리브영,선케어,지성인,11
올리브영,선케어,결,11
올리브영,선케어,절대,11
올리브영,선케어,속,11
올리브영,선케어,없습니다,11
올리브영,선케어,날씨,11
올리브영,선케어,아닌,11
올리브영,선케어,좋더라구요,11
올리브영,선케어,라인,11
올리브영,선케어,파운데이션,11
올리브영,선케어,보통,11
올리브영,선케어,문제,11
올리브영,선케어,없구요,11
올리브영,선케어,민감한,11
올리브영,선케어,쿨링감,11
올리브영,선케어,보호,11
올리브영,선케어,면서,10
올리브영,선케어,솔직히,10
올리브영,선케어,끼,10
올리브영,선케어,퍼프,10
올리브영,선케어,좋았습니다,10
올리브영,선케어,가족,10
올리브영,선케어,영,10
올리브영,선케어,없었어요,10
올리브영,선케어,각질,10
올리브영,선케어,기름기,10
올리브영,선케어,주변,10
올리브영,선케어,만족합니다,10
올리브영,선케어,화,10
올리브영,선케어,계절,10
올리브영,선케어,특유,10
올리브영,선케어,많아서,10
올리브영,선케어,혼합,10
올리브영,선케어,세트,10
올리브영,선케어,화장품,10
올리브영,선케어,차차,10
올리브영,선케어,모든,10
올리브영,선케어,단독,9
올리브영,선케어,부각,9
올리브영,선케어,동시,9
올리브영,선케어,산뜻한,9
올리브영,선케어,손등,9
올리브영,선케어,뭔가,9
올리브영,선케어,은은한,9
올리브영,선케어,필수,9
올리브영,선케어,얇게,9
올리브영,선케어,듭니,9
올리브영,선케어,가벼운,9
올리브영,선케어,저렴하게,9
올리브영,선케어,원하시는,9
올리브영,선케어,볼,9
올리브영,선케어,목,9
올리브영,선케어,평,9
올리브영,선케어,봄,9
올리브영,선케어,같네,9
올리브영,선케어,조절,9
올리브영,선케어,나쁘지,9
올리브영,선케어,유명한,9
올리브영,선케어,보습,9
올리브영,선케어,꽤,9
올리브영,선케어,뒤,9
올리브영,선케어,라이트,9
올리브영,선케어,참고,9
올리브영,선케어,등,9
올리브영,선케어,녹두,9
올리브영,선케어,있다고,9
올리브영,선케어,있었어요,8
올리브영,선케어,복숭아,8
올리브영,선케어,좋네,8
올리브영,선케어,라면,8
올리브영,선케어,움,8
올리브영,선케어,고,8
올리브영,선케어,오늘,8
올리브영,선케어,덧,8
올리브영,선케어,건조하지,8
올리브영,선케어,아니면,8
올리브영,선케어,예쁘게,8
올리브영,선케어,가끔,8
올리브영,선케어,구,8
올리브영,선케어,사실,8
올리브영,선케어,비교,8
올리브영,선케어,려고,8
올리브영,선케어,불구,8
올리브영,선케어,코,8
올리브영,선케어,산,8
올리브영,선케어,남자,8
올리브영,선케어,일반,8
올리브영,선케어,하루,8
올리브영,선케어,이신,8
올리브영,선케어,고요,8
올리브영,선케어,형감,8
올리브영,선케어,그게,8
올리브영,선케어,그렇고,8
올리브영,선케어,별,8
올리브영,선케어,톡톡,8
올리브영,선케어,늘,8
올리브영,선케어,단계,8
올리브영,선케어,그때,8
올리브영,선케어,편하게,8
올리브영,선케어,차만,8
올리브영,선케어,리뉴얼,8
올리브영,선케어,순해요,8
올리브영,선케어,순하게,8
올리브영,선케어,플레인,8
올리브영,선케어,징,8
올리브영,선케어,내내,8
올리브영,선케어,세안,8
올리브영,선케어,품,8
올리브영,선케어,블루,8
올리브영,선케어,보송하게,8
올리브영,선케어,궁합,7
올리브영,선케어,인기,7
올리브영,선케어,언니,7
올리브영,선케어,저희,7
올리브영,선케어,만족합니,7
올리브영,선케어,젤,7
올리브영,선케어,해도,7
올리브영,선케어,점점,7
올리브영,선케어,셀,7
올리브영,선케어,보이,7
올리브영,선케어,촉촉,7
올리브영,선케어,앰플,7
올리브영,선케어,잡티,7
올리브영,선케어,풀이,7
올리브영,선케어,웜톤,7
올리브영,선케어,최근,7
올리브영,선케어,크기,7
올리브영,선케어,호,7
올리브영,선케어,나중,7
올리브영,선케어,편입,7
올리브영,선케어,니,7
올리브영,선케어,그렇지,7
올리브영,선케어,좋았는데,7
올리브영,선케어,토,7
올리브영,선케어,아쉬워요,7
올리브영,선케어,겉,7
올리브영,선케어,아시,7
올리브영,선케어,존,7
올리브영,선케어,둘,7
올리브영,선케어,오프라인,7
올리브영,선케어,만,7
올리브영,선케어,시,7
올리브영,선케어,좁쌀,7
올리브영,선케어,햇빛,7
올리브영,선케어,출근,7
올리브영,선케어,예전,7
올리브영,선케어,클렌징,7
올리브영,선케어,잔,7
올리브영,선케어,추출,7
올리브영,선케어,선택,7
올리브영,선케어,우리,6
올리브영,선케어,가능,6
올리브영,선케어,난,6
올리브영,선케어,심해서,6
올리브영,선케어,터,6
올리브영,선케어,만족해,6
올리브영,선케어,기본,6
올리브영,선케어,여러,6
올리브영,선케어,좋았어,6
올리브영,선케어,아니라서,6
올리브영,선케어,가을,6
올리브영,선케어,아쉬운,6
올리브영,선케어,가벼워서,6
올리브영,선케어,중이,6
올리브영,선케어,아이,6
올리브영,선케어,이쁘게,6
올리브영,선케어,있음,6
올리브영,선케어,악,6
올리브영,선케어,쿨톤,6
올리브영,선케어,제외,6
올리브영,선케어,위해,6
올리브영,선케어,먼저,6
올리브영,선케어,두,6
올리브영,선케어,높은,6
올리브영,선케어,좋지만,6
올리브영,선케어,대비,6
올리브영,선케어,미백,6
올리브영,선케어,노란,6
올리브영,선케어,활동,6
올리브영,선케어,확,6
올리브영,선케어,없지만,6
올리브영,선케어,없다고,6
올리브영,선케어,같아용,6
올리브영,선케어,충분히,6
올리브영,선케어,랭킹,6
올리브영,선케어,혹시,6
올리브영,선케어,양,6
올리브영,선케어,신경,6
올리브영,선케어,이나,6
올리브영,선케어,곳,6
올리브영,선케어,인간,6
올리브영,선케어,옷에 묻음,6
올리브영,선케어,또한,6
올리브영,선케어,있더라구요,6
올리브영,선케어,홍조,6
올리브영,선케어,허옇,6
올리브영,선케어,쿠폰,6
올리브영,선케어,은,6
올리브영,선케어,알레르기,6
올리브영,선케어,많은데,6
올리브영,선케어,지수,6
올리브영,선케어,유튜브,6
올리브영,선케어,굿,6
올리브영,선케어,유발,6
올리브영,선케어,무슨,6
올리브영,선케어,쿨링,6
올리브영,선케어,등급,6
올리브영,선케어,휴대,6
올리브영,선케어,특징,6
올리브영,선케어,적외선,6
올리브영,선케어,애정,5
올리브영,선케어,몇번,5
올리브영,선케어,소량,5
올리브영,선케어,덕분,5
올리브영,선케어,포장,5
올리브영,선케어,심한,5
올리브영,선케어,고해,5
올리브영,선케어,촉촉함이,5
올리브영,선케어,닝,5
올리브영,선케어,아니,5
올리브영,선케어,괜찮을,5
올리브영,선케어,좋더라고요,5
올리브영,선케어,만족하면서,5
올리브영,선케어,좋을것,5
올리브영,선케어,퍼플,5
올리브영,선케어,패키지,5
올리브영,선케어,샘플,5
올리브영,선케어,턱,5
올리브영,선케어,야해요,5
올리브영,선케어,무겁지,5
올리브영,선케어,가까운,5
올리브영,선케어,살,5
올리브영,선케어,얼마나,5
올리브영,선케어,이면,5
올리브영,선케어,답답한,5
올리브영,선케어,보라,5
올리브영,선케어,동안,5
올리브영,선케어,어,5
올리브영,선케어,두운,5
올리브영,선케어,생얼,5
올리브영,선케어,쌩얼,5
올리브영,선케어,당연히,5
올리브영,선케어,만족하는,5
올리브영,선케어,끼임,5
올리브영,선케어,산뜻하고,5
올리브영,선케어,결과,5
올리브영,선케어,주름,5
올리브영,선케어,남,5
올리브영,선케어,가루,5
올리브영,선케어,지도,5
올리브영,선케어,찰떡,5
올리브영,선케어,대부분,5
올리브영,선케어,는걸,5
올리브영,선케어,여기,5
올리브영,선케어,없었고,5
올리브영,선케어,여,5
올리브영,선케어,색감,5
올리브영,선케어,쪽,5
올리브영,선케어,비건,5
올리브영,선케어,비슷한,5
올리브영,선케어,하얀색,5
올리브영,선케어,같음,5
올리브영,선케어,온라인,5
올리브영,선케어,차이,5
올리브영,선케어,마냥,5
올리브영,선케어,대서,5
올리브영,선케어,있기는,5
올리브영,선케어,주의,5
올리브영,선케어,처럼,5
올리브영,선케어,좋을거,5
올리브영,선케어,차가,5
올리브영,선케어,추,5
올리브영,선케어,량,5
올리브영,선케어,신분,5
올리브영,선케어,가볍고,5
올리브영,선케어,저렴해서,5
올리브영,선케어,빠르고,5
올리브영,선케어,어떤,5
올리브영,선케어,성인,5
올리브영,선케어,세,5
올리브영,선케어,부위,5
올리브영,선케어,호불호,5
올리브영,선케어,건조할,5
올리브영,선케어,잘못,5
올리브영,선케어,아예,5
올리브영,선케어,없을,5
올리브영,선케어,순합니다,5
올리브영,선케어,이드,5
올리브영,선케어,딱히,5
올리브영,선케어,좋아하는,5
올리브영,선케어,사이즈,5
올리브영,선케어,생활,5
올리브영,선케어,상황,5
올리브영,선케어,중요한,5
올리브영,선케어,옛날,5
올리브영,선케어,병풀,5
올리브영,선케어,계기,5
올리브영,선케어,가능한,4
올리브영,선케어,용기,4
올리브영,선케어,의,4
올리브영,선케어,미스트,4
올리브영,선케어,없으면,4
올리브영,선케어,버전,4
올리브영,선케어,발견,4
올리브영,선케어,좋겠어요,4
올리브영,선케어,화사하게,4
올리브영,선케어,촉촉하니,4
올리브영,선케어,원픽,4
올리브영,선케어,비비,4
올리브영,선케어,중간,4
올리브영,선케어,많고,4
올리브영,선케어,컬러,4
올리브영,선케어,테스,4
올리브영,선케어,더욱,4
올리브영,선케어,촉촉하면서,4
올리브영,선케어,있는거,4
올리브영,선케어,팩트,4
올리브영,선케어,환경,4
올리브영,선케어,좋아하세요,4
올리브영,선케어,있답니다,4
올리브영,선케어,생기,4
올리브영,선케어,관리,4
올리브영,선케어,비싼데,4
올리브영,선케어,만족도,4
올리브영,선케어,퓨전,4
올리브영,선케어,최애,4
올리브영,선케어,뭐해,4
올리브영,선케어,운동,4
올리브영,선케어,려,4
올리브영,선케어,편안한,4
올리브영,선케어,있구요,4
올리브영,선케어,환해지는,4
올리브영,선케어,종류,4
올리브영,선케어,피지,4
올리브영,선케어,양도,4
올리브영,선케어,리,4
올리브영,선케어,쟁여두,4
올리브영,선케어,답답하지,4
올리브영,선케어,기분,4
올리브영,선케어,대가,4
올리브영,선케어,정가,4
올리브영,선케어,사면,4
올리브영,선케어,그대로,4
올리브영,선케어,두번째,4
올리브영,선케어,세번,4
올리브영,선케어,가요,4
올리브영,선케어,줄,4
올리브영,선케어,링,4
올리브영,선케어,있나요,4
올리브영,선케어,나름,4
올리브영,선케어,팔,4
올리브영,선케어,베이지,4
올리브영,선케어,확실한,4
올리브영,선케어,아쉬웠어요,4
올리브영,선케어,가득,4
올리브영,선케어,휴대폰,4
올리브영,선케어,액정,4
올리브영,선케어,남도,4
올리브영,선케어,방향,4
올리브영,선케어,톡,4
올리브영,선케어,묽지도,4
올리브영,선케어,가득한,4
올리브영,선케어,촉촉한데,4
올리브영,선케어,예쁜,4
올리브영,선케어,체크,4
올리브영,선케어,입,4
올리브영,선케어,마침,4
올리브영,선케어,작은,4
올리브영,선케어,사고,4
올리브영,선케어,강추,4
올리브영,선케어,스펀지,4
올리브영,선케어,이용,4
올리브영,선케어,확인,4
올리브영,선케어,정돈,4
올리브영,선케어,종종,4
올리브영,선케어,그것,4
올리브영,선케어,촉촉하다,4
올리브영,선케어,이벤트,4
올리브영,선케어,영업,4
올리브영,선케어,제발,4
올리브영,선케어,필요하,4
올리브영,선케어,같다고,4
올리브영,선케어,세상,4
올리브영,선케어,부럽,4
올리브영,선케어,괜찮고,4
올리브영,선케어,건조함,4
올리브영,선케어,건조함이,4
올리브영,선케어,있게,4
올리브영,선케어,아이템,4
올리브영,선케어,은은하게,4
올리브영,선케어,아침,4
올리브영,선케어,제대로,4
올리브영,선케어,인,4
올리브영,선케어,있다면,4
올리브영,선케어,같지만,4
올리브영,선케어,그런건,4
올리브영,선케어,외,4
올리브영,선케어,이니스프리,4
올리브영,선케어,런가,4
올리브영,선케어,영향,4
올리브영,선케어,장시간,4
올리브영,선케어,비도,4
올리브영,선케어,무,4
올리브영,선케어,진심,4
올리브영,선케어,괜찮아,4
올리브영,선케어,순함,4
올리브영,선케어,뚜껑,4
올리브영,선케어,뾰루,4
올리브영,선케어,지지,4
올리브영,선케어,첨,4
올리브영,선케어,마지막,4
올리브영,선케어,개월,4
올리브영,선케어,화이트,4
올리브영,선케어,강,4
올리브영,선케어,강한,4
올리브영,선케어,탑,4
올리브영,선케어,있네요,4
올리브영,선케어,형도,4
올리브영,선케어,좋았,4
올리브영,선케어,싫고,4
올리브영,선케어,사이,4
올리브영,선케어,예민해서,4
올리브영,선케어,가면,4
올리브영,선케어,초록색,4
올리브영,선케어,대체,4
올리브영,선케어,최,4
올리브영,선케어,무거운,4
올리브영,선케어,결론,4
올리브영,선케어,여행,4
올리브영,선케어,반,4
올리브영,선케어,아마,4
올리브영,선케어,증상,4
올리브영,선케어,미리,4
올리브영,선케어,특성,4
올리브영,선케어,안티,4
올리브영,선케어,민감하신,4
올리브영,선케어,건조하게,4
올리브영,선케어,순한거,4
올리브영,선케어,순위,4
올리브영,선케어,옥사,4
올리브영,선케어,차앤박,4
올리브영,선케어,그런거,4
올리브영,선케어,있으니,4
올리브영,선케어,기억,4
올리브영,선케어,파이,4
올리브영,선케어,증정,4
올리브영,선케어,이구,4
올리브영,선케어,광나,3
올리브영,선케어,유명해서,3
올리브영,선케어,부담스러울,3
올리브영,선케어,척,3
올리브영,선케어,덜하고,3
올리브영,선케어,좋으네요,3
올리브영,선케어,좀더,3
올리브영,선케어,괜찮아서,3
올리브영,선케어,원하는,3
올리브영,선케어,강력,3
올리브영,선케어,좋아하는데,3
올리브영,선케어,스타일,3
올리브영,선케어,물광,3
올리브영,선케어,다크,3
올리브영,선케어,필요,3
올리브영,선케어,없구,3
올리브영,선케어,촉촉함을,3
올리브영,선케어,이중,3
올리브영,선케어,가능할,3
올리브영,선케어,만족해요,3
올리브영,선케어,질감,3
올리브영,선케어,혈색,3
올리브영,선케어,좋아해서,3
올리브영,선케어,에스,3
올리브영,선케어,싫어서,3
올리브영,선케어,건조해서,3
올리브영,선케어,쫀쫀,3
올리브영,선케어,화사하고,3
올리브영,선케어,새로,3
올리브영,선케어,어른,3
올리브영,선케어,추가,3
올리브영,선케어,이마,3
올리브영,선케어,끝,3
올리브영,선케어,가방,3
올리브영,선케어,유명한지,3
올리브영,선케어,거부,3
올리브영,선케어,남친,3
올리브영,선케어,하얀,3
올리브영,선케어,괜찮은데,3
올리브영,선케어,하나요,3
올리브영,선케어,좋다길래,3
올리브영,선케어,이자,3
올리브영,선케어,다크닝,3
올리브영,선케어,진작,3
올리브영,선케어,넓게,3
올리브영,선케어,그럴,3
올리브영,선케어,업보,3
올리브영,선케어,약한,3
올리브영,선케어,적당하게,3
올리브영,선케어,어디,3
올리브영,선케어,사시,3
올리브영,선케어,깔끔하게,3
올리브영,선케어,대상,3
올리브영,선케어,보시,3
올리브영,선케어,대박,3
올리브영,선케어,다른건,3
올리브영,선케어,궁금해서,3
올리브영,선케어,용법,3
올리브영,선케어,만족스러운,3
올리브영,선케어,레이어,3
올리브영,선케어,좋더라,3
올리브영,선케어,만족하며,3
올리브영,선케어,같기도,3
올리브영,선케어,지보,3
올리브영,선케어,헤라,3
올리브영,선케어,좋길래,3
올리브영,선케어,좋아하시는지,3
올리브영,선케어,좋아하실,3
올리브영,선케어,차단효,3
올리브영,선케어,잠깐,3
올리브영,선케어,품절,3
올리브영,선케어,본인,3
올리브영,선케어,머,3
올리브영,선케어,만족한,3
올리브영,선케어,방법,3
올리브영,선케어,모,3
올리브영,선케어,있긴,3
올리브영,선케어,부드러움,3
올리브영,선케어,모로,3
올리브영,선케어,기회,3
올리브영,선케어,유명하죠,3
올리브영,선케어,덜한,3
올리브영,선케어,있길래,3
올리브영,선케어,분홍,3
올리브영,선케어,더라고요,3
올리브영,선케어,유명하잖아요,3
올리브영,선케어,있다,3
올리브영,선케어,자작,3
올리브영,선케어,인지,3
올리브영,선케어,오후,3
올리브영,선케어,앱,3
올리브영,선케어,딱좋아요,3
올리브영,선케어,돈,3
올리브영,선케어,코로나,3
올리브영,선케어,직후,3
올리브영,선케어,심해,3
올리브영,선케어,만족스럽습니다,3
올리브영,선케어,토너,3
올리브영,선케어,간단한,3
올리브영,선케어,있고요,3
올리브영,선케어,좋다네요,3
올리브영,선케어,좋은지는,3
올리브영,선케어,착용,3
올리브영,선케어,인해,3
올리브영,선케어,겉도,3
올리브영,선케어,괜찮았어요,3
올리브영,선케어,없었습니다,3
올리브영,선케어,있으신,3
올리브영,선케어,시기,3
올리브영,선케어,좋다,3
올리브영,선케어,쭉,3
올리브영,선케어,아보,3
올리브영,선케어,없,3
올리브영,선케어,눈가,3
올리브영,선케어,매하,3
올리브영,선케어,대체로,3
올리브영,선케어,이예,3
올리브영,선케어,나이,3
올리브영,선케어,산뜻하게,3
올리브영,선케어,적용,3
올리브영,선케어,편하고,3
올리브영,선케어,유통,3
올리브영,선케어,기한,3
올리브영,선케어,촉촉하면서도,3
올리브영,선케어,아무,3
올리브영,선케어,유명하고,3
올리브영,선케어,실망,3
올리브영,선케어,유수,3
올리브영,선케어,롤링,3
올리브영,선케어,맑은,3
올리브영,선케어,네,3
올리브영,선케어,탄탄하게,3
올리브영,선케어,민감해서,3
올리브영,선케어,이전,3
올리브영,선케어,촉촉한거,3
올리브영,선케어,따갑고,3
올리브영,선케어,아니구,3
올리브영,선케어,다행히,3
올리브영,선케어,다가,3
올리브영,선케어,주문,3
올리브영,선케어,순한것,3
올리브영,선케어,차임,3
올리브영,선케어,굿굿,3
올리브영,선케어,사기,3
올리브영,선케어,먹음,3
올리브영,선케어,그거,3
올리브영,선케어,젠,3
올리브영,선케어,리뉴,3
올리브영,선케어,면,3
올리브영,선케어,열,3
올리브영,선케어,있는게,3
올리브영,선케어,착하고,3
올리브영,선케어,이기,3
올리브영,선케어,햇볕,3
올리브영,선케어,새로운,3
올리브영,선케어,있던,3
올리브영,선케어,야외,3
올리브영,선케어,부드러워서,3
올리브영,선케어,남자친구,3
올리브영,선케어,향기,3
올리브영,선케어,햇,3
올리브영,선케어,휘뚜루,3
올리브영,선케어,마뚜루,3
올리브영,선케어,브,3
올리브영,선케어,불호,3
올리브영,선케어,티존,3
올리브영,선케어,만족스러워요,3
올리브영,선케어,순하다고,3
올리브영,선케어,답답함,3
올리브영,선케어,따가,3
올리브영,선케어,싫어하는,3
올리브영,선케어,샵,3
올리브영,선케어,유일하게,3
올리브영,선케어,스틱,3
올리브영,선케어,모말,3
올리브영,선케어,셈,3
올리브영,선케어,시원한,3
올리브영,선케어,주로,3
올리브영,선케어,프로,3
올리브영,선케어,차보,3
올리브영,선케어,들뜨지,3
올리브영,선케어,간혹,3
올리브영,선케어,도포,3
올리브영,선케어,도로,3
올리브영,선케어,얇고,3
올리브영,선케어,현재,3
올리브영,선케어,순,3
올리브영,선케어,품목,3
올리브영,선케어,개선,3
올리브영,선케어,매,3
올리브영,선케어,제공,3
올리브영,선케어,테,3
올리브영,선케어,동동,3
올리브영,선케어,점자,3
올리브영,선케어,부터,3
올리브영,선케어,빨간색,3
올리브영,선케어,겨,3
올리브영,선케어,아니예요,3
올리브영,선케어,다른거,3
올리브영,선케어,집중,3
올리브영,선케어,남성,3
올리브영,선케어,중요하게,3
올리브영,선케어,미세하게,3
올리브영,선케어,탈,3
올리브영,선케어,바디,3
올리브영,선케어,간지러,3
올리브영,선케어,많았는데,3
올리브영,선케어,한여름,3
올리브영,선케어,답,3
올리브영,선케어,남동생,3
올리브영,선케어,예민하고,3
올리브영,선케어,더운,3
올리브영,선케어,덥고,3
올리브영,선케어,김,3
올리브영,선케어,깨끗해,3
올리브영,선케어,좋지,3
올리브영,선케어,차로,3
올리브영,선케어,폴루션,3
올리브영,선케어,보송보송하게,3
올리브영,선케어,없으니,3
올리브영,선케어,대해,3
올리브영,선케어,여러가지,3
올리브영,선케어,함유,3
올리브영,선케어,포함,3
올리브영,선케어,좋아용,3
올리브영,선케어,튜브,3
올리브영,선케어,업선,3
올리브영,선케어,지로,3
올리브영,선케어,민감하고,3
올리브영,선케어,이보,3
올리브영,선케어,대한,3
올리브영,선케어,수준,3
올리브영,선케어,덕후,3
올리브영,선케어,화해,3
올리브영,선케어,일이,3
올리브영,선케어,주황색,3
올리브영,선케어,건조하신,3
올리브영,선케어,유명하기도,3
올리브영,선케어,랍,3
올리브영,선케어,재활용,2
올리브영,선케어,부탁드립니다,2
올리브영,선케어,불가,2
올리브영,선케어,있겠지만,2
올리브영,선케어,좋으신,2
올리브영,선케어,경험,2
올리브영,선케어,있었어,2
올리브영,선케어,몰래,2
올리브영,선케어,꿈,2
올리브영,선케어,뽀얀,2
올리브영,선케어,자연스러우면서도,2
올리브영,선케어,확실하게,2
올리브영,선케어,모태,2
올리브영,선케어,미녀,2
올리브영,선케어,삽,2
올리브영,선케어,있던데,2
올리브영,선케어,좋았음,2
올리브영,선케어,값,2
올리브영,선케어,괜찮,2
올리브영,선케어,해결,2
올리브영,선케어,성과,2
올리브영,선케어,화사한,2
올리브영,선케어,만족스러웠습니다,2
올리브영,선케어,광도,2
올리브영,선케어,리치,2
올리브영,선케어,농도,2
올리브영,선케어,유명하다,2
올리브영,선케어,고급,2
올리브영,선케어,있는것,2
올리브영,선케어,음,2
올리브영,선케어,뮤,2
올리브영,선케어,피,2
올리브영,선케어,언제,2
올리브영,선케어,그럼,2
올리브영,선케어,조합,2
올리브영,선케어,소문,2
올리브영,선케어,깔끔한,2
올리브영,선케어,출시,2
올리브영,선케어,사용자,2
올리브영,선케어,진하게,2
올리브영,선케어,개별,2
올리브영,선케어,원플러스원,2
올리브영,선케어,저렴할,2
올리브영,선케어,좋아해서요,2
올리브영,선케어,당황,2
올리브영,선케어,가법,2
올리브영,선케어,대용,2
올리브영,선케어,일해,2
올리브영,선케어,디자인,2
올리브영,선케어,거만,2
올리브영,선케어,월,2
올리브영,선케어,원해서,2
올리브영,선케어,촉촉하다고,2
올리브영,선케어,피해,2
올리브영,선케어,더블,2
올리브영,선케어,지성은,2
올리브영,선케어,쫀쫀하,2
올리브영,선케어,미끄덩한,2
올리브영,선케어,싫어하는데,2
올리브영,선케어,노메이크업,2
올리브영,선케어,립니,2
올리브영,선케어,불만족,2
올리브영,선케어,스러웠어요,2
올리브영,선케어,원하먄,2
올리브영,선케어,만족스러워,2
올리브영,선케어,부스터,2
올리브영,선케어,넉넉하게,2
올리브영,선케어,노란기,2
올리브영,선케어,가세,2
올리브영,선케어,있다가,2
올리브영,선케어,한참,2
올리브영,선케어,여유,2
올리브영,선케어,거울,2
올리브영,선케어,준비,2
올리브영,선케어,쏙,2
올리브영,선케어,없고요,2
올리브영,선케어,전반,2
올리브영,선케어,괜찮습니다,2
올리브영,선케어,한편,2
올리브영,선케어,류,2
올리브영,선케어,소프트,2
올리브영,선케어,상아,2
올리브영,선케어,아이보리,2
올리브영,선케어,누렇,2
올리브영,선케어,베이,2
올리브영,선케어,스톤,2
올리브영,선케어,조화로웠습니다,2
올리브영,선케어,좋았구요,2
올리브영,선케어,하얀듯,2
올리브영,선케어,오라,2
올리브영,선케어,멀쩡하고,2
올리브영,선케어,분출,2
올리브영,선케어,살껄,2
올리브영,선케어,이진,2
올리브영,선케어,많아,2
올리브영,선케어,알짝,2
올리브영,선케어,비슷해서,2
올리브영,선케어,다를,2
올리브영,선케어,그래요,2
올리브영,선케어,있으면,2
올리브영,선케어,무리,2
올리브영,선케어,쟁이,2
올리브영,선케어,만족감,2
올리브영,선케어,게다가,2
올리브영,선케어,상위,2
올리브영,선케어,본연,2
올리브영,선케어,납,2
올리브영,선케어,건조함을,2
올리브영,선케어,감안,2
올리브영,선케어,촉촉한것이,2
올리브영,선케어,그런것,2
올리브영,선케어,혜자,2
올리브영,선케어,펄,2
올리브영,선케어,화사,2
올리브영,선케어,있을것,2
올리브영,선케어,요새,2
올리브영,선케어,진,2
올리브영,선케어,만족스럽,2
올리브영,선케어,몸,2
올리브영,선케어,모델,2
올리브영,선케어,애프터,2
올리브영,선케어,핑꾸핑꾸,2
올리브영,선케어,금은,2
올리브영,선케어,흰,2
올리브영,선케어,짧음,2
올리브영,선케어,여전히,2
올리브영,선케어,그닥,2
올리브영,선케어,일정,2
올리브영,선케어,올바르게,2
올리브영,선케어,솜털,2
올리브영,선케어,건조해지는,2
올리브영,선케어,착,2
올리브영,선케어,윤광,2
올리브영,선케어,숨,2
올리브영,선케어,지우개,2
올리브영,선케어,판단,2
올리브영,선케어,아쉽네요,2
올리브영,선케어,답답하게,2
올리브영,선케어,바르게,2
올리브영,선케어,원하던,2
올리브영,선케어,반값,2
올리브영,선케어,리하,2
올리브영,선케어,사악,2
올리브영,선케어,촤르르,2
올리브영,선케어,화사함의,2
올리브영,선케어,다르더라구요,2
올리브영,선케어,너,2
올리브영,선케어,종,2
올리브영,선케어,적합해,2
올리브영,선케어,겸,2
올리브영,선케어,알차게,2
올리브영,선케어,여기저기,2
올리브영,선케어,분홍색,2
올리브영,선케어,뭘,2
올리브영,선케어,자꾸,2
올리브영,선케어,컨실러,2
올리브영,선케어,잘맞고,2
올리브영,선케어,함량,2
올리브영,선케어,이럴,2
올리브영,선케어,로,2
올리브영,선케어,화이트헤드,2
올리브영,선케어,역할,2
올리브영,선케어,해당,2
올리브영,선케어,관심,2
올리브영,선케어,좋아하시는,2
올리브영,선케어,메베,2
올리브영,선케어,예상,2
올리브영,선케어,주기,2
올리브영,선케어,활용,2
올리브영,선케어,저렴한데,2
올리브영,선케어,알갱이,2
올리브영,선케어,드림,2
올리브영,선케어,표시,2
올리브영,선케어,같더라고요,2
올리브영,선케어,괜찮다더라구요,2
올리브영,선케어,같은걸,2
올리브영,선케어,개봉,2
올리브영,선케어,있었는데요,2
올리브영,선케어,글,2
올리브영,선케어,요약,2
올리브영,선케어,메,2
올리브영,선케어,각,2
올리브영,선케어,귀찮아서,2
올리브영,선케어,자고,2
올리브영,선케어,이해,2
올리브영,선케어,요철,2
올리브영,선케어,퍼센트,2
올리브영,선케어,쓰시,2
올리브영,선케어,랍니,2
올리브영,선케어,촉촉함,2
올리브영,선케어,있긴하지만,2
올리브영,선케어,좋아하셔서,2
올리브영,선케어,자연스러워,2
올리브영,선케어,며칠,2
올리브영,선케어,둥둥,2
올리브영,선케어,좋고요,2
올리브영,선케어,보더,2
올리브영,선케어,크리,2
올리브영,선케어,생일,2
올리브영,선케어,달바달바,2
올리브영,선케어,궁금했는데,2
올리브영,선케어,처리,2
올리브영,선케어,심하게,2
올리브영,선케어,어땠나요,2
올리브영,선케어,예민하신,2
올리브영,선케어,난리,2
올리브영,선케어,짱,2
올리브영,선케어,즁,2
올리브영,선케어,범,2
올리브영,선케어,좋아도,2
올리브영,선케어,유튜버,2
올리브영,선케어,텍스처,2
올리브영,선케어,아니었어요,2
올리브영,선케어,보장,2
올리브영,선케어,고집,2
올리브영,선케어,적당,2
올리브영,선케어,예민하,2
올리브영,선케어,솔직,2
올리브영,선케어,들뜨는,2
올리브영,선케어,딱인,2
올리브영,선케어,없었,2
올리브영,선케어,고생,2
올리브영,선케어,탄력,2
올리브영,선케어,달라,2
올리브영,선케어,좋았고,2
올리브영,선케어,버튼,2
올리브영,선케어,조건,2
올리브영,선케어,찝찝한,2
올리브영,선케어,명,2
올리브영,선케어,드립,2
올리브영,선케어,조아용,2
올리브영,선케어,조,2
올리브영,선케어,엄청난,2
올리브영,선케어,많아요,2
올리브영,선케어,초반,2
올리브영,선케어,촉촉하지도,2
올리브영,선케어,생크림,2
올리브영,선케어,휘뚤마뚤,2
올리브영,선케어,편해요,2
올리브영,선케어,잠시,2
올리브영,선케어,좋어,2
올리브영,선케어,넓은,2
올리브영,선케어,중임,2
올리브영,선케어,누구,2
올리브영,선케어,따갑지,2
올리브영,선케어,텁텁함,2
올리브영,선케어,산뜻,2
올리브영,선케어,안되는,2
올리브영,선케어,의문,2
올리브영,선케어,순해,2
올리브영,선케어,촉촉하진,2
올리브영,선케어,있을거,2
올리브영,선케어,자외선차단제,2
올리브영,선케어,단종,2
올리브영,선케어,미,2
올리브영,선케어,뾰루지,2
올리브영,선케어,저렴하고,2
올리브영,선케어,순하면서,2
올리브영,선케어,럼,2
올리브영,선케어,당분간,2
올리브영,선케어,아쉽,2
올리브영,선케어,다해,2
올리브영,선케어,다리,2
올리브영,선케어,깨,2
올리브영,선케어,없다,2
올리브영,선케어,없었구요,2
올리브영,선케어,시원하고,2
올리브영,선케어,발생,2
올리브영,선케어,민감해진,2
올리브영,선케어,들뜸,2
올리브영,선케어,건조하지도,2
올리브영,선케어,순간,2
올리브영,선케어,영상,2
올리브영,선케어,약해서,2
올리브영,선케어,아님,2
올리브영,선케어,없는거,2
올리브영,선케어,입구,2
올리브영,선케어,없는데다가,2
올리브영,선케어,발색,2
올리브영,선케어,정,2
올리브영,선케어,괜찮네요,2
올리브영,선케어,깔끔합니,2
올리브영,선케어,한겨울,2
올리브영,선케어,건가,2
올리브영,선케어,아닌데,2
올리브영,선케어,증맬루,2
올리브영,선케어,촉촉하구,2
올리브영,선케어,산뜻해서,2
올리브영,선케어,괜찮아도,2
올리브영,선케어,빨,2
올리브영,선케어,텁텁하,2
올리브영,선케어,뿌얘,2
올리브영,선케어,모자,2
올리브영,선케어,캐바캐,2
올리브영,선케어,여태,2
올리브영,선케어,오일,2
올리브영,선케어,없다는게,2
올리브영,선케어,일어나서,2
올리브영,선케어,디,2
올리브영,선케어,마다,2
올리브영,선케어,중단,2
올리브영,선케어,평이,2
올리브영,선케어,충분해서,2
올리브영,선케어,촉촉합니다,2
올리브영,선케어,르,2
올리브영,선케어,방해,2
올리브영,선케어,안해,2
올리브영,선케어,가렵,2
올리브영,선케어,담쓰님,2
올리브영,선케어,촤,2
올리브영,선케어,모에,2
올리브영,선케어,거짓말,2
올리브영,선케어,있잖아요,2
올리브영,선케어,장창,2
올리브영,선케어,팩,2
올리브영,선케어,점심,2
올리브영,선케어,앗,2
올리브영,선케어,묽지,2
올리브영,선케어,딩,2
올리브영,선케어,점도,2
올리브영,선케어,모나,2
올리브영,선케어,바쁜,2
올리브영,선케어,화한,2
올리브영,선케어,논코메,2
올리브영,선케어,도제,2
올리브영,선케어,닉,2
올리브영,선케어,빨라요,2
올리브영,선케어,합격,2
올리브영,선케어,다운,2
올리브영,선케어,얼마,2
올리브영,선케어,착한,2
올리브영,선케어,같지,2
올리브영,선케어,약,2
올리브영,선케어,작은거,2
올리브영,선케어,갑,2
올리브영,선케어,그런게,2
올리브영,선케어,애용,2
올리브영,선케어,절,2
올리브영,선케어,혼자,2
올리브영,선케어,좋겠습니다,2
올리브영,선케어,이름,2
올리브영,선케어,주가,2
올리브영,선케어,뚜렷한,2
올리브영,선케어,뛰어난,2
올리브영,선케어,상,2
올리브영,선케어,없거나,2
올리브영,선케어,철,2
올리브영,선케어,등등,2
올리브영,선케어,나가야,2
올리브영,선케어,힘들,2
올리브영,선케어,있다는,2
올리브영,선케어,알바생,2
올리브영,선케어,주관,2
올리브영,선케어,건복,2
올리브영,선케어,합성,2
올리브영,선케어,군대,2
올리브영,선케어,색조화,2
올리브영,선케어,침투,2
올리브영,선케어,논,2
올리브영,선케어,나노,2
올리브영,선케어,맑아,2
올리브영,선케어,촉촉하면,2
올리브영,선케어,부드러워,2
올리브영,선케어,좋구요,2
올리브영,선케어,대중,2
올리브영,선케어,싫어해서,2
올리브영,선케어,그렇,2
올리브영,선케어,헸던,2
올리브영,선케어,백설기,2
올리브영,선케어,하얗고,2
올리브영,선케어,야합니다,2
올리브영,선케어,완벽할거,2
올리브영,선케어,사은,2
올리브영,선케어,직,2
올리브영,선케어,기준,2
올리브영,선케어,궁금하면,2
올리브영,선케어,구비,2
올리브영,선케어,두터운,2
올리브영,선케어,돌,2
올리브영,선케어,도톨,2
올리브영,선케어,야한다고,2
올리브영,선케어,온,2
올리브영,선케어,파우치,2
올리브영,선케어,딱이에요,2
올리브영,선케어,리기,2
올리브영,선케어,스며듭니,2
올리브영,선케어,팔다리,2
올리브영,선케어,랄,2
올리브영,선케어,구영,2
올리브영,선케어,감성,2
올리브영,선케어,식,2
올리브영,선케어,다소,2
올리브영,선케어,퍽퍽,2
올리브영,선케어,볼쪽,2
올리브영,선케어,탄탄히,2
올리브영,선케어,백,2
올리브영,선케어,및,2
올리브영,선케어,차지,2
올리브영,선케어,미니,2
올리브영,선케어,순하다,2
올리브영,선케어,점성,2
올리브영,선케어,순해도,2
올리브영,선케어,불편했는데,2
올리브영,선케어,순함에,2
올리브영,선케어,어렵지만,2
올리브영,선케어,뽀송하고,2
올리브영,선케어,제조업,2
올리브영,선케어,더해서,2
올리브영,선케어,포기,2
올리브영,선케어,시국,2
올리브영,선케어,라이트닝,2
올리브영,선케어,닷,2
올리브영,선케어,높았던,2
올리브영,선케어,부드러워요,2
올리브영,선케어,피크,2
올리브영,선케어,노,2
올리브영,선케어,놀,2
올리브영,선케어,비타민,2
올리브영,선케어,유해한,2
올리브영,선케어,종이,2
올리브영,선케어,부탁드려요,2
올리브영,선케어,아까운,2
올리브영,선케어,없을거,2
올리브영,선케어,많지,2
올리브영,선케어,더울,2
올리브영,선케어,아토피,2
올리브영,선케어,종일,2
올리브영,선케어,거품,2
올리브영,선케어,세심,2
올리브영,선케어,제거,2
올리브영,선케어,편견,2
올리브영,선케어,뿐,2
올리브영,선케어,인증,2
올리브영,선케어,수가,2
올리브영,선케어,껏,2
올리브영,선케어,맨,2
올리브영,선케어,구분,2
올리브영,선케어,지나,2
올리브영,선케어,산화철,2
올리브영,선케어,자칭,2
올리브영,선케어,일명,2
올리브영,선케어,생전,2
올리브영,선케어,어플,2
올리브영,선케어,온건,2
올리브영,선케어,필링,2
올리브영,선케어,없다는,2
올리브영,선케어,기전,2
올리브영,선케어,있었지만,2
올리브영,선케어,싹,2
올리브영,선케어,찾기,2
올리브영,선케어,유명하다는,2
올리브영,선케어,디렉터,2
올리브영,선케어,심하고,2
올리브영,선케어,일인,2
올리브영,선케어,웬걸,2
올리브영,선케어,시각장애인,2
올리브영,선케어,싫어하시는,2
올리브영,선케어,이상은,2
올리브영,선케어,있는데요,2
올리브영,선케어,괜찮아요,2
올리브영,선케어,던,2
올리브영,선케어,급격하게,2
올리브영,선케어,사두,2
올리브영,선케어,봣,2
올리브영,선케어,진하지,2
올리브영,선케어,사본,2
올리브영,선케어,아니까,2
올리브영,선케어,촘촘,2
올리브영,선케어,거북하지,2
올리브영,선케어,보송해지는,2
올리브영,선케어,꾸준히사,2
올리브영,선케어,중요성,2
올리브영,선케어,있으면서,2
올리브영,선케어,정착생활,2
올리브영,선케어,왕,2
올리브영,선케어,잘맞아요,2
올리브영,선케어,누님,2
올리브영,선케어,담당자,1
올리브영,선케어,변경,1
올리브영,선케어,검토,1
올리브영,선케어,아르마니,1
올리브영,선케어,입생,1
올리브영,선케어,저렴,1
올리브영,선케어,즉시,1
올리브영,선케어,화사해지고,1
올리브영,선케어,예뻐졌다고,1
올리브영,선케어,놀라운,1
올리브영,선케어,잘맞는,1
올리브영,선케어,노파,1
올리브영,선케어,같네여,1
올리브영,선케어,린다,1
올리브영,선케어,지고,1
올리브영,선케어,아쉽다는,1
올리브영,선케어,밑틴,1
올리브영,선케어,개미,1
올리브영,선케어,눈곱,1
올리브영,선케어,투,1
올리브영,선케어,꼴,1
올리브영,선케어,스러,1
올리브영,선케어,저렴하면,1
올리브영,선케어,괜찮음,1
올리브영,선케어,같더라구요,1
올리브영,선케어,실용,1
올리브영,선케어,가능하며,1
올리브영,선케어,딱입니다,1
올리브영,선케어,만족스러웠어요,1
올리브영,선케어,알차고,1
올리브영,선케어,뛰어나,1
올리브영,선케어,입처,1
올리브영,선케어,빠른,1
올리브영,선케어,꼼꼼한,1
올리브영,선케어,완벽했어요,1
올리브영,선케어,때매,1
올리브영,선케어,만족합이,1
올리브영,선케어,톤업발색,1
올리브영,선케어,살템,1
올리브영,선케어,저가,1
올리브영,선케어,믹스,1
올리브영,선케어,딱좋은,1
올리브영,선케어,쿠림이,1
올리브영,선케어,똑,1
올리브영,선케어,잘맞아,1
올리브영,선케어,용합니다,1
올리브영,선케어,원하신다면,1
올리브영,선케어,부모님,1
올리브영,선케어,딱입니,1
올리브영,선케어,바톤,1
올리브영,선케어,쵝,1
올리브영,선케어,좋을듯,1
올리브영,선케어,야해서,1
올리브영,선케어,미쳤고,1
올리브영,선케어,비씬,1
올리브영,선케어,사재기,1
올리브영,선케어,귀찮고,1
올리브영,선케어,번들거렸음,1
올리브영,선케어,그랴,1
올리브영,선케어,짱짱하고,1
올리브영,선케어,기대합니,1
올리브영,선케어,보송하지보다는,1
올리브영,선케어,세수,1
올리브영,선케어,많았어요,1
올리브영,선케어,외국인,1
올리브영,선케어,팝업,1
올리브영,선케어,해외,1
올리브영,선케어,맛집,1
올리브영,선케어,프로모션,1
올리브영,선케어,휠씬,1
올리브영,선케어,마련,1
올리브영,선케어,닭,1
올리브영,선케어,능이,1
올리브영,선케어,같내요,1
올리브영,선케어,힘들것,1
올리브영,선케어,부족한,1
올리브영,선케어,드네,1
올리브영,선케어,닉무,1
올리브영,선케어,중년,1
올리브영,선케어,부족할,1
올리브영,선케어,스며듭,1
올리브영,선케어,트,1
올리브영,선케어,쎀,1
올리브영,선케어,촨득,1
올리브영,선케어,인상,1
올리브영,선케어,심플,1
올리브영,선케어,고급스러운,1
올리브영,선케어,친,1
올리브영,선케어,만족스러웠,1
올리브영,선케어,규,1
올리브영,선케어,부,1
올리브영,선케어,힘들었는데,1
올리브영,선케어,매워서,1
올리브영,선케어,그래서,1
올리브영,선케어,최적,1
올리브영,선케어,즉,1
올리브영,선케어,가시,1
올리브영,선케어,순하다는,1
올리브영,선케어,고가,1
올리브영,선케어,으뜸,1
올리브영,선케어,적합합니,1
올리브영,선케어,적기,1
올리브영,선케어,차곡차곡,1
올리브영,선케어,여분,1
올리브영,선케어,미미하게,1
올리브영,선케어,어머,1
올리브영,선케어,소리,1
올리브영,선케어,햇살,1
올리브영,선케어,부드러워졌어요,1
올리브영,선케어,유명한줄,1
올리브영,선케어,유명한거라고,1
올리브영,선케어,산뜻하지만,1
올리브영,선케어,홈쇼핑,1
올리브영,선케어,진출,1
올리브영,선케어,경향,1
올리브영,선케어,예쁘고,1
올리브영,선케어,사악한,1
올리브영,선케어,최대,1
올리브영,선케어,허브,1
올리브영,선케어,특별하지,1
올리브영,선케어,예정,1
올리브영,선케어,초콤,1
올리브영,선케어,태스트,1
올리브영,선케어,자연스런,1
올리브영,선케어,스티커,1
올리브영,선케어,별하나,1
올리브영,선케어,자연스러웠어요,1
올리브영,선케어,딸아이,1
올리브영,선케어,필요해,1
올리브영,선케어,뽀송하게,1
올리브영,선케어,가미,1
올리브영,선케어,빼주,1
올리브영,선케어,필요한,1
올리브영,선케어,원했던,1
올리브영,선케어,샥,1
올리브영,선케어,상큼,1
올리브영,선케어,싱그러워,1
올리브영,선케어,줄줄,1
올리브영,선케어,낮지,1
올리브영,선케어,배,1
올리브영,선케어,아픈,1
올리브영,선케어,애초,1
올리브영,선케어,낮게,1
올리브영,선케어,책정,1
올리브영,선케어,리지,1
올리브영,선케어,비싸지만,1
올리브영,선케어,기간,1
올리브영,선케어,바쁘다,1
올리브영,선케어,없기두,1
올리브영,선케어,본래,1
올리브영,선케어,옅은,1
올리브영,선케어,촉촉해지는,1
올리브영,선케어,이쁘,1
올리브영,선케어,달바답,1
올리브영,선케어,반짝,1
올리브영,선케어,얇아요,1
올리브영,선케어,쥐콩,1
올리브영,선케어,안닌,1
올리브영,선케어,핏줄,1
올리브영,선케어,가능하실듯,1
올리브영,선케어,부담스러워요,1
올리브영,선케어,꿀팁,1
올리브영,선케어,자연스러워요,1
올리브영,선케어,밝기,1
올리브영,선케어,환해,1
올리브영,선케어,더더,1
올리브영,선케어,있으시면,1
올리브영,선케어,해주시,1
올리브영,선케어,합리,1
올리브영,선케어,충실할,1
올리브영,선케어,에드,1
올리브영,선케어,이점,1
올리브영,선케어,아니고요,1
올리브영,선케어,듯합,1
올리브영,선케어,목적,1
올리브영,선케어,뛰어나고,1
올리브영,선케어,만족한가요,1
올리브영,선케어,저렴했으면,1
올리브영,선케어,듭,1
올리브영,선케어,살수,1
올리브영,선케어,좋았아요,1
올리브영,선케어,스럽습니다,1
올리브영,선케어,괜찮았습니다,1
올리브영,선케어,아쉬,1
올리브영,선케어,왼손,1
올리브영,선케어,괜찮을듯,1
올리브영,선케어,가볍기에,1
올리브영,선케어,깔끔하고,1
올리브영,선케어,까맣게,1
올리브영,선케어,잔뜩,1
올리브영,선케어,다녀욬,1
올리브영,선케어,아쉬움,1
올리브영,선케어,간단명료,1
올리브영,선케어,강하지,1
올리브영,선케어,약합니다,1
올리브영,선케어,마르고,1
올리브영,선케어,자연스러운데,1
올리브영,선케어,이럴거면,1
올리브영,선케어,손톱,1
올리브영,선케어,한마디,1
올리브영,선케어,토시,1
올리브영,선케어,답답해서,1
올리브영,선케어,안감,1
올리브영,선케어,어떻게,1
올리브영,선케어,네이버,1
올리브영,선케어,스토어,1
올리브영,선케어,더한,1
올리브영,선케어,무작정,1
올리브영,선케어,화사해지며,1
올리브영,선케어,예뻐,1
올리브영,선케어,지난,1
올리브영,선케어,분리,1
올리브영,선케어,편안했어요,1
올리브영,선케어,낮은,1
올리브영,선케어,환해진다,1
올리브영,선케어,변해요,1
올리브영,선케어,높게,1
올리브영,선케어,하얄게,1
올리브영,선케어,뭉치,1
올리브영,선케어,일어나고,1
올리브영,선케어,원인,1
올리브영,선케어,무언가,1
올리브영,선케어,일어나지,1
올리브영,선케어,다르므로,1
올리브영,선케어,출구,1
올리브영,선케어,촉촉하지,1
올리브영,선케어,뜨거나하는데,1
올리브영,선케어,있는것도,1
올리브영,선케어,손쉽게,1
올리브영,선케어,확실합니다,1
올리브영,선케어,눈독,1
올리브영,선케어,방문,1
올리브영,선케어,챱,1
올리브영,선케어,계산,1
올리브영,선케어,좋잖아요,1
올리브영,선케어,사제,1
올리브영,선케어,회사,1
올리브영,선케어,있냐고,1
올리브영,선케어,좋은걸,1
올리브영,선케어,너무하다,1
올리브영,선케어,홍보,1
올리브영,선케어,대사,1
올리브영,선케어,같긴,1
올리브영,선케어,좋았지만,1
올리브영,선케어,안색,1
올리브영,선케어,직장,1
올리브영,선케어,출근길,1
올리브영,선케어,건조하니깐,1
올리브영,선케어,촉촉하지만,1
올리브영,선케어,마리,1
올리브영,선케어,카락,1
올리브영,선케어,우수합니다,1
올리브영,선케어,편한,1
올리브영,선케어,아무런,1
올리브영,선케어,집앞,1
올리브영,선케어,있거나,1
올리브영,선케어,귀찮을,1
올리브영,선케어,다크서클,1
올리브영,선케어,만족하신,1
올리브영,선케어,살걸,1
올리브영,선케어,필요해서,1
올리브영,선케어,홍해,1
올리브영,선케어,겸용,1
올리브영,선케어,환하게,1
올리브영,선케어,환해지고,1
올리브영,선케어,들뜸이,1
올리브영,선케어,촉촉함은,1
올리브영,선케어,빨개,1
올리브영,선케어,붉은,1
올리브영,선케어,칙칙하면서,1
올리브영,선케어,있다구,1
올리브영,선케어,캐,1
올리브영,선케어,아가,1
올리브영,선케어,피부표햔,1
올리브영,선케어,속상하네요,1
올리브영,선케어,뽀,1
올리브영,선케어,지면,1
올리브영,선케어,저번,1
올리브영,선케어,체험,1
올리브영,선케어,단,1
올리브영,선케어,당첨,1
올리브영,선케어,만족해하시더라구요,1
올리브영,선케어,비싸네요,1
올리브영,선케어,컨디션,1
올리브영,선케어,상당하더라구요,1
올리브영,선케어,흔히,1
올리브영,선케어,명시,1
올리브영,선케어,사이사이,1
올리브영,선케어,까슬까슬,1
올리브영,선케어,잔재,1
올리브영,선케어,같은게,1
올리브영,선케어,불쾌하게,1
올리브영,선케어,쌀쌀해지면서,1
올리브영,선케어,다방,1
올리브영,선케어,산이,1
올리브영,선케어,므,1
올리브영,선케어,최대한,1
올리브영,선케어,솔직하게,1
올리브영,선케어,작성,1
올리브영,선케어,국물,1
올리브영,선케어,변하는,1
올리브영,선케어,양치,1
올리브영,선케어,하하,1
올리브영,선케어,그렇습니다,1
올리브영,선케어,자르트,1
올리브영,선케어,훠,1
올리브영,선케어,얼씬,1
올리브영,선케어,회사원,1
올리브영,선케어,당하여,1
올리브영,선케어,뽑기,1
올리브영,선케어,폭염,1
올리브영,선케어,뻘뻘,1
올리브영,선케어,재고,1
올리브영,선케어,겨우,1
올리브영,선케어,후회,1
올리브영,선케어,여러분,1
올리브영,선케어,힘들고,1
올리브영,선케어,비싸게,1
올리브영,선케어,혜택,1
올리브영,선케어,가라,1
올리브영,선케어,좋겠는데,1
올리브영,선케어,비슷하게,1
올리브영,선케어,우수한,1
올리브영,선케어,엄청나게,1
올리브영,선케어,누루딩딩,1
올리브영,선케어,뽀송하진,1
올리브영,선케어,워,1
올리브영,선케어,지저분하게,1
올리브영,선케어,썻,1
올리브영,선케어,좋은지,1
올리브영,선케어,복핪,1
올리브영,선케어,건조한거,1
올리브영,선케어,더워서,1
올리브영,선케어,톤업용,1
올리브영,선케어,세미,1
올리브영,선케어,들뜨지도,1
올리브영,선케어,다라,1
올리브영,선케어,체질,1
올리브영,선케어,대요,1
올리브영,선케어,기대하고,1
올리브영,선케어,습한,1
올리브영,선케어,공기,1
올리브영,선케어,교정,1
올리브영,선케어,일르레기,1
올리브영,선케어,이쁜,1
올리브영,선케어,셀카,1
올리브영,선케어,안좋으니,1
올리브영,선케어,멀리,1
올리브영,선케어,빛임,1
올리브영,선케어,매끄러운,1
올리브영,선케어,헤헤,1
올리브영,선케어,어무니,1
올리브영,선케어,좋아하,1
올리브영,선케어,심,1
올리브영,선케어,불안한,1
올리브영,선케어,설명,1
올리브영,선케어,이상한,1
올리브영,선케어,어쨌거,1
올리브영,선케어,성공,1
올리브영,선케어,듯해,1
올리브영,선케어,없지,1
올리브영,선케어,있기에,1
올리브영,선케어,변수,1
올리브영,선케어,길,1
올리브영,선케어,시리더라,1
올리브영,선케어,작은데,1
올리브영,선케어,좋게,1
올리브영,선케어,환해져서,1
올리브영,선케어,득템,1
올리브영,선케어,광택,1
올리브영,선케어,화사해서,1
올리브영,선케어,구지,1
올리브영,선케어,몇통쨔,1
올리브영,선케어,이유지,1
올리브영,선케어,순하면서도,1
올리브영,선케어,화사함이,1
올리브영,선케어,두꺼울,1
올리브영,선케어,들뜸이나,1
올리브영,선케어,건조함도,1
올리브영,선케어,괜찮았던거,1
올리브영,선케어,여느,1
올리브영,선케어,꼼꼼히,1
올리브영,선케어,야합,1
올리브영,선케어,부자연,1
올리브영,선케어,환해지고요,1
올리브영,선케어,안되요,1
올리브영,선케어,마무,1
올리브영,선케어,근처,1
올리브영,선케어,만날,1
올리브영,선케어,만족스러웠어,1
올리브영,선케어,중건,1
올리브영,선케어,높고,1
올리브영,선케어,확실해서,1
올리브영,선케어,건조해지지도,1
올리브영,선케어,해고,1
올리브영,선케어,넉넉하고,1
올리브영,선케어,화사해져서,1
올리브영,선케어,아니에,1
올리브영,선케어,친오빠,1
올리브영,선케어,칠,1
올리브영,선케어,이임,1
올리브영,선케어,예,1
올리브영,선케어,화사해져,1
올리브영,선케어,심정,1
올리브영,선케어,화사해진,1
올리브영,선케어,좋아하네,1
올리브영,선케어,일본,1
올리브영,선케어,핫,1
올리브영,선케어,빅세일,1
올리브영,선케어,염,1
올리브영,선케어,길지,1
올리브영,선케어,분만,1
올리브영,선케어,균일하게,1
올리브영,선케어,간편하게,1
올리브영,선케어,정이,1
올리브영,선케어,수록,1
올리브영,선케어,한텐,1
올리브영,선케어,있었나요,1
올리브영,선케어,하애지거나,1
올리브영,선케어,실망함,1
올리브영,선케어,대충,1
올리브영,선케어,괜찮아져요,1
올리브영,선케어,이쁨,1
올리브영,선케어,부족,1
올리브영,선케어,블랙,1
올리브영,선케어,헤드,1
올리브영,선케어,조효진,1
올리브영,선케어,광고,1
올리브영,선케어,아닐까,1
올리브영,선케어,투명하게,1
올리브영,선케어,강했고,1
올리브영,선케어,확실하지만,1
올리브영,선케어,어차피,1
올리브영,선케어,촉촉함만,1
올리브영,선케어,건조하더라구요,1
올리브영,선케어,리밍,1
올리브영,선케어,적립금,1
올리브영,선케어,봄브,1
올리브영,선케어,비비드,1
올리브영,선케어,그런기,1
올리브영,선케어,들뜸도,1
올리브영,선케어,심했는데,1
올리브영,선케어,데일,1
올리브영,선케어,리용,1
올리브영,선케어,아빠,1
올리브영,선케어,갑지,1
올리브영,선케어,유독,1
올리브영,선케어,길었고,1
올리브영,선케어,속상하고,1
올리브영,선케어,없이는,1
올리브영,선케어,힘든,1
올리브영,선케어,고충,1
올리브영,선케어,고마운,1
올리브영,선케어,사랑,1
올리브영,선케어,서로,1
올리브영,선케어,어려웠었는데,1
올리브영,선케어,만족하게,1
올리브영,선케어,시려운,1
올리브영,선케어,어떠한,1
올리브영,선케어,꾹,1
올리브영,선케어,불편함인,1
올리브영,선케어,저기,1
올리브영,선케어,미생,1
올리브영,선케어,기고,1
올리브영,선케어,까매지고,1
올리브영,선케어,악순환,1
올리브영,선케어,반복,1
올리브영,선케어,뜰,1
올리브영,선케어,있으니깐,1
올리브영,선케어,보아,1
올리브영,선케어,원할,1
올리브영,선케어,갑갑하다고,1
올리브영,선케어,좋아하네용,1
올리브영,선케어,아욤,1
올리브영,선케어,최소,1
올리브영,선케어,금액,1
올리브영,선케어,엉엉,1
올리브영,선케어,색차,1
올리브영,선케어,사람과,1
올리브영,선케어,장안,1
올리브영,선케어,두껍게,1
올리브영,선케어,무척,1
올리브영,선케어,에뛰드,1
올리브영,선케어,근본,1
올리브영,선케어,댕겨,1
올리브영,선케어,체고,1
올리브영,선케어,있나,1
올리브영,선케어,간단하게,1
올리브영,선케어,덜한것,1
올리브영,선케어,만족스러,1
올리브영,선케어,첫사랑,1
올리브영,선케어,같았는데,1
올리브영,선케어,안지,1
올리브영,선케어,떡,1
올리브영,선케어,만원,1
올리브영,선케어,체,1
올리브영,선케어,충분한게,1
올리브영,선케어,좋다는,1
올리브영,선케어,많던데,1
올리브영,선케어,화끈,1
올리브영,선케어,하진,1
올리브영,선케어,없는듯,1
올리브영,선케어,같은것도,1
올리브영,선케어,바보,1
올리브영,선케어,덜하네요,1
올리브영,선케어,잡티세럼,1
올리브영,선케어,똑같아요,1
올리브영,선케어,코옆끼,1
올리브영,선케어,순하네용,1
올리브영,선케어,있는지,1
올리브영,선케어,인척,1
올리브영,선케어,번창,1
올리브영,선케어,화하고,1
올리브영,선케어,이렇다고,1
올리브영,선케어,바하,1
올리브영,선케어,진짜진짜,1
올리브영,선케어,반면,1
올리브영,선케어,있음에도,1
올리브영,선케어,케이스,1
올리브영,선케어,작게,1
올리브영,선케어,비우기,1
올리브영,선케어,댜충,1
올리브영,선케어,기대하며,1
올리브영,선케어,딸램,1
올리브영,선케어,없길,1
올리브영,선케어,기대해,1
올리브영,선케어,나무,1
올리브영,선케어,촉촉하네요,1
올리브영,선케어,빨갛게,1
올리브영,선케어,꼬리,1
올리브영,선케어,검색,1
올리브영,선케어,특별한,1
올리브영,선케어,없는것,1
올리브영,선케어,촉촉하다는,1
올리브영,선케어,영원히,1
올리브영,선케어,어쩐지,1
올리브영,선케어,간,1
올리브영,선케어,장난,1
올리브영,선케어,아니더니,1
올리브영,선케어,사라,1
올리브영,선케어,민감해져서,1
올리브영,선케어,자극앖,1
올리브영,선케어,촉촉해,1
올리브영,선케어,치트,1
올리브영,선케어,삿,1
올리브영,선케어,혁,1
올리브영,선케어,좋다더라구요,1
올리브영,선케어,쇼핑,1
올리브영,선케어,꾸욱,1
올리브영,선케어,름,1
올리브영,선케어,금,1
올리브영,선케어,그네,1
올리브영,선케어,녀석,1
올리브영,선케어,신제품,1
올리브영,선케어,좋겠어,1
올리브영,선케어,퍽퍽감,1
올리브영,선케어,성비,1
올리브영,선케어,헛구역질,1
올리브영,선케어,역,1
올리브영,선케어,아팠는데,1
올리브영,선케어,아래,1
올리브영,선케어,실수,1
올리브영,선케어,지정,1
올리브영,선케어,삿는데,1
올리브영,선케어,나쁘진,1
올리브영,선케어,드네용,1
올리브영,선케어,옶어,1
올리브영,선케어,알뜰,1
올리브영,선케어,렵,1
올리브영,선케어,쫌,1
올리브영,선케어,보이지,1
올리브영,선케어,고순,1
올리브영,선케어,주근깨,1
올리브영,선케어,꼼꼼하게,1
올리브영,선케어,렌즈,1
올리브영,선케어,곤란한데,1
올리브영,선케어,괞찮,1
올리브영,선케어,냉큼,1
올리브영,선케어,초등,1
올리브영,선케어,고등,1
올리브영,선케어,시린데,1
올리브영,선케어,당연한거고,1
올리브영,선케어,같구,1
올리브영,선케어,애매하네요,1
올리브영,선케어,깔끔히,1
올리브영,선케어,지지도,1
올리브영,선케어,음톤업,1
올리브영,선케어,계셨다면,1
올리브영,선케어,안되지만,1
올리브영,선케어,추합니다,1
올리브영,선케어,오조오억,1
올리브영,선케어,편안하게,1
올리브영,선케어,충족,1
올리브영,선케어,미한데,1
올리브영,선케어,묽거나,1
올리브영,선케어,무겁거나,1
올리브영,선케어,붉,1
올리브영,선케어,은기,1
올리브영,선케어,프루프,1
올리브영,선케어,아니기,1
올리브영,선케어,물놀이,1
올리브영,선케어,예민해지는,1
올리브영,선케어,분석,1
올리브영,선케어,티어,1
올리브영,선케어,특,1
올리브영,선케어,유의,1
올리브영,선케어,비위,1
올리브영,선케어,그렇더라고요,1
올리브영,선케어,음유,1
올리브영,선케어,끈적끈적함도,1
올리브영,선케어,중요한데,1
올리브영,선케어,조아여,1
올리브영,선케어,좋다는거,1
올리브영,선케어,번갈아,1
올리브영,선케어,편했고,1
올리브영,선케어,완벽해서,1
올리브영,선케어,애영,1
올리브영,선케어,있었다니,1
올리브영,선케어,투명한데,1
올리브영,선케어,건조함은,1
올리브영,선케어,없으면서,1
올리브영,선케어,심지어,1
올리브영,선케어,좋아할,1
올리브영,선케어,어려웠는데,1
올리브영,선케어,괜찮네,1
올리브영,선케어,한창,1
올리브영,선케어,새,1
올리브영,선케어,민,1
올리브영,선케어,좋을만큼,1
올리브영,선케어,쁠,1
올리브영,선케어,집안,1
올리브영,선케어,보지,1
올리브영,선케어,넉넉히,1
올리브영,선케어,애기,1
올리브영,선케어,불량,1
올리브영,선케어,비릿,1
올리브영,선케어,쟁여놓,1
올리브영,선케어,루,1
올리브영,선케어,한시,1
올리브영,선케어,촉촉해야하고,1
올리브영,선케어,있었거든요,1
올리브영,선케어,키,1
올리브영,선케어,워드,1
올리브영,선케어,궁금하시면,1
올리브영,선케어,계시다면,1
올리브영,선케어,주목,1
올리브영,선케어,똥,1
올리브영,선케어,머리카락,1
올리브영,선케어,뽀송해요,1
올리브영,선케어,성공한,1
올리브영,선케어,뻔,1
올리브영,선케어,안사면,1
올리브영,선케어,있지도,1
올리브영,선케어,일상생활,1
올리브영,선케어,발사,1
올리브영,선케어,흥분한거,1
올리브영,선케어,진짓,1
올리브영,선케어,미쳤어,1
올리브영,선케어,타고,1
올리브영,선케어,습관,1
올리브영,선케어,비싸지,1
올리브영,선케어,좋운거,1
올리브영,선케어,같어요,1
올리브영,선케어,츄천합,1
올리브영,선케어,망,1
올리브영,선케어,템임,1
올리브영,선케어,덕임,1
올리브영,선케어,작용,1
올리브영,선케어,소개,1
올리브영,선케어,다름이,1
올리브영,선케어,빠르게,1
올리브영,선케어,없는게,1
올리브영,선케어,가득함은,1
올리브영,선케어,츄,1
올리브영,선케어,라이,1
올리브영,선케어,쓰려구,1
올리브영,선케어,아니나,1
올리브영,선케어,다를까,1
올리브영,선케어,없으며,1
올리브영,선케어,편해서,1
올리브영,선케어,아버지,1
올리브영,선케어,사드,1
올리브영,선케어,애,1
올리브영,선케어,예민함,1
올리브영,선케어,촉촉한게,1
올리브영,선케어,쫀득하,1
올리브영,선케어,기선,1
올리브영,선케어,건아,1
올리브영,선케어,챡,1
올리브영,선케어,전파,1
올리브영,선케어,아부지,1
올리브영,선케어,쟁여놔,1
올리브영,선케어,좋았던,1
올리브영,선케어,지난번,1
올리브영,선케어,아쉬웠네,1
올리브영,선케어,있으셔서,1
올리브영,선케어,틈,1
올리브영,선케어,가볍다고,1
올리브영,선케어,발라드,1
올리브영,선케어,던건,1
올리브영,선케어,더하,1
올리브영,선케어,라운드,1
올리브영,선케어,랩,1
올리브영,선케어,조만간,1
올리브영,선케어,찐득하고,1
올리브영,선케어,찰나,1
올리브영,선케어,기대,1
올리브영,선케어,찐득하지,1
올리브영,선케어,라서,1
올리브영,선케어,옆,1
올리브영,선케어,그러는데,1
올리브영,선케어,아쿠아리움,1
올리브영,선케어,강남,1
올리브영,선케어,아쉬웠거든요,1
올리브영,선케어,담쓰,1
올리브영,선케어,올해,1
올리브영,선케어,지출,1
올리브영,선케어,햏,1
올리브영,선케어,도안,1
올리브영,선케어,착해서,1
올리브영,선케어,담날,1
올리브영,선케어,기사,1
올리브영,선케어,죄송하더라구요,1
올리브영,선케어,주제,1
올리브영,선케어,미쳤습니다,1
올리브영,선케어,보톡스,1
올리브영,선케어,라라라,1
올리브영,선케어,쩔어요,1
올리브영,선케어,시원한데,1
올리브영,선케어,풍기,1
올리브영,선케어,쾌적했어요,1
올리브영,선케어,족족,1
올리브영,선케어,좍좍,1
올리브영,선케어,하이,1
올리브영,선케어,갈래,1
올리브영,선케어,콜드,1
올리브영,선케어,아니야,1
올리브영,선케어,보태,1
올리브영,선케어,달걀,1
올리브영,선케어,본격,1
올리브영,선케어,가섴,1
올리브영,선케어,잌,1
올리브영,선케어,바람,1
올리브영,선케어,불면,1
올리브영,선케어,댕,1
올리브영,선케어,신기함,1
올리브영,선케어,수정,1
올리브영,선케어,하여툰,1
올리브영,선케어,시중,1
올리브영,선케어,명함,1
올리브영,선케어,좋던데,1
올리브영,선케어,차가스러운,1
올리브영,선케어,개복치,1
올리브영,선케어,뿌,1
올리브영,선케어,잘맞아서,1
올리브영,선케어,당장,1
올리브영,선케어,숩니,1
올리브영,선케어,좋아했어서,1
올리브영,선케어,중요시,1
올리브영,선케어,넓적해서,1
올리브영,선케어,안정,1
올리브영,선케어,쿨링템,1
올리브영,선케어,좋아하시고,1
올리브영,선케어,교가,1
올리브영,선케어,쿠나,1
올리브영,선케어,있어줘야,1
올리브영,선케어,차가운데,1
올리브영,선케어,필요하신,1
올리브영,선케어,온도,1
올리브영,선케어,먹이,1
올리브영,선케어,덕이,1
올리브영,선케어,안되더라고요,1
올리브영,선케어,대차게,1
올리브영,선케어,느리기,1
올리브영,선케어,공,1
올리브영,선케어,이틀,1
올리브영,선케어,효고,1
올리브영,선케어,부지런히,1
올리브영,선케어,위로,1
올리브영,선케어,확실하네요,1
올리브영,선케어,샤워,1
올리브영,선케어,시원하게,1
올리브영,선케어,꿀,1
올리브영,선케어,만족스러워서,1
올리브영,선케어,유투브,1
올리브영,선케어,믿음,1
올리브영,선케어,악해서,1
올리브영,선케어,신기하고,1
올리브영,선케어,클렌징라인,1
올리브영,선케어,어떨까,1
올리브영,선케어,오특해,1
올리브영,선케어,아팠지만,1
올리브영,선케어,있는지도,1
올리브영,선케어,짱구,1
올리브영,선케어,줄때,1
올리브영,선케어,예민한데,1
올리브영,선케어,웬만한,1
올리브영,선케어,누구세요,1
올리브영,선케어,자신,1
올리브영,선케어,좋아한,1
올리브영,선케어,좋진,1
올리브영,선케어,바르가,1
올리브영,선케어,어려워서,1
올리브영,선케어,있어용,1
올리브영,선케어,여요,1
올리브영,선케어,하애지실,1
올리브영,선케어,중요해요,1
올리브영,선케어,유용해,1
올리브영,선케어,상관없이,1
올리브영,선케어,콧대,1
올리브영,선케어,안보,1
올리브영,선케어,쟁여템,1
올리브영,선케어,갠찬은,1
올리브영,선케어,레전드,1
올리브영,선케어,별루없,1
올리브영,선케어,촉촉하지두,1
올리브영,선케어,어어,1
올리브영,선케어,건조할듯,1
올리브영,선케어,혁명,1
올리브영,선케어,티나,1
올리브영,선케어,겐,1
올리브영,선케어,가벼울,1
올리브영,선케어,영은,1
올리브영,선케어,대세,1
올리브영,선케어,깔끔함,1
올리브영,선케어,강해요,1
올리브영,선케어,환해져요,1
올리브영,선케어,자단,1
올리브영,선케어,자칫,1
올리브영,선케어,응거,1
올리브영,선케어,년전,1
올리브영,선케어,조켓네,1
올리브영,선케어,거여,1
올리브영,선케어,자사,1
올리브영,선케어,블레미쉬,1
올리브영,선케어,외로,1
올리브영,선케어,준,1
올리브영,선케어,현,1
올리브영,선케어,상이,1
올리브영,선케어,촉척,1
올리브영,선케어,개떡같은,1
올리브영,선케어,대치,1
올리브영,선케어,과장,1
올리브영,선케어,실제,1
올리브영,선케어,첫날,1
올리브영,선케어,없었는데,1
올리브영,선케어,달리,1
올리브영,선케어,쎄지도,1
올리브영,선케어,삭제,1
올리브영,선케어,애매한데,1
올리브영,선케어,폭발,1
올리브영,선케어,변했는데,1
올리브영,선케어,맘때,1
올리브영,선케어,퀵,1
올리브영,선케어,일등,1
올리브영,선케어,있는거가,1
올리브영,선케어,보송하니,1
올리브영,선케어,준템,1
올리브영,선케어,학교,1
올리브영,선케어,은근,1
올리브영,선케어,궁금해,1
올리브영,선케어,무잡잡해,1
올리브영,선케어,실패한,1
올리브영,선케어,심했어요,1
올리브영,선케어,풀메,1
올리브영,선케어,심하구요,1
올리브영,선케어,쌍거풀,1
올리브영,선케어,급하게,1
올리브영,선케어,훅,1
올리브영,선케어,공감,1
올리브영,선케어,계시거라,1
올리브영,선케어,포인트,1
올리브영,선케어,아까도,1
올리브영,선케어,편했어요,1
올리브영,선케어,불편할,1
올리브영,선케어,편했는데,1
올리브영,선케어,왜냐면,1
올리브영,선케어,어울림,1
올리브영,선케어,제겐,1
올리브영,선케어,먼훗날,1
올리브영,선케어,현직,1
올리브영,선케어,메이트,1
올리브영,선케어,솔직한,1
올리브영,선케어,쓰윽,1
올리브영,선케어,덜했어요,1
올리브영,선케어,건조해진다는,1
올리브영,선케어,호수,1
올리브영,선케어,있는데도,1
올리브영,선케어,괜찮았는데,1
올리브영,선케어,가능했어요,1
올리브영,선케어,배려,1
올리브영,선케어,클린,1
올리브영,선케어,뷰티,1
올리브영,선케어,지구,1
올리브영,선케어,안좋은,1
올리브영,선케어,빨간,1
올리브영,선케어,조은,1
올리브영,선케어,많았는데요,1
올리브영,선케어,산뜻해요,1
올리브영,선케어,좋았을,1
올리브영,선케어,민낯,1
올리브영,선케어,야하는데,1
올리브영,선케어,좋았으면,1
올리브영,선케어,순하더라,1
올리브영,선케어,통정,1
올리브영,선케어,시작,1
올리브영,선케어,아쉬워,1
올리브영,선케어,리함,1
올리브영,선케어,그러다,1
올리브영,선케어,촉촉해진,1
올리브영,선케어,미칠것,1
올리브영,선케어,인공,1
올리브영,선케어,향기로운,1
올리브영,선케어,본질,1
올리브영,선케어,같기,1
올리브영,선케어,당일,1
올리브영,선케어,행보,1
올리브영,선케어,박수,1
올리브영,선케어,명중,1
올리브영,선케어,특정,1
올리브영,선케어,겆,1
올리브영,선케어,볼때,1
올리브영,선케어,부담스러워서,1
올리브영,선케어,싫은,1
올리브영,선케어,아닙니다,1
올리브영,선케어,괜찮을거라,1
올리브영,선케어,물온,1
올리브영,선케어,하니,1
올리브영,선케어,야하기에,1
올리브영,선케어,습관화,1
올리브영,선케어,뽀얗게,1
올리브영,선케어,따갑다,1
올리브영,선케어,그날,1
올리브영,선케어,붉어지거든요,1
올리브영,선케어,붉에,1
올리브영,선케어,달동,1
올리브영,선케어,만족했습니다,1
올리브영,선케어,많으시면,1
올리브영,선케어,거릴수,1
올리브영,선케어,뽀송뽀송해지는,1
올리브영,선케어,하디,1
올리브영,선케어,자재,1
올리브영,선케어,흔하고,1
올리브영,선케어,찝찝하고,1
올리브영,선케어,두껍게는,1
올리브영,선케어,미나,1
올리브영,선케어,실내,1
올리브영,선케어,여성,1
올리브영,선케어,부드럽게는,1
올리브영,선케어,괜찮더라구요,1
올리브영,선케어,앙증맞구,1
올리브영,선케어,여행가,1
올리브영,선케어,안되거나,1
올리브영,선케어,건조하면,1
올리브영,선케어,어렵더라구요,1
올리브영,선케어,아니라면,1
올리브영,선케어,상관,1
올리브영,선케어,요소,1
올리브영,선케어,처럶,1
올리브영,선케어,자세히,1
올리브영,선케어,안타,1
올리브영,선케어,있으니까,1
올리브영,선케어,댜,1
올리브영,선케어,예민,1
올리브영,선케어,묽,1
올리브영,선케어,은제,1
올리브영,선케어,직해요,1
올리브영,선케어,안될,1
올리브영,선케어,직하진,1
올리브영,선케어,직함,1
올리브영,선케어,직하다,1
올리브영,선케어,원하면서,1
올리브영,선케어,싫었는데,1
올리브영,선케어,시려서,1
올리브영,선케어,성격,1
올리브영,선케어,마일,1
올리브영,선케어,있으나,1
올리브영,선케어,심하지도,1
올리브영,선케어,맑게,1
올리브영,선케어,깨끗하니,1
올리브영,선케어,넝담,1
올리브영,선케어,진득,1
올리브영,선케어,효,1
올리브영,선케어,약속,1
올리브영,선케어,의안,1
올리브영,선케어,직합니다,1
올리브영,선케어,됫,1
올리브영,선케어,서서히,1
올리브영,선케어,지성민,1
올리브영,선케어,동기,1
올리브영,선케어,없으나,1
올리브영,선케어,불안감,1
올리브영,선케어,있었음,1
올리브영,선케어,보습제,1
올리브영,선케어,왼쪽,1
올리브영,선케어,오른쪽,1
올리브영,선케어,있듯이,1
올리브영,선케어,선젤,1
올리브영,선케어,형태,1
올리브영,선케어,반해,1
올리브영,선케어,튕겨나갈,1
올리브영,선케어,한층,1
올리브영,선케어,아니다,1
올리브영,선케어,건조해,1
올리브영,선케어,건조해져요,1
올리브영,선케어,전문의,1
올리브영,선케어,강조,1
올리브영,선케어,양은,1
올리브영,선케어,건조해지니까,1
올리브영,선케어,없다는거예요,1
올리브영,선케어,이이,1
올리브영,선케어,많게,1
올리브영,선케어,답답하면,1
올리브영,선케어,외형,1
올리브영,선케어,안치,1
올리브영,선케어,마땅히,1
올리브영,선케어,만족스러운게,1
올리브영,선케어,순해용,1
올리브영,선케어,직하니,1
올리브영,선케어,로안,1
올리브영,선케어,좋아하지만,1
올리브영,선케어,도나,1
올리브영,선케어,있을만큼,1
올리브영,선케어,만족하고,1
올리브영,선케어,첫,1
올리브영,선케어,꾸준하게,1
올리브영,선케어,따갑거나,1
올리브영,선케어,불편함을,1
올리브영,선케어,편하구요,1
올리브영,선케어,편하더라구요,1
올리브영,선케어,겉바,1
올리브영,선케어,촉,1
올리브영,선케어,보송하지만,1
올리브영,선케어,건조하실,1
올리브영,선케어,환절기,1
올리브영,선케어,튼튼하게,1
올리브영,선케어,몇몇,1
올리브영,선케어,친절한,1
올리브영,선케어,튼튼한,1
올리브영,선케어,톤보,1
올리브영,선케어,장담,1
올리브영,선케어,가기,1
올리브영,선케어,크립,1
올리브영,선케어,바램,1
올리브영,선케어,나기,1
올리브영,선케어,부드럽진,1
올리브영,선케어,쫀쫀해,1
올리브영,선케어,이내,1
올리브영,선케어,아니여서,1
올리브영,선케어,있을거라,1
올리브영,선케어,촉촉하더라구요,1
올리브영,선케어,쟁여둬,1
올리브영,선케어,쟁여,1
올리브영,선케어,이크,1
올리브영,선케어,한지,1
올리브영,선케어,대략,1
올리브영,선케어,자도,1
올리브영,선케어,완벽해요,1
올리브영,선케어,옹,1
올리브영,선케어,화사하니,1
올리브영,선케어,부드러워진,1
올리브영,선케어,닼,1
올리브영,선케어,보송보송할,1
올리브영,선케어,아니였고,1
올리브영,선케어,건조하긴,1
올리브영,선케어,건조합니다,1
올리브영,선케어,짱짱하게,1
올리브영,선케어,괜찮았어서,1
올리브영,선케어,단언컨대,1
올리브영,선케어,곱니다,1
올리브영,선케어,좋어용,1
올리브영,선케어,안됑,1
올리브영,선케어,하나로,1
올리브영,선케어,보송한,1
올리브영,선케어,분기도,1
올리브영,선케어,한결,1
올리브영,선케어,오지,1
올리브영,선케어,가능하기,1
올리브영,선케어,잘맞는다고,1
올리브영,선케어,확신,1
올리브영,선케어,물기,1
올리브영,선케어,적당해요,1
올리브영,선케어,송,1
올리브영,선케어,같다는,1
올리브영,선케어,같아서요,1
올리브영,선케어,가능하다고,1
올리브영,선케어,편해야,1
올리브영,선케어,요인,1
올리브영,선케어,시험,1
올리브영,선케어,검증,1
올리브영,선케어,간증,1
올리브영,선케어,있었구요,1
올리브영,선케어,밖,1
올리브영,선케어,무게,1
올리브영,선케어,팔이,1
올리브영,선케어,크리미,1
올리브영,선케어,아쉬워서,1
올리브영,선케어,훌륭하다,1
올리브영,선케어,있겠더라구요,1
올리브영,선케어,적극,1
올리브영,선케어,유명,1
올리브영,선케어,지라,1
올리브영,선케어,거려,1
올리브영,선케어,산뜻했습니다,1
올리브영,선케어,약모밀,1
올리브영,선케어,건강,1
올리브영,선케어,우수해서,1
올리브영,선케어,통해,1
올리브영,선케어,입증,1
올리브영,선케어,완충,1
올리브영,선케어,접착,1
올리브영,선케어,택배,1
올리브영,선케어,박스,1
올리브영,선케어,산호초,1
올리브영,선케어,가능하니,1
올리브영,선케어,하단,1
올리브영,선케어,엄지,1
올리브영,선케어,클릭,1
올리브영,선케어,없는지,1
올리브영,선케어,간지럽고,1
올리브영,선케어,잘맞는다,1
올리브영,선케어,수영장,1
올리브영,선케어,따가운게,1
올리브영,선케어,방황,1
올리브영,선케어,없던거,1
올리브영,선케어,유명하지만,1
올리브영,선케어,단연,1
올리브영,선케어,우수,1
올리브영,선케어,삭,1
올리브영,선케어,심하지는,1
올리브영,선케어,애매하고,1
올리브영,선케어,없더라고요,1
올리브영,선케어,보송한거,1
올리브영,선케어,튕겨내,1
올리브영,선케어,방식,1
올리브영,선케어,예민하기,1
올리브영,선케어,접,1
올리브영,선케어,수월하고,1
올리브영,선케어,지남,1
올리브영,선케어,여름철,1
올리브영,선케어,습하고,1
올리브영,선케어,불편하지,1
올리브영,선케어,연두색,1
올리브영,선케어,성,1
올리브영,선케어,차서,1
올리브영,선케어,싫더라고요,1
올리브영,선케어,가능해요,1
올리브영,선케어,메이크,1
올리브영,선케어,프렘,1
올리브영,선케어,다르게,1
올리브영,선케어,안좋다고,1
올리브영,선케어,실외,1
올리브영,선케어,있지는,1
올리브영,선케어,해수욕장,1
올리브영,선케어,붉어지거나,1
올리브영,선케어,그을림,1
올리브영,선케어,넉넉합니,1
올리브영,선케어,산성,1
올리브영,선케어,작고,1
올리브영,선케어,조밀하고,1
올리브영,선케어,행굼,1
올리브영,선케어,이지나,1
올리브영,선케어,아유,1
올리브영,선케어,총,1
올리브영,선케어,어린이,1
올리브영,선케어,묽음,1
올리브영,선케어,하얗다,1
올리브영,선케어,있는가,1
올리브영,선케어,실키,1
올리브영,선케어,프라이머,1
올리브영,선케어,걱,1
올리브영,선케어,여서,1
올리브영,선케어,에인절,1
올리브영,선케어,구리,1
올리브영,선케어,다반사,1
올리브영,선케어,짐,1
올리브영,선케어,보스,1
올리브영,선케어,뜻밖,1
올리브영,선케어,가림,1
올리브영,선케어,레이저,1
올리브영,선케어,주사,1
올리브영,선케어,조져진,1
올리브영,선케어,민감해졌는데,1
올리브영,선케어,낌,1
올리브영,선케어,멀어서,1
올리브영,선케어,에스테,1
올리브영,선케어,필요하다,1
올리브영,선케어,수치,1
올리브영,선케어,놀이,1
올리브영,선케어,탁월하다고,1
올리브영,선케어,거기,1
올리브영,선케어,있긴하고,1
올리브영,선케어,어렵겠어,1
올리브영,선케어,논란,1
올리브영,선케어,나선,1
올리브영,선케어,보송해지니깐,1
올리브영,선케어,자연스러워지는것,1
올리브영,선케어,흉터,1
올리브영,선케어,노화,1
올리브영,선케어,없단,1
올리브영,선케어,없는거를,1
올리브영,선케어,플루,1
올리브영,선케어,션,1
올리브영,선케어,피코,1
올리브영,선케어,흠,1
올리브영,선케어,빠릅니다,1
올리브영,선케어,고객,1
올리브영,선케어,부족하지,1
올리브영,선케어,완전히,1
올리브영,선케어,불투명한,1
올리브영,선케어,흰색,1
올리브영,선케어,매끄럽게,1
올리브영,선케어,부족하신,1
올리브영,선케어,조명,1
올리브영,선케어,라보,1
올리브영,선케어,황색,1
올리브영,선케어,적색,1
올리브영,선케어,울트라,1
올리브영,선케어,자차,1
올리브영,선케어,좋아하지,1
올리브영,선케어,중인,1
올리브영,선케어,비싼,1
올리브영,선케어,따가워지는데,1
올리브영,선케어,알러지,1
올리브영,선케어,쟁였어,1
올리브영,선케어,불만,1
올리브영,선케어,타칭,1
올리브영,선케어,괜,1
올리브영,선케어,적당량,1
올리브영,선케어,취해,1
올리브영,선케어,노출,1
올리브영,선케어,이런거,1
올리브영,선케어,쩌는데,1
올리브영,선케어,겨울철,1
올리브영,선케어,좋으니깐,1
올리브영,선케어,증말,1
올리브영,선케어,있기,1
올리브영,선케어,글쎄,1
올리브영,선케어,스트레스,1
올리브영,선케어,좋죠,1
올리브영,선케어,적하,1
올리브영,선케어,아니에요,1
올리브영,선케어,착각,1
올리브영,선케어,물이,1
올리브영,선케어,민감해지고,1
올리브영,선케어,안주,1
올리브영,선케어,카페,1
올리브영,선케어,찻,1
올리브영,선케어,찻아,1
올리브영,선케어,안드네,1
올리브영,선케어,첨부,1
올리브영,선케어,시꺼먼,1
올리브영,선케어,먼지,1
올리브영,선케어,곰팡이,1
올리브영,선케어,저런,1
올리브영,선케어,까멓,1
올리브영,선케어,염려,1
올리브영,선케어,검수,1
올리브영,선케어,찝찝해요,1
올리브영,선케어,피드백,1
올리브영,선케어,좋겠네,1
올리브영,선케어,칭,1
올리브영,선케어,탁톤,1
올리브영,선케어,호웜톤,1
올리브영,선케어,있어서요,1
올리브영,선케어,가깝습니다,1
올리브영,선케어,기유,1
올리브영,선케어,기기,1
올리브영,선케어,추천드랴,1
올리브영,선케어,어마어마해,1
올리브영,선케어,막상,1
올리브영,선케어,욥,1
올리브영,선케어,이슈,1
올리브영,선케어,있었던,1
올리브영,선케어,국내,1
올리브영,선케어,불신,1
올리브영,선케어,상겨,1
올리브영,선케어,외국,1
올리브영,선케어,위주,1
올리브영,선케어,선업,1
올리브영,선케어,균형,1
올리브영,선케어,약해요,1
올리브영,선케어,안되는것은,1
올리브영,선케어,하얗지만,1
올리브영,선케어,고루,1
올리브영,선케어,미끄럽게,1
올리브영,선케어,저항,1
올리브영,선케어,잘맞을,1
올리브영,선케어,흐,1
올리브영,선케어,타임,1
올리브영,선케어,쟁겨두,1
올리브영,선케어,강해서,1
올리브영,선케어,더욱더,1
올리브영,선케어,제피,1
올리브영,선케어,부가,1
올리브영,선케어,잉,1
올리브영,선케어,해지,1
올리브영,선케어,딱인듯,1
올리브영,선케어,핮니,1
올리브영,선케어,온몸,1
올리브영,선케어,어렷을땐,1
올리브영,선케어,무한,1
올리브영,선케어,아닌가,1
올리브영,선케어,왕오,1
올리브영,선케어,꼬,1
올리브영,선케어,강하,1
올리브영,선케어,무겁게,1
올리브영,선케어,없진,1
올리브영,선케어,탁히,1
올리브영,선케어,속눈썹,1
올리브영,선케어,양제,1
올리브영,선케어,그랬고,1
올리브영,선케어,괜찮아지긴,1
올리브영,선케어,반드시,1
올리브영,선케어,폼,1
올리브영,선케어,래야,1
올리브영,선케어,매끈하게,1
올리브영,선케어,촉촉하구요,1
올리브영,선케어,답답한거,1
올리브영,선케어,싫다고,1
올리브영,선케어,앤데,1
올리브영,선케어,답답하고,1
올리브영,선케어,시린게,1
올리브영,선케어,흡족합니다,1
올리브영,선케어,언급,1
올리브영,선케어,의심,1
올리브영,선케어,건조해요,1
올리브영,선케어,없긴,1
올리브영,선케어,추합니,1
올리브영,선케어,별루,1
올리브영,선케어,따가웠는데,1
올리브영,선케어,따가운거,1
올리브영,선케어,립스틱,1
올리브영,선케어,틴트,1
올리브영,선케어,뽀송한,1
올리브영,선케어,좋아시는,1
올리브영,선케어,안되실듯,1
올리브영,선케어,건조해여,1
올리브영,선케어,어찌,1
올리브영,선케어,난감,1
올리브영,선케어,뿔,1
올리브영,선케어,반년,1
올리브영,선케어,없었어,1
올리브영,선케어,신기하게,1
올리브영,선케어,이외,1
올리브영,선케어,건조하,1
올리브영,선케어,사려,1
올리브영,선케어,전날,1
올리브영,선케어,예민할,1
올리브영,선케어,블프세일,1
올리브영,선케어,동일하게,1
올리브영,선케어,일부,1
올리브영,선케어,착해요,1
올리브영,선케어,좋으실,1
올리브영,선케어,갇아,1
올리브영,선케어,싫으신,1
올리브영,선케어,답답할,1
올리브영,선케어,아니었습니다,1
올리브영,선케어,올인원,1
올리브영,선케어,같다,1
올리브영,선케어,순하기로,1
올리브영,선케어,플라스틱,1
올리브영,선케어,새롭게,1
올리브영,선케어,똑같은,1
올리브영,선케어,유명하다길래,1
올리브영,선케어,번건,1
올리브영,선케어,검,1
올리브영,선케어,직해서,1
올리브영,선케어,아쉽네,1
올리브영,선케어,고정,1
올리브영,선케어,착하죠,1
올리브영,선케어,부드랍,1
올리브영,선케어,습해서,1
올리브영,선케어,건조했던,1
올리브영,선케어,싫다하는,1
올리브영,선케어,팁,1
올리브영,선케어,덜하더라구요,1
올리브영,선케어,좋거든요,1
올리브영,선케어,힘들었고,1
올리브영,선케어,톡톡히,1
올리브영,선케어,기적,1
올리브영,선케어,그땔,1
올리브영,선케어,넘쳐나는데,1
올리브영,선케어,아니었지만,1
올리브영,선케어,서도,1
올리브영,선케어,베리,1
올리브영,선케어,오트밀,1
올리브영,선케어,보송하고,1
올리브영,선케어,블로그,1
올리브영,선케어,순했어요,1
올리브영,선케어,촉촉했고,1
올리브영,선케어,산뜻했어요,1
올리브영,선케어,화사해진게,1
올리브영,선케어,짱짱,1
올리브영,선케어,더라구요,1
올리브영,선케어,더울텐데,1
올리브영,선케어,에어리,1
올리브영,선케어,보송해서,1
올리브영,선케어,딱이였어요,1
올리브영,선케어,튕,1
올리브영,선케어,쓰려구요,1
올리브영,선케어,만족하실,1
올리브영,선케어,건조하거나,1
올리브영,선케어,없게,1
올리브영,선케어,아아,1
올리브영,선케어,젛어,1
올리브영,선케어,폭팔,1
올리브영,선케어,부드럽지,1
올리브영,선케어,직원,1
올리브영,선케어,그동안,1
올리브영,선케어,마트,1
올리브영,선케어,홈플,1
올리브영,선케어,환불,1
올리브영,선케어,번거로와,1
올리브영,선케어,최신,1
올리브영,선케어,대다수,1
올리브영,선케어,한가지,1
올리브영,선케어,간지러워지는데,1
올리브영,선케어,별다르게,1
올리브영,선케어,같은건,1
올리브영,선케어,같았어요,1
올리브영,선케어,충전,1
올리브영,선케어,랏,1
올리브영,선케어,부드러워져서,1
올리브영,선케어,힘들었었는데,1
올리브영,선케어,힘들진,1
올리브영,선케어,힘들었어요,1
올리브영,선케어,깜짝,1
올리브영,선케어,놀람,1
올리브영,선케어,비운,1
올리브영,선케어,없으,1
올리브영,선케어,몀,1
올리브영,선케어,안되거든요,1
올리브영,선케어,친환경,1
올리브영,선케어,재질,1
올리브영,선케어,거지,1
올리브영,선케어,디테,1
올리브영,선케어,감동,1
올리브영,선케어,같았음,1
올리브영,선케어,칭찬,1
올리브영,선케어,왕창,1
올리브영,선케어,적합한,1
올리브영,선케어,묽고,1
올리브영,선케어,촉촉해하고,1
올리브영,선케어,컴퓨터,1
올리브영,선케어,스마트폰,1
올리브영,선케어,완벽한,1
올리브영,선케어,발린,1
올리브영,선케어,순하다던데,1
올리브영,선케어,고있는거랑,1
올리브영,선케어,장만,1
올리브영,선케어,용도,1
올리브영,선케어,쌀쌀하거나,1
올리브영,선케어,기온,1
올리브영,선케어,싫어합니다,1
올리브영,선케어,싫어하거든요,1
올리브영,선케어,국민,1
올리브영,선케어,아닌가요,1
올리브영,선케어,남여,1
올리브영,선케어,있는건,1
올리브영,선케어,직접,1
올리브영,선케어,건조하기도,1
올리브영,선케어,후의,1
올리브영,선케어,들뜸은,1
올리브영,선케어,보송보송해요,1
올리브영,선케어,라이브,1
올리브영,선케어,방송,1
올리브영,선케어,중심부,1
올리브영,선케어,같은데요,1
올리브영,선케어,묽은거랑,1
올리브영,선케어,덕함,1
올리브영,선케어,익숙,1
올리브영,선케어,나쁘게,1
올리브영,선케어,힘들다고,1
올리브영,선케어,작년,1
올리브영,선케어,용한,1
올리브영,선케어,고사,1
올리브영,선케어,용해야,1
올리브영,선케어,편할,1
올리브영,선케어,초등학생,1
올리브영,선케어,여지,1
올리브영,선케어,판매,1
올리브영,선케어,용했었어요,1
올리브영,선케어,중요한건,1
올리브영,선케어,여린,1
올리브영,선케어,한징,1
올리브영,선케어,완료,1
올리브영,선케어,전주,1
올리브영,선케어,꼼꼼히잘,1
올리브영,선케어,이강,1
올리브영,선케어,딸,1
올리브영,선케어,좋아해요,1
올리브영,선케어,많지만,1
올리브영,선케어,우수하고,1
올리브영,선케어,백프로,1
올리브영,선케어,그럴지는,1
올리브영,선케어,심합니다,1
올리브영,선케어,판매량,1
올리브영,선케어,골,1
올리브영,선케어,실망했어요,1
올리브영,선케어,좋은분껜,1
올리브영,선케어,없을꺼,1
올리브영,선케어,안좋으,1
올리브영,선케어,일부러,1
올리브영,선케어,의미,1
올리브영,선케어,블,1
올리브영,선케어,레미,1
올리브영,선케어,쉬,1
올리브영,선케어,곧,1
올리브영,선케어,전이,1
올리브영,선케어,없네요,1
올리브영,선케어,포토,1
올리브영,선케어,몇개,1
올리브영,선케어,연약하고,1
올리브영,선케어,성민,1
올리브영,선케어,러,1
올리브영,선케어,건조해져서,1
올리브영,선케어,괜찮길래,1
올리브영,선케어,어쩜,1
올리브영,선케어,아니었나,1
올리브영,선케어,반대,1
올리브영,선케어,식물,1
올리브영,선케어,최강,1
올리브영,선케어,건조해지지,1
올리브영,선케어,정반대,1
올리브영,선케어,상대,1
올리브영,선케어,심함,1
올리브영,선케어,막막했는데,1
올리브영,선케어,있슴다,1
올리브영,선케어,안좋아도,1
올리브영,선케어,그러지도,1
올리브영,선케어,적절할,1
올리브영,선케어,궁금하지,1
올리브영,선케어,만족하면,1
올리브영,선케어,모기,1
올리브영,선케어,간지럽더라고요,1
올리브영,선케어,다양한,1
올리브영,선케어,차자,1
올리브영,선케어,환경오염,1
올리브영,선케어,일도,1
올리브영,선케어,안좋다는,1
올리브영,선케어,시절,1
올리브영,선케어,당시,1
올리브영,선케어,민감하거나,1
올리브영,선케어,콤,1
올리브영,선케어,미만,1
올리브영,선케어,잡,1
올리브영,선케어,인정,1
올리브영,선케어,건조하진,1
올리브영,선케어,가볍지고,1
올리브영,선케어,발효,1
올리브영,선케어,일가,1
올리브영,선케어,따가운,1
올리브영,선케어,픽,1
올리브영,선케어,구름,1
올리브영,선케어,밤,1
올리브영,선케어,없기,1
올리브영,선케어,많으신,1
올리브영,선케어,강력하게,1
올리브영,선케어,밸런스,1
올리브영,선케어,데미지,1
올리브영,선케어,적합할꺼,1
올리브영,선케어,두껍지,1
올리브영,선케어,적당했,1
올리브영,선케어,남편,1
올리브영,선케어,좋다하고,1
올리브영,선케어,건조할것,1
올리브영,선케어,같구요,1
올리브영,선케어,부족하니,1
올리브영,선케어,극악,1
올리브영,선케어,졍,1
올리브영,선케어,화학,1
올리브영,선케어,즉각,1
올리브영,선케어,건조할수도,1
올리브영,선케어,야합니당,1
올리브영,선케어,흠잡을데,1
올리브영,선케어,있다하더라구요,1
올리브영,선케어,율도,1
올리브영,선케어,년차,1
올리브영,선케어,만족하고있습니다,1
올리브영,선케어,차선,1
올리브영,선케어,직한,1
올리브영,선케어,많으,1
올리브영,선케어,번들거릴수,1
올리브영,립메이크업,색,752
올리브영,립메이크업,컬러,652
올리브영,립메이크업,입술,448
올리브영,립메이크업,립,426
올리브영,립메이크업,틴트,394
올리브영,립메이크업,지속,277
올리브영,립메이크업,발색,256
올리브영,립메이크업,느낌,246
올리브영,립메이크업,착색,234
올리브영,립메이크업,마음에 들다,211
올리브영,립메이크업,매트,204
올리브영,립메이크업,핑크,190
올리브영,립메이크업,형,184
올리브영,립메이크업,추천,163
올리브영,립메이크업,베이스,144
올리브영,립메이크업,리뉴얼,140
올리브영,립메이크업,레드,136
올리브영,립메이크업,발림성,125
올리브영,립메이크업,색감,120
올리브영,립메이크업,피치,113
올리브영,립메이크업,립스틱,106
올리브영,립메이크업,글,101
올리브영,립메이크업,쿨,95
올리브영,립메이크업,발라,94
올리브영,립메이크업,사진,91
올리브영,립메이크업,립펜슬,91
올리브영,립메이크업,전,90
올리브영,립메이크업,각질,90
올리브영,립메이크업,약간,90
올리브영,립메이크업,블러,90
올리브영,립메이크업,쿨톤,87
올리브영,립메이크업,습,84
올리브영,립메이크업,살짝,81
올리브영,립메이크업,예뻐요,81
올리브영,립메이크업,톤,76
올리브영,립메이크업,겨울,76
올리브영,립메이크업,호,75
올리브영,립메이크업,케이스,75
올리브영,립메이크업,분,74
올리브영,립메이크업,정도,73
올리브영,립메이크업,딥,72
올리브영,립메이크업,같은,72
올리브영,립메이크업,웜톤,72
올리브영,립메이크업,다른,70
올리브영,립메이크업,뮤트,69
올리브영,립메이크업,라이트,68
올리브영,립메이크업,그냥,67
올리브영,립메이크업,빛,67
올리브영,립메이크업,광,67
올리브영,립메이크업,감,66
올리브영,립메이크업,좋아,66
올리브영,립메이크업,포인트,65
올리브영,립메이크업,위,64
올리브영,립메이크업,도,64
올리브영,립메이크업,자연스러움,63
올리브영,립메이크업,코랄,62
올리브영,립메이크업,주름,61
올리브영,립메이크업,버전,61
올리브영,립메이크업,편이,60
올리브영,립메이크업,긱로즈,59
올리브영,립메이크업,기획,58
올리브영,립메이크업,부각,58
올리브영,립메이크업,롬앤,58
올리브영,립메이크업,점,56
올리브영,립메이크업,후,55
올리브영,립메이크업,그램,55
올리브영,립메이크업,그,54
올리브영,립메이크업,시간,53
올리브영,립메이크업,유지,52
올리브영,립메이크업,완전,52
올리브영,립메이크업,채도,51
올리브영,립메이크업,진,51
올리브영,립메이크업,향,50
올리브영,립메이크업,같아,49
올리브영,립메이크업,광택,49
올리브영,립메이크업,로,48
올리브영,립메이크업,자주,48
올리브영,립메이크업,디자인,47
올리브영,립메이크업,캐시미어,47
올리브영,립메이크업,쇼킹,47
올리브영,립메이크업,예쁘고,46
올리브영,립메이크업,토니모리,46
올리브영,립메이크업,밀착,45
올리브영,립메이크업,찰떡,45
올리브영,립메이크업,손,45
올리브영,립메이크업,에스쁘,45
올리브영,립메이크업,부드럽게,44
올리브영,립메이크업,표현,44
올리브영,립메이크업,쇼킹립,44
올리브영,립메이크업,부드럽고,43
올리브영,립메이크업,기존,43
올리브영,립메이크업,거의,43
올리브영,립메이크업,사람,43
올리브영,립메이크업,발리,43
올리브영,립메이크업,예쁜,43
올리브영,립메이크업,링,43
올리브영,립메이크업,여름,43
올리브영,립메이크업,예쁘게,43
올리브영,립메이크업,피부,42
올리브영,립메이크업,바로,42
올리브영,립메이크업,가을,42
올리브영,립메이크업,웜,42
올리브영,립메이크업,미,41
올리브영,립메이크업,용량,41
올리브영,립메이크업,베이지,40
올리브영,립메이크업,게,40
올리브영,립메이크업,좋았어요,40
올리브영,립메이크업,얇게,40
올리브영,립메이크업,봄웜,40
올리브영,립메이크업,로우,40
올리브영,립메이크업,베리,40
올리브영,립메이크업,다만,39
올리브영,립메이크업,질감,39
올리브영,립메이크업,조합,39
올리브영,립메이크업,용,39
올리브영,립메이크업,덧,38
올리브영,립메이크업,예뻐서,38
올리브영,립메이크업,이건,38
올리브영,립메이크업,없는,37
올리브영,립메이크업,단독,37
올리브영,립메이크업,라인,37
올리브영,립메이크업,편,37
올리브영,립메이크업,말,36
올리브영,립메이크업,패키지,36
올리브영,립메이크업,누디,36
올리브영,립메이크업,자체,36
올리브영,립메이크업,해,36
올리브영,립메이크업,역시,35
올리브영,립메이크업,걸,35
올리브영,립메이크업,그레이,35
올리브영,립메이크업,있어,34
올리브영,립메이크업,테스트,34
올리브영,립메이크업,도움,34
올리브영,립메이크업,입니,34
올리브영,립메이크업,별로,34
올리브영,립메이크업,비교,33
올리브영,립메이크업,무난,33
올리브영,립메이크업,없어서,33
올리브영,립메이크업,꼭,33
올리브영,립메이크업,팁,33
올리브영,립메이크업,뭐,33
올리브영,립메이크업,쥬시,33
올리브영,립메이크업,요즘,32
올리브영,립메이크업,누,32
올리브영,립메이크업,가장,31
올리브영,립메이크업,매장,31
올리브영,립메이크업,때문,31
올리브영,립메이크업,왜,31
올리브영,립메이크업,프,31
올리브영,립메이크업,고민,30
올리브영,립메이크업,리뷰,30
올리브영,립메이크업,끼,30
올리브영,립메이크업,립밤,30
올리브영,립메이크업,리뉴,30
올리브영,립메이크업,스팅,30
올리브영,립메이크업,없고,29
올리브영,립메이크업,가지,29
올리브영,립메이크업,확실히,29
올리브영,립메이크업,아니라,29
올리브영,립메이크업,여리,29
올리브영,립메이크업,좋아하는,28
올리브영,립메이크업,안쪽,28
올리브영,립메이크업,부분,28
올리브영,립메이크업,굉장히,28
올리브영,립메이크업,단점,28
올리브영,립메이크업,개인,28
올리브영,립메이크업,진하게,28
올리브영,립메이크업,템,28
올리브영,립메이크업,초콜릿,28
올리브영,립메이크업,메이크업,27
올리브영,립메이크업,장점,27
올리브영,립메이크업,기,27
올리브영,립메이크업,얼굴,27
올리브영,립메이크업,모두,27
올리브영,립메이크업,분위기,26
올리브영,립메이크업,쨍,26
올리브영,립메이크업,이름,26
올리브영,립메이크업,촉촉하고,26
올리브영,립메이크업,레이어,26
올리브영,립메이크업,이런,26
올리브영,립메이크업,봄,26
올리브영,립메이크업,밤,26
올리브영,립메이크업,차분한,25
올리브영,립메이크업,타입,25
올리브영,립메이크업,걱정,25
올리브영,립메이크업,예뻐,25
올리브영,립메이크업,무조건,25
올리브영,립메이크업,브,25
올리브영,립메이크업,비슷한,25
올리브영,립메이크업,볼드,25
올리브영,립메이크업,미니,24
올리브영,립메이크업,영,24
올리브영,립메이크업,사실,24
올리브영,립메이크업,만,24
올리브영,립메이크업,좋을,24
올리브영,립메이크업,오렌지,24
올리브영,립메이크업,이쁘고,24
올리브영,립메이크업,수분,24
올리브영,립메이크업,촉촉한,24
올리브영,립메이크업,품,24
올리브영,립메이크업,증정,24
올리브영,립메이크업,복숭아,24
올리브영,립메이크업,형광,24
올리브영,립메이크업,맑은,23
올리브영,립메이크업,손등,23
올리브영,립메이크업,이뻐요,23
올리브영,립메이크업,부담스럽지 않은,23
올리브영,립메이크업,다크,23
올리브영,립메이크업,적당한,23
올리브영,립메이크업,드로즈,23
올리브영,립메이크업,그런지,22
올리브영,립메이크업,꽤,22
올리브영,립메이크업,함,22
올리브영,립메이크업,다시,22
올리브영,립메이크업,진한,22
올리브영,립메이크업,이유,22
올리브영,립메이크업,모브,22
올리브영,립메이크업,덜,22
올리브영,립메이크업,상태,22
올리브영,립메이크업,로스,22
올리브영,립메이크업,계속,22
올리브영,립메이크업,새로,22
올리브영,립메이크업,양,22
올리브영,립메이크업,용기,22
올리브영,립메이크업,플러,22
올리브영,립메이크업,브라운,21
올리브영,립메이크업,웜쿨,21
올리브영,립메이크업,출시,21
올리브영,립메이크업,임,21
올리브영,립메이크업,촉촉하게,21
올리브영,립메이크업,끈,21
올리브영,립메이크업,직접,21
올리브영,립메이크업,부드러운,20
올리브영,립메이크업,수정,20
올리브영,립메이크업,벨벳,20
올리브영,립메이크업,뉴트럴,20
올리브영,립메이크업,연출,20
올리브영,립메이크업,합,20
올리브영,립메이크업,허그,20
올리브영,립메이크업,없어요,20
올리브영,립메이크업,블렌딩,20
올리브영,립메이크업,막,20
올리브영,립메이크업,물,20
올리브영,립메이크업,로사,20
올리브영,립메이크업,날,19
올리브영,립메이크업,겨쿨,19
올리브영,립메이크업,터,19
올리브영,립메이크업,드,19
올리브영,립메이크업,금방,19
올리브영,립메이크업,줄,19
올리브영,립메이크업,같,19
올리브영,립메이크업,베스트,19
올리브영,립메이크업,디블러,19
올리브영,립메이크업,착,18
올리브영,립메이크업,솔직히,18
올리브영,립메이크업,참고,18
올리브영,립메이크업,용감,18
올리브영,립메이크업,마무리,18
올리브영,립메이크업,지금,18
올리브영,립메이크업,만족,18
올리브영,립메이크업,선택,18
올리브영,립메이크업,아니고,18
올리브영,립메이크업,쿨한,18
올리브영,립메이크업,라면,18
올리브영,립메이크업,이뻐서,18
올리브영,립메이크업,두,18
올리브영,립메이크업,마크,18
올리브영,립메이크업,세트,17
올리브영,립메이크업,내용물,17
올리브영,립메이크업,다운,17
올리브영,립메이크업,그대로,17
올리브영,립메이크업,괜찮은,17
올리브영,립메이크업,보,17
올리브영,립메이크업,사이사이,17
올리브영,립메이크업,화장,17
올리브영,립메이크업,가볍게,17
올리브영,립메이크업,있는데,17
올리브영,립메이크업,조절,17
올리브영,립메이크업,현상,17
올리브영,립메이크업,무엇,17
올리브영,립메이크업,남아,17
올리브영,립메이크업,예전,17
올리브영,립메이크업,올리브영,17
올리브영,립메이크업,아래,17
올리브영,립메이크업,레이즈,17
올리브영,립메이크업,윈터,17
올리브영,립메이크업,평소,16
올리브영,립메이크업,체리,16
올리브영,립메이크업,리하,16
올리브영,립메이크업,소프트,16
올리브영,립메이크업,이쁜,16
올리브영,립메이크업,같습니다,16
올리브영,립메이크업,그런,16
올리브영,립메이크업,이쁘게,16
올리브영,립메이크업,특유,16
올리브영,립메이크업,아쉬운,16
올리브영,립메이크업,항상,16
올리브영,립메이크업,휴대,15
올리브영,립메이크업,크게,15
올리브영,립메이크업,차이,15
올리브영,립메이크업,많아서,15
올리브영,립메이크업,구,15
올리브영,립메이크업,전혀,15
올리브영,립메이크업,오히려,15
올리브영,립메이크업,실제,15
올리브영,립메이크업,굿,15
올리브영,립메이크업,좋은데,15
올리브영,립메이크업,괜찮아요,15
올리브영,립메이크업,못,15
올리브영,립메이크업,건,15
올리브영,립메이크업,흰,15
올리브영,립메이크업,가성비,15
올리브영,립메이크업,꾸뛰르,15
올리브영,립메이크업,플러핑크,15
올리브영,립메이크업,허쉬,14
올리브영,립메이크업,니트,14
올리브영,립메이크업,색력,14
올리브영,립메이크업,건조한,14
올리브영,립메이크업,전체,14
올리브영,립메이크업,가능,14
올리브영,립메이크업,움,14
올리브영,립메이크업,건조하지,14
올리브영,립메이크업,계열,14
올리브영,립메이크업,최고,14
올리브영,립메이크업,고,14
올리브영,립메이크업,뭔가,14
올리브영,립메이크업,요플레,14
올리브영,립메이크업,워낙,14
올리브영,립메이크업,세레나데,14
올리브영,립메이크업,내,14
올리브영,립메이크업,코지,13
올리브영,립메이크업,위스퍼,13
올리브영,립메이크업,끼임,13
올리브영,립메이크업,예쁩니다,13
올리브영,립메이크업,신상,13
올리브영,립메이크업,연하게,13
올리브영,립메이크업,성은,13
올리브영,립메이크업,진하고,13
올리브영,립메이크업,추가,13
올리브영,립메이크업,좋아해서,13
올리브영,립메이크업,촉촉립,13
올리브영,립메이크업,비슷하게,13
올리브영,립메이크업,최애,13
올리브영,립메이크업,불구,13
올리브영,립메이크업,많은,13
올리브영,립메이크업,나쁘지,13
올리브영,립메이크업,다소,13
올리브영,립메이크업,광기,13
올리브영,립메이크업,의사,13
올리브영,립메이크업,연한,13
올리브영,립메이크업,광도,13
올리브영,립메이크업,단종,13
올리브영,립메이크업,펜슬,13
올리브영,립메이크업,냄새,13
올리브영,립메이크업,따뜻한,12
올리브영,립메이크업,예,12
올리브영,립메이크업,하루,12
올리브영,립메이크업,같은데,12
올리브영,립메이크업,둘,12
올리브영,립메이크업,촉촉,12
올리브영,립메이크업,뒤,12
올리브영,립메이크업,가볍고,12
올리브영,립메이크업,산,12
올리브영,립메이크업,테스,12
올리브영,립메이크업,달라,12
올리브영,립메이크업,텍스처,12
올리브영,립메이크업,의,12
올리브영,립메이크업,듭니,12
올리브영,립메이크업,괜찮고,12
올리브영,립메이크업,생얼,12
올리브영,립메이크업,입,12
올리브영,립메이크업,활용,12
올리브영,립메이크업,사이,12
올리브영,립메이크업,만족합니다,12
올리브영,립메이크업,커버,12
올리브영,립메이크업,생기,12
올리브영,립메이크업,나중,12
올리브영,립메이크업,붉은,12
올리브영,립메이크업,기분,12
올리브영,립메이크업,인생,12
올리브영,립메이크업,그라데이션,12
올리브영,립메이크업,피,12
올리브영,립메이크업,명도,12
올리브영,립메이크업,미아,12
올리브영,립메이크업,쟁여두고 싶은,12
올리브영,립메이크업,오드,12
올리브영,립메이크업,밥,12
올리브영,립메이크업,페탈,12
올리브영,립메이크업,확인,12
올리브영,립메이크업,품절,12
올리브영,립메이크업,좋다고,12
올리브영,립메이크업,편안한,11
올리브영,립메이크업,더욱,11
올리브영,립메이크업,은근,11
올리브영,립메이크업,남,11
올리브영,립메이크업,형도,11
올리브영,립메이크업,방울,11
올리브영,립메이크업,장미,11
올리브영,립메이크업,효과,11
올리브영,립메이크업,오버,11
올리브영,립메이크업,있었어요,11
올리브영,립메이크업,면서,11
올리브영,립메이크업,싹,11
올리브영,립메이크업,뚜껑,11
올리브영,립메이크업,두루,11
올리브영,립메이크업,거리,11
올리브영,립메이크업,보이,11
올리브영,립메이크업,크기,11
올리브영,립메이크업,작아서,11
올리브영,립메이크업,살,11
올리브영,립메이크업,예쁜데,11
올리브영,립메이크업,대박,11
올리브영,립메이크업,랄,11
올리브영,립메이크업,완벽한,11
올리브영,립메이크업,보정,11
올리브영,립메이크업,개선,11
올리브영,립메이크업,제발,11
올리브영,립메이크업,결,11
올리브영,립메이크업,나름,11
올리브영,립메이크업,핑잘봄,11
올리브영,립메이크업,이뻐,11
올리브영,립메이크업,카다,11
올리브영,립메이크업,전이,11
올리브영,립메이크업,유명한,11
올리브영,립메이크업,맑고,11
올리브영,립메이크업,굳이,11
올리브영,립메이크업,촉촉해서,11
올리브영,립메이크업,쁘,11
올리브영,립메이크업,핑키,11
올리브영,립메이크업,얼마,11
올리브영,립메이크업,제외,11
올리브영,립메이크업,피그블리,11
올리브영,립메이크업,고급스러운,10
올리브영,립메이크업,강한,10
올리브영,립메이크업,은은한,10
올리브영,립메이크업,여러,10
올리브영,립메이크업,종일,10
올리브영,립메이크업,사고,10
올리브영,립메이크업,땐,10
올리브영,립메이크업,구성,10
올리브영,립메이크업,도전,10
올리브영,립메이크업,미쳤어요,10
올리브영,립메이크업,크리미,10
올리브영,립메이크업,혈색,10
올리브영,립메이크업,선물,10
올리브영,립메이크업,기도,10
올리브영,립메이크업,검지,10
올리브영,립메이크업,쉐입,10
올리브영,립메이크업,자꾸,10
올리브영,립메이크업,중이,10
올리브영,립메이크업,시한,10
올리브영,립메이크업,통,10
올리브영,립메이크업,주문,10
올리브영,립메이크업,보습,10
올리브영,립메이크업,같고,10
올리브영,립메이크업,미지,10
올리브영,립메이크업,필수,10
올리브영,립메이크업,이전,10
올리브영,립메이크업,취향,10
올리브영,립메이크업,젤,10
올리브영,립메이크업,칭찬,10
올리브영,립메이크업,뭘,10
올리브영,립메이크업,펜,10
올리브영,립메이크업,쥬쥬,10
올리브영,립메이크업,난,10
올리브영,립메이크업,트루,10
올리브영,립메이크업,이제,10
올리브영,립메이크업,적임,10
올리브영,립메이크업,보시,10
올리브영,립메이크업,있을,10
올리브영,립메이크업,본인,10
올리브영,립메이크업,눈,10
올리브영,립메이크업,기대,10
올리브영,립메이크업,아닌데,10
올리브영,립메이크업,에스,10
올리브영,립메이크업,버니,10
올리브영,립메이크업,퓌,10
올리브영,립메이크업,비키,10
올리브영,립메이크업,푸딩팟,10
올리브영,립메이크업,텍스트,9
올리브영,립메이크업,쿨하고,9
올리브영,립메이크업,엄마,9
올리브영,립메이크업,상세,9
올리브영,립메이크업,깔끔하게,9
올리브영,립메이크업,보송하게,9
올리브영,립메이크업,매력,9
올리브영,립메이크업,건조해서,9
올리브영,립메이크업,럼,9
올리브영,립메이크업,절대,9
올리브영,립메이크업,무슨,9
올리브영,립메이크업,안나,9
올리브영,립메이크업,포근한,9
올리브영,립메이크업,정교한,9
올리브영,립메이크업,엣지,9
올리브영,립메이크업,모양,9
올리브영,립메이크업,달달,9
올리브영,립메이크업,쿨브,9
올리브영,립메이크업,정석,9
올리브영,립메이크업,용도,9
올리브영,립메이크업,포장,9
올리브영,립메이크업,가요,9
올리브영,립메이크업,덕분,9
올리브영,립메이크업,퍼스,9
올리브영,립메이크업,널,9
올리브영,립메이크업,사랑,9
올리브영,립메이크업,아니지만,9
올리브영,립메이크업,신경,9
올리브영,립메이크업,좋지,9
올리브영,립메이크업,도감,9
올리브영,립메이크업,첫,9
올리브영,립메이크업,포도,9
올리브영,립메이크업,맛,9
올리브영,립메이크업,전보,9
올리브영,립메이크업,여리한,9
올리브영,립메이크업,만족해요,9
올리브영,립메이크업,이쁨,9
올리브영,립메이크업,강추,9
올리브영,립메이크업,문제,9
올리브영,립메이크업,쫀쫀,9
올리브영,립메이크업,진저,9
올리브영,립메이크업,펀치,9
올리브영,립메이크업,아닌,9
올리브영,립메이크업,안보,9
올리브영,립메이크업,플럼디헬,9
올리브영,립메이크업,가능할,9
올리브영,립메이크업,버디,8
올리브영,립메이크업,어떤,8
올리브영,립메이크업,고급,8
올리브영,립메이크업,아님,8
올리브영,립메이크업,마스크,8
올리브영,립메이크업,친구,8
올리브영,립메이크업,뻑뻑,8
올리브영,립메이크업,각인,8
올리브영,립메이크업,공홈,8
올리브영,립메이크업,선명한,8
올리브영,립메이크업,답,8
올리브영,립메이크업,아침,8
올리브영,립메이크업,짐,8
올리브영,립메이크업,강하게,8
올리브영,립메이크업,매,8
올리브영,립메이크업,오일,8
올리브영,립메이크업,불렛,8
올리브영,립메이크업,예상,8
올리브영,립메이크업,가끔,8
올리브영,립메이크업,브릭,8
올리브영,립메이크업,손가락,8
올리브영,립메이크업,매끈하게,8
올리브영,립메이크업,알,8
올리브영,립메이크업,소화,8
올리브영,립메이크업,강하지,8
올리브영,립메이크업,얇고,8
올리브영,립메이크업,맑게,8
올리브영,립메이크업,만족합니,8
올리브영,립메이크업,앞,8
올리브영,립메이크업,돈,8
올리브영,립메이크업,없어,8
올리브영,립메이크업,투명한,8
올리브영,립메이크업,사은,8
올리브영,립메이크업,갈웜,8
올리브영,립메이크업,있게,8
올리브영,립메이크업,다양한,8
올리브영,립메이크업,은은하게,8
올리브영,립메이크업,외출,8
올리브영,립메이크업,테,8
올리브영,립메이크업,주황,8
올리브영,립메이크업,쪽,8
올리브영,립메이크업,기본,8
올리브영,립메이크업,아이,8
올리브영,립메이크업,스킨,8
올리브영,립메이크업,어떻게,8
올리브영,립메이크업,소르베,8
올리브영,립메이크업,어,8
올리브영,립메이크업,볼,8
올리브영,립메이크업,필요,8
올리브영,립메이크업,주머니,8
올리브영,립메이크업,별,8
올리브영,립메이크업,아쉬워,8
올리브영,립메이크업,린,8
올리브영,립메이크업,해도,8
올리브영,립메이크업,플럼핑,8
올리브영,립메이크업,좋더라구요,8
올리브영,립메이크업,없음,8
올리브영,립메이크업,변색,8
올리브영,립메이크업,키,8
올리브영,립메이크업,자몽,8
올리브영,립메이크업,건조하고,8
올리브영,립메이크업,긱로,8
올리브영,립메이크업,아쉽고,8
올리브영,립메이크업,이상,8
올리브영,립메이크업,무광,8
올리브영,립메이크업,저렴해서,8
올리브영,립메이크업,특별한,7
올리브영,립메이크업,룩,7
올리브영,립메이크업,집,7
올리브영,립메이크업,처럼,7
올리브영,립메이크업,편하게,7
올리브영,립메이크업,웜하,7
올리브영,립메이크업,휴지,7
올리브영,립메이크업,그럼,7
올리브영,립메이크업,질부,7
올리브영,립메이크업,동생,7
올리브영,립메이크업,그게,7
올리브영,립메이크업,보통,7
올리브영,립메이크업,설명,7
올리브영,립메이크업,추,7
올리브영,립메이크업,매끄럽게,7
올리브영,립메이크업,고급스럽고,7
올리브영,립메이크업,소재,7
올리브영,립메이크업,위해,7
올리브영,립메이크업,다르게,7
올리브영,립메이크업,굴곡,7
올리브영,립메이크업,기준,7
올리브영,립메이크업,무드,7
올리브영,립메이크업,원하는,7
올리브영,립메이크업,주기,7
올리브영,립메이크업,스타일,7
올리브영,립메이크업,선호,7
올리브영,립메이크업,몇번,7
올리브영,립메이크업,좋았습니다,7
올리브영,립메이크업,은,7
올리브영,립메이크업,당황,7
올리브영,립메이크업,아니,7
올리브영,립메이크업,예쁘네요,7
올리브영,립메이크업,묘,7
올리브영,립메이크업,답답하지,7
올리브영,립메이크업,몇,7
올리브영,립메이크업,고급스러,7
올리브영,립메이크업,많은데,7
올리브영,립메이크업,심하지,7
올리브영,립메이크업,순간,7
올리브영,립메이크업,세번,7
올리브영,립메이크업,오늘,7
올리브영,립메이크업,충분히,7
올리브영,립메이크업,컨디션,7
올리브영,립메이크업,있었는데,7
올리브영,립메이크업,높은,7
올리브영,립메이크업,베,7
올리브영,립메이크업,아가씨,7
올리브영,립메이크업,피그,7
올리브영,립메이크업,홍조,7
올리브영,립메이크업,포멜로,7
올리브영,립메이크업,진하지,7
올리브영,립메이크업,아쉽,7
올리브영,립메이크업,리,7
올리브영,립메이크업,베이,7
올리브영,립메이크업,런가,7
올리브영,립메이크업,파파야,7
올리브영,립메이크업,진해서,7
올리브영,립메이크업,믹스,7
올리브영,립메이크업,궁금해서,7
올리브영,립메이크업,페어리,7
올리브영,립메이크업,니,7
올리브영,립메이크업,같긴,7
올리브영,립메이크업,빠르게,7
올리브영,립메이크업,워터,7
올리브영,립메이크업,립글로즈,7
올리브영,립메이크업,애플,7
올리브영,립메이크업,살구,7
올리브영,립메이크업,원하던,7
올리브영,립메이크업,립펜,7
올리브영,립메이크업,데이,7
올리브영,립메이크업,글레이,7
올리브영,립메이크업,루비,7
올리브영,립메이크업,타투,7
올리브영,립메이크업,사이즈,7
올리브영,립메이크업,덜해여,7
올리브영,립메이크업,소생,7
올리브영,립메이크업,마미,7
올리브영,립메이크업,불가해,7
올리브영,립메이크업,속,6
올리브영,립메이크업,던데,6
올리브영,립메이크업,관리,6
올리브영,립메이크업,뉴트럴톤,6
올리브영,립메이크업,정리,6
올리브영,립메이크업,메,6
올리브영,립메이크업,아쉽네요,6
올리브영,립메이크업,최근,6
올리브영,립메이크업,각도,6
올리브영,립메이크업,겹,6
올리브영,립메이크업,거나,6
올리브영,립메이크업,여기,6
올리브영,립메이크업,건조함,6
올리브영,립메이크업,아니라서,6
올리브영,립메이크업,필요해서,6
올리브영,립메이크업,텍스쳐,6
올리브영,립메이크업,여리여,6
올리브영,립메이크업,완성,6
올리브영,립메이크업,초,6
올리브영,립메이크업,발색샷,6
올리브영,립메이크업,가벼운,6
올리브영,립메이크업,예쁩니,6
올리브영,립메이크업,없네요,6
올리브영,립메이크업,같음,6
올리브영,립메이크업,예쁨,6
올리브영,립메이크업,통째,6
올리브영,립메이크업,상관없이,6
올리브영,립메이크업,양도,6
올리브영,립메이크업,세련된,6
올리브영,립메이크업,부족한,6
올리브영,립메이크업,연하고,6
올리브영,립메이크업,듭니당,6
올리브영,립메이크업,온,6
올리브영,립메이크업,보라,6
올리브영,립메이크업,다양하게,6
올리브영,립메이크업,그래두,6
올리브영,립메이크업,차라리,6
올리브영,립메이크업,핑,6
올리브영,립메이크업,음,6
올리브영,립메이크업,좋아하시면,6
올리브영,립메이크업,겉,6
올리브영,립메이크업,스머징,6
올리브영,립메이크업,같지만,6
올리브영,립메이크업,얇은,6
올리브영,립메이크업,쏙,6
올리브영,립메이크업,픽,6
올리브영,립메이크업,파우치,6
올리브영,립메이크업,선,6
올리브영,립메이크업,형광등,6
올리브영,립메이크업,등,6
올리브영,립메이크업,대부분,6
올리브영,립메이크업,아예,6
올리브영,립메이크업,립글로스,6
올리브영,립메이크업,얘,6
올리브영,립메이크업,소량,6
올리브영,립메이크업,얼룩덜룩하게,6
올리브영,립메이크업,확,6
올리브영,립메이크업,노란,6
올리브영,립메이크업,예쁘,6
올리브영,립메이크업,하트,6
올리브영,립메이크업,두운,6
올리브영,립메이크업,갠,6
올리브영,립메이크업,아쉬웠어요,6
올리브영,립메이크업,대신,6
올리브영,립메이크업,중간,6
올리브영,립메이크업,비슷해서,6
올리브영,립메이크업,할인,6
올리브영,립메이크업,있,6
올리브영,립메이크업,가방,6
올리브영,립메이크업,인,6
올리브영,립메이크업,붉,6
올리브영,립메이크업,편입,6
올리브영,립메이크업,다홍,6
올리브영,립메이크업,촉촉함이,6
올리브영,립메이크업,컬,6
올리브영,립메이크업,흔한,6
올리브영,립메이크업,비슷하지만,6
올리브영,립메이크업,버튼,6
올리브영,립메이크업,통카,6
올리브영,립메이크업,주로,6
올리브영,립메이크업,비슷,6
올리브영,립메이크업,로지,6
올리브영,립메이크업,챡,6
올리브영,립메이크업,힌스,6
올리브영,립메이크업,막상,6
올리브영,립메이크업,컬렉션,6
올리브영,립메이크업,딥톤,6
올리브영,립메이크업,이후,6
올리브영,립메이크업,없는데,6
올리브영,립메이크업,물티슈,6
올리브영,립메이크업,좋고요,6
올리브영,립메이크업,있으나,6
올리브영,립메이크업,물놀이,6
올리브영,립메이크업,졸업식,6
올리브영,립메이크업,힙,6
올리브영,립메이크업,차분하면서도,5
올리브영,립메이크업,누드,5
올리브영,립메이크업,실용,5
올리브영,립메이크업,제공,5
올리브영,립메이크업,작고,5
올리브영,립메이크업,차분하고,5
올리브영,립메이크업,낮은,5
올리브영,립메이크업,힘,5
올리브영,립메이크업,드뮤어룩,5
올리브영,립메이크업,좋겠어,5
올리브영,립메이크업,같았어요,5
올리브영,립메이크업,드뮤어,5
올리브영,립메이크업,유행,5
올리브영,립메이크업,좋네,5
올리브영,립메이크업,없습니다,5
올리브영,립메이크업,같네,5
올리브영,립메이크업,가까운,5
올리브영,립메이크업,쓰리,5
올리브영,립메이크업,씨,5
올리브영,립메이크업,쌩,5
올리브영,립메이크업,있음,5
올리브영,립메이크업,각,5
올리브영,립메이크업,좋았어용,5
올리브영,립메이크업,좋아하는데,5
올리브영,립메이크업,최적,5
올리브영,립메이크업,배합,5
올리브영,립메이크업,적용,5
올리브영,립메이크업,경량,5
올리브영,립메이크업,같지,5
올리브영,립메이크업,착안,5
올리브영,립메이크업,감촉,5
올리브영,립메이크업,화사한,5
올리브영,립메이크업,부드러워서,5
올리브영,립메이크업,끝,5
올리브영,립메이크업,봄웜톤,5
올리브영,립메이크업,패키징,5
올리브영,립메이크업,자마자,5
올리브영,립메이크업,후회,5
올리브영,립메이크업,특징,5
올리브영,립메이크업,활,5
올리브영,립메이크업,쨍하,5
올리브영,립메이크업,물건,5
올리브영,립메이크업,좋다,5
올리브영,립메이크업,좋았고,5
올리브영,립메이크업,마자,5
올리브영,립메이크업,좋다는,5
올리브영,립메이크업,결론,5
올리브영,립메이크업,제거,5
올리브영,립메이크업,성과,5
올리브영,립메이크업,저번,5
올리브영,립메이크업,갑자기,5
올리브영,립메이크업,언제,5
올리브영,립메이크업,저렴하게,5
올리브영,립메이크업,아쉽지만,5
올리브영,립메이크업,사시,5
올리브영,립메이크업,장가,5
올리브영,립메이크업,있더라구요,5
올리브영,립메이크업,듭,5
올리브영,립메이크업,가능한,5
올리브영,립메이크업,있었고,5
올리브영,립메이크업,솔직,5
올리브영,립메이크업,미지근한,5
올리브영,립메이크업,동안,5
올리브영,립메이크업,최대한,5
올리브영,립메이크업,있으면,5
올리브영,립메이크업,덜한,5
올리브영,립메이크업,새로운,5
올리브영,립메이크업,준,5
올리브영,립메이크업,비슷한데,5
올리브영,립메이크업,말간,5
올리브영,립메이크업,클리오,5
올리브영,립메이크업,있긴,5
올리브영,립메이크업,피오,5
올리브영,립메이크업,투명,5
올리브영,립메이크업,특색,5
올리브영,립메이크업,귤,5
올리브영,립메이크업,연해서,5
올리브영,립메이크업,없을,5
올리브영,립메이크업,핑크색,5
올리브영,립메이크업,괜찮아,5
올리브영,립메이크업,아쉬워요,5
올리브영,립메이크업,모,5
올리브영,립메이크업,도토리,5
올리브영,립메이크업,인기,5
올리브영,립메이크업,채,5
올리브영,립메이크업,지도,5
올리브영,립메이크업,아쉬움,5
올리브영,립메이크업,로시,5
올리브영,립메이크업,꽃,5
올리브영,립메이크업,너,5
올리브영,립메이크업,팝,5
올리브영,립메이크업,좋게,5
올리브영,립메이크업,탕후루,5
올리브영,립메이크업,두번째,5
올리브영,립메이크업,너므,5
올리브영,립메이크업,만족스러운,5
올리브영,립메이크업,좋진,5
올리브영,립메이크업,크림,5
올리브영,립메이크업,가능해서,5
올리브영,립메이크업,웨이,5
올리브영,립메이크업,포,5
올리브영,립메이크업,경우,5
올리브영,립메이크업,거기,5
올리브영,립메이크업,진심,5
올리브영,립메이크업,여행,5
올리브영,립메이크업,작은,5
올리브영,립메이크업,음파,5
올리브영,립메이크업,은기,5
올리브영,립메이크업,햇,5
올리브영,립메이크업,예쁘다는,5
올리브영,립메이크업,마르는,5
올리브영,립메이크업,그렇고,5
올리브영,립메이크업,유니크,5
올리브영,립메이크업,그닥,5
올리브영,립메이크업,카메라,5
올리브영,립메이크업,당장,5
올리브영,립메이크업,립라이너,5
올리브영,립메이크업,예뻐용,5
올리브영,립메이크업,괜찮았어요,5
올리브영,립메이크업,지지,5
올리브영,립메이크업,비싼,5
올리브영,립메이크업,젤리,5
올리브영,립메이크업,달리,5
올리브영,립메이크업,점자,5
올리브영,립메이크업,주변,5
올리브영,립메이크업,아니면,5
올리브영,립메이크업,포카,5
올리브영,립메이크업,페리페라,5
올리브영,립메이크업,컷,5
올리브영,립메이크업,엽서,5
올리브영,립메이크업,마냥,5
올리브영,립메이크업,도포,5
올리브영,립메이크업,페탈쇼킹,5
올리브영,립메이크업,있네요,5
올리브영,립메이크업,티슈,5
올리브영,립메이크업,특성,5
올리브영,립메이크업,번트,5
올리브영,립메이크업,궁금했는데,5
올리브영,립메이크업,골도,5
올리브영,립메이크업,골,5
올리브영,립메이크업,없이퓌,5
올리브영,립메이크업,가운데,5
올리브영,립메이크업,중요한,4
올리브영,립메이크업,저녁,4
올리브영,립메이크업,미는,4
올리브영,립메이크업,주어,4
올리브영,립메이크업,전반,4
올리브영,립메이크업,일해,4
올리브영,립메이크업,사이드,4
올리브영,립메이크업,관심,4
올리브영,립메이크업,밖,4
올리브영,립메이크업,를,4
올리브영,립메이크업,언니,4
올리브영,립메이크업,멀한,4
올리브영,립메이크업,로드,4
올리브영,립메이크업,예쁘지만,4
올리브영,립메이크업,치,4
올리브영,립메이크업,사면,4
올리브영,립메이크업,자연스러워,4
올리브영,립메이크업,건데,4
올리브영,립메이크업,포슬,4
올리브영,립메이크업,퍼컬,4
올리브영,립메이크업,진단,4
올리브영,립메이크업,토프,4
올리브영,립메이크업,건조할,4
올리브영,립메이크업,건조함이,4
올리브영,립메이크업,먼저,4
올리브영,립메이크업,사지,4
올리브영,립메이크업,반면,4
올리브영,립메이크업,차분해서,4
올리브영,립메이크업,누구,4
올리브영,립메이크업,같기도,4
올리브영,립메이크업,재,4
올리브영,립메이크업,건조,4
올리브영,립메이크업,윤기,4
올리브영,립메이크업,확실하게,4
올리브영,립메이크업,세미,4
올리브영,립메이크업,폭,4
올리브영,립메이크업,슬릭,4
올리브영,립메이크업,편하고,4
올리브영,립메이크업,좀더,4
올리브영,립메이크업,좋겠어요,4
올리브영,립메이크업,있을거,4
올리브영,립메이크업,건조하게,4
올리브영,립메이크업,두께,4
올리브영,립메이크업,아이템,4
올리브영,립메이크업,유독,4
올리브영,립메이크업,스틱,4
올리브영,립메이크업,쨍해,4
올리브영,립메이크업,푸른,4
올리브영,립메이크업,박스,4
올리브영,립메이크업,색조,4
올리브영,립메이크업,덕,4
올리브영,립메이크업,퀄리티,4
올리브영,립메이크업,맛집,4
올리브영,립메이크업,음각,4
올리브영,립메이크업,강력,4
올리브영,립메이크업,만족스러워서,4
올리브영,립메이크업,메인,4
올리브영,립메이크업,레전드,4
올리브영,립메이크업,한편,4
올리브영,립메이크업,매일,4
올리브영,립메이크업,귀엽고,4
올리브영,립메이크업,안심,4
올리브영,립메이크업,드네,4
올리브영,립메이크업,좋았,4
올리브영,립메이크업,시,4
올리브영,립메이크업,정교하게,4
올리브영,립메이크업,칼라,4
올리브영,립메이크업,웜톤들,4
올리브영,립메이크업,우선,4
올리브영,립메이크업,수가,4
올리브영,립메이크업,이미지,4
올리브영,립메이크업,역,4
올리브영,립메이크업,이쁜데,4
올리브영,립메이크업,포기,4
올리브영,립메이크업,블랜딩,4
올리브영,립메이크업,번만,4
올리브영,립메이크업,유명해서,4
올리브영,립메이크업,바람,4
올리브영,립메이크업,스푼,4
올리브영,립메이크업,은색,4
올리브영,립메이크업,더라구요,4
올리브영,립메이크업,마지막,4
올리브영,립메이크업,체리밤,4
올리브영,립메이크업,분홍,4
올리브영,립메이크업,처리,4
올리브영,립메이크업,차분하게,4
올리브영,립메이크업,스파,4
올리브영,립메이크업,오묘한,4
올리브영,립메이크업,필링,4
올리브영,립메이크업,앵두,4
올리브영,립메이크업,더쥬시,4
올리브영,립메이크업,두껍게,4
올리브영,립메이크업,뉴얼,4
올리브영,립메이크업,기억,4
올리브영,립메이크업,아름다운,4
올리브영,립메이크업,멀,4
올리브영,립메이크업,절,4
올리브영,립메이크업,청순,4
올리브영,립메이크업,쥬쥬브,4
올리브영,립메이크업,점점,4
올리브영,립메이크업,다행,4
올리브영,립메이크업,요약,4
올리브영,립메이크업,첨부,4
올리브영,립메이크업,있던,4
올리브영,립메이크업,이면,4
올리브영,립메이크업,쥬,4
올리브영,립메이크업,봉,4
올리브영,립메이크업,제겐,4
올리브영,립메이크업,감안,4
올리브영,립메이크업,비슷해요,4
올리브영,립메이크업,뽀용,4
올리브영,립메이크업,입구,4
올리브영,립메이크업,심지어,4
올리브영,립메이크업,로만,4
올리브영,립메이크업,봄웜라,4
올리브영,립메이크업,케이,4
올리브영,립메이크업,봄브,4
올리브영,립메이크업,꿀광,4
올리브영,립메이크업,촉촉해,4
올리브영,립메이크업,회색,4
올리브영,립메이크업,여러분,4
올리브영,립메이크업,사탕,4
올리브영,립메이크업,탁,4
올리브영,립메이크업,귀여워요,4
올리브영,립메이크업,진해,4
올리브영,립메이크업,로즈,4
올리브영,립메이크업,패딩,4
올리브영,립메이크업,쌩얼,4
올리브영,립메이크업,없다,4
올리브영,립메이크업,촉촉한데,4
올리브영,립메이크업,청순하고,4
올리브영,립메이크업,없었는데,4
올리브영,립메이크업,새롭게,4
올리브영,립메이크업,장난감,4
올리브영,립메이크업,건조해져서,4
올리브영,립메이크업,괜찮을,4
올리브영,립메이크업,이자,4
올리브영,립메이크업,여쿨봄웜,4
올리브영,립메이크업,브랜드,4
올리브영,립메이크업,소식,4
올리브영,립메이크업,전부,4
올리브영,립메이크업,엄청난,4
올리브영,립메이크업,투명하고,4
올리브영,립메이크업,인척,4
올리브영,립메이크업,제품디자인,4
올리브영,립메이크업,그랬어요,4
올리브영,립메이크업,꽃잎,4
올리브영,립메이크업,쉬,4
올리브영,립메이크업,산딸기,4
올리브영,립메이크업,과즙,4
올리브영,립메이크업,션,4
올리브영,립메이크업,카라멜,4
올리브영,립메이크업,글램,4
올리브영,립메이크업,땜,4
올리브영,립메이크업,부탁드려요,4
올리브영,립메이크업,존재,4
올리브영,립메이크업,음료,4
올리브영,립메이크업,소문,4
올리브영,립메이크업,형감,4
올리브영,립메이크업,스,4
올리브영,립메이크업,어디,4
올리브영,립메이크업,샘플,4
올리브영,립메이크업,없,4
올리브영,립메이크업,만족하고,4
올리브영,립메이크업,건성,4
올리브영,립메이크업,슬로,4
올리브영,립메이크업,외곽,4
올리브영,립메이크업,이쁩니다,4
올리브영,립메이크업,죽,4
올리브영,립메이크업,아쉽습니다,4
올리브영,립메이크업,적,4
올리브영,립메이크업,불편한,4
올리브영,립메이크업,쿠션,4
올리브영,립메이크업,옅게,4
올리브영,립메이크업,사려,4
올리브영,립메이크업,삼,4
올리브영,립메이크업,초코,4
올리브영,립메이크업,짱,4
올리브영,립메이크업,기대하고,4
올리브영,립메이크업,가능해요,4
올리브영,립메이크업,꿀,4
올리브영,립메이크업,난리,4
올리브영,립메이크업,여러가지,4
올리브영,립메이크업,옛날,4
올리브영,립메이크업,모해,4
올리브영,립메이크업,야합니다,4
올리브영,립메이크업,토마토,4
올리브영,립메이크업,실수,4
올리브영,립메이크업,갑,4
올리브영,립메이크업,명,4
올리브영,립메이크업,면봉,4
올리브영,립메이크업,부탁드립니다,4
올리브영,립메이크업,살몬,4
올리브영,립메이크업,블러셔,4
올리브영,립메이크업,블랙,4
올리브영,립메이크업,길지,4
올리브영,립메이크업,필요해,4
올리브영,립메이크업,작아,4
올리브영,립메이크업,마롱,4
올리브영,립메이크업,우아한,3
올리브영,립메이크업,데이트,3
올리브영,립메이크업,화사하게,3
올리브영,립메이크업,무늬,3
올리브영,립메이크업,시즌,3
올리브영,립메이크업,위주,3
올리브영,립메이크업,있길래,3
올리브영,립메이크업,궁금했던,3
올리브영,립메이크업,쿨하지,3
올리브영,립메이크업,촉감,3
올리브영,립메이크업,강경,3
올리브영,립메이크업,가을웜톤,3
올리브영,립메이크업,백화점,3
올리브영,립메이크업,며칠,3
올리브영,립메이크업,계절,3
올리브영,립메이크업,없었던,3
올리브영,립메이크업,심플,3
올리브영,립메이크업,음영,3
올리브영,립메이크업,괜찮네요,3
올리브영,립메이크업,보드랍게,3
올리브영,립메이크업,콩떡,3
올리브영,립메이크업,양각,3
올리브영,립메이크업,디테,3
올리브영,립메이크업,답답함,3
올리브영,립메이크업,뮽,3
올리브영,립메이크업,라이,3
올리브영,립메이크업,그것,3
올리브영,립메이크업,빨강,3
올리브영,립메이크업,어플,3
올리브영,립메이크업,요런,3
올리브영,립메이크업,부드러워요,3
올리브영,립메이크업,이뻐용,3
올리브영,립메이크업,꼼꼼히,3
올리브영,립메이크업,제대로,3
올리브영,립메이크업,한참,3
올리브영,립메이크업,매끈한,3
올리브영,립메이크업,퓨어,3
올리브영,립메이크업,발린,3
올리브영,립메이크업,완벽,3
올리브영,립메이크업,편안하더라구요,3
올리브영,립메이크업,아쉽긴,3
올리브영,립메이크업,컬런데,3
올리브영,립메이크업,예쁘더라구요,3
올리브영,립메이크업,딱이에,3
올리브영,립메이크업,있답니다,3
올리브영,립메이크업,다르긴,3
올리브영,립메이크업,있기,3
올리브영,립메이크업,손발,3
올리브영,립메이크업,이구,3
올리브영,립메이크업,짙은,3
올리브영,립메이크업,원해서,3
올리브영,립메이크업,마젠타,3
올리브영,립메이크업,시도,3
올리브영,립메이크업,무겁지,3
올리브영,립메이크업,편안해서,3
올리브영,립메이크업,얼룩,3
올리브영,립메이크업,균일하게,3
올리브영,립메이크업,페이지,3
올리브영,립메이크업,장난,3
올리브영,립메이크업,당연히,3
올리브영,립메이크업,맥,3
올리브영,립메이크업,브러시,3
올리브영,립메이크업,뮤,3
올리브영,립메이크업,뛰어나,3
올리브영,립메이크업,깊이,3
올리브영,립메이크업,편안하게,3
올리브영,립메이크업,편해요,3
올리브영,립메이크업,안색,3
올리브영,립메이크업,도록,3
올리브영,립메이크업,조심스러워,3
올리브영,립메이크업,발견,3
올리브영,립메이크업,픽싱되,3
올리브영,립메이크업,많지만,3
올리브영,립메이크업,길,3
올리브영,립메이크업,만큼,3
올리브영,립메이크업,데일,3
올리브영,립메이크업,바깥쪽,3
올리브영,립메이크업,대충,3
올리브영,립메이크업,정,3
올리브영,립메이크업,지난,3
올리브영,립메이크업,가기,3
올리브영,립메이크업,보송한,3
올리브영,립메이크업,저격,3
올리브영,립메이크업,이슈,3
올리브영,립메이크업,좋아했는데,3
올리브영,립메이크업,건강하고,3
올리브영,립메이크업,포함,3
올리브영,립메이크업,다양해서,3
올리브영,립메이크업,선명하고,3
올리브영,립메이크업,이쁘,3
올리브영,립메이크업,묵직한,3
올리브영,립메이크업,전날,3
올리브영,립메이크업,부자,3
올리브영,립메이크업,주의,3
올리브영,립메이크업,대만,3
올리브영,립메이크업,예정,3
올리브영,립메이크업,톤업,3
올리브영,립메이크업,케어,3
올리브영,립메이크업,마침,3
올리브영,립메이크업,좋구요,3
올리브영,립메이크업,편안해요,3
올리브영,립메이크업,선크림,3
올리브영,립메이크업,미를,3
올리브영,립메이크업,소리,3
올리브영,립메이크업,로고,3
올리브영,립메이크업,뿜뿜,3
올리브영,립메이크업,가득한,3
올리브영,립메이크업,청순한,3
올리브영,립메이크업,밍,3
올리브영,립메이크업,같아용,3
올리브영,립메이크업,기운,3
올리브영,립메이크업,요물,3
올리브영,립메이크업,맨,3
올리브영,립메이크업,좋았는데,3
올리브영,립메이크업,판매,3
올리브영,립메이크업,소비,3
올리브영,립메이크업,역대,3
올리브영,립메이크업,인정,3
올리브영,립메이크업,좋아하시는,3
올리브영,립메이크업,몇개,3
올리브영,립메이크업,통통,3
올리브영,립메이크업,브라,3
올리브영,립메이크업,딥함,3
올리브영,립메이크업,면,3
올리브영,립메이크업,건조하지도,3
올리브영,립메이크업,잔,3
올리브영,립메이크업,여전히,3
올리브영,립메이크업,싫은,3
올리브영,립메이크업,기대했는데,3
올리브영,립메이크업,직후,3
올리브영,립메이크업,강해서,3
올리브영,립메이크업,나머지,3
올리브영,립메이크업,어려워서,3
올리브영,립메이크업,따라서,3
올리브영,립메이크업,시오,3
올리브영,립메이크업,차차,3
올리브영,립메이크업,수록,3
올리브영,립메이크업,건조하여,3
올리브영,립메이크업,여름철,3
올리브영,립메이크업,부족해요,3
올리브영,립메이크업,속성,3
올리브영,립메이크업,예쁘고요,3
올리브영,립메이크업,시해,3
올리브영,립메이크업,취저,3
올리브영,립메이크업,음식,3
올리브영,립메이크업,왼쪽,3
올리브영,립메이크업,오른쪽,3
올리브영,립메이크업,사과,3
올리브영,립메이크업,촉촉하니,3
올리브영,립메이크업,쫀쫀하,3
올리브영,립메이크업,직원,3
올리브영,립메이크업,좋을것,3
올리브영,립메이크업,만족하는,3
올리브영,립메이크업,메이크,3
올리브영,립메이크업,러블리,3
올리브영,립메이크업,아쉬워서,3
올리브영,립메이크업,뿌,3
올리브영,립메이크업,좋아하실,3
올리브영,립메이크업,애정,3
올리브영,립메이크업,예뻤어요,3
올리브영,립메이크업,우유,3
올리브영,립메이크업,이쁘네요,3
올리브영,립메이크업,여리하고,3
올리브영,립메이크업,일광,3
올리브영,립메이크업,먼지,3
올리브영,립메이크업,그로,3
올리브영,립메이크업,갈기,3
올리브영,립메이크업,그러지,3
올리브영,립메이크업,순서대로,3
올리브영,립메이크업,옹,3
올리브영,립메이크업,진해져서,3
올리브영,립메이크업,글구,3
올리브영,립메이크업,없었어요,3
올리브영,립메이크업,롬앤틴트,3
올리브영,립메이크업,작성,3
올리브영,립메이크업,갈수록,3
올리브영,립메이크업,스무디,3
올리브영,립메이크업,똑같아요,3
올리브영,립메이크업,질,3
올리브영,립메이크업,뭐해,3
올리브영,립메이크업,본연,3
올리브영,립메이크업,아닙니다,3
올리브영,립메이크업,보랏빛,3
올리브영,립메이크업,필,3
올리브영,립메이크업,촉촉해요,3
올리브영,립메이크업,칙칙해,3
올리브영,립메이크업,하니,3
올리브영,립메이크업,겨우,3
올리브영,립메이크업,박살,3
올리브영,립메이크업,같구요,3
올리브영,립메이크업,있다고,3
올리브영,립메이크업,쓰시,3
올리브영,립메이크업,일어나고,3
올리브영,립메이크업,느,3
올리브영,립메이크업,애,3
올리브영,립메이크업,만원,3
올리브영,립메이크업,대가,3
올리브영,립메이크업,아쉬웠는데,3
올리브영,립메이크업,꾸준히,3
올리브영,립메이크업,어뮤즈,3
올리브영,립메이크업,딩키,3
올리브영,립메이크업,쿨하긴,3
올리브영,립메이크업,화장품,3
올리브영,립메이크업,엄,3
올리브영,립메이크업,어차피,3
올리브영,립메이크업,시기,3
올리브영,립메이크업,아가,3
올리브영,립메이크업,사각형,3
올리브영,립메이크업,딱히,3
올리브영,립메이크업,투명하게,3
올리브영,립메이크업,많고,3
올리브영,립메이크업,에스쁘아,3
올리브영,립메이크업,없었거든요,3
올리브영,립메이크업,퍼센트,3
올리브영,립메이크업,뮤티드,3
올리브영,립메이크업,샷,3
올리브영,립메이크업,쫀득하,3
올리브영,립메이크업,버터,3
올리브영,립메이크업,순,3
올리브영,립메이크업,다가,3
올리브영,립메이크업,사기,3
올리브영,립메이크업,호수,3
올리브영,립메이크업,마멀레이드,3
올리브영,립메이크업,라인업,3
올리브영,립메이크업,머,3
올리브영,립메이크업,스티커,3
올리브영,립메이크업,페일,3
올리브영,립메이크업,잡채,3
올리브영,립메이크업,실물,3
올리브영,립메이크업,실,3
올리브영,립메이크업,있으니,3
올리브영,립메이크업,신분,3
올리브영,립메이크업,비비드,3
올리브영,립메이크업,좋더라고요,3
올리브영,립메이크업,심하게,3
올리브영,립메이크업,모델,3
올리브영,립메이크업,만족스럽고,3
올리브영,립메이크업,굿굿,3
올리브영,립메이크업,욤,3
올리브영,립메이크업,립밥,3
올리브영,립메이크업,이쁩니,3
올리브영,립메이크업,색임,3
올리브영,립메이크업,놈,3
올리브영,립메이크업,지크,3
올리브영,립메이크업,디,3
올리브영,립메이크업,건조해요,3
올리브영,립메이크업,과대,3
올리브영,립메이크업,방법,3
올리브영,립메이크업,유튜브,3
올리브영,립메이크업,성분,3
올리브영,립메이크업,냉장고,3
올리브영,립메이크업,좋어요,3
올리브영,립메이크업,같긴한데,3
올리브영,립메이크업,딸기,3
올리브영,립메이크업,바닐라코,3
올리브영,립메이크업,생활,3
올리브영,립메이크업,아마,3
올리브영,립메이크업,립하,3
올리브영,립메이크업,눈데,3
올리브영,립메이크업,여,3
올리브영,립메이크업,게다가,3
올리브영,립메이크업,하얀,3
올리브영,립메이크업,페이,3
올리브영,립메이크업,라이너,3
올리브영,립메이크업,기전,3
올리브영,립메이크업,감동,3
올리브영,립메이크업,있지,3
올리브영,립메이크업,쓱쓱,3
올리브영,립메이크업,브립,3
올리브영,립메이크업,지저분하게,3
올리브영,립메이크업,와중,3
올리브영,립메이크업,안되는,3
올리브영,립메이크업,진해지고,3
올리브영,립메이크업,맘에듭니,3
올리브영,립메이크업,평생,3
올리브영,립메이크업,아니어서,3
올리브영,립메이크업,필요한,3
올리브영,립메이크업,퍼펙트,3
올리브영,립메이크업,립스,3
올리브영,립메이크업,만족스러워요,3
올리브영,립메이크업,확실한,3
올리브영,립메이크업,검색,3
올리브영,립메이크업,조심,3
올리브영,립메이크업,좋다하여,3
올리브영,립메이크업,컵,3
올리브영,립메이크업,강력한것,3
올리브영,립메이크업,자연스럽구요,3
올리브영,립메이크업,강렬해지면서,3
올리브영,립메이크업,강약,3
올리브영,립메이크업,참석,3
올리브영,립메이크업,합격,3
올리브영,립메이크업,류,3
올리브영,립메이크업,대한,3
올리브영,립메이크업,어려워요,3
올리브영,립메이크업,정신,3
올리브영,립메이크업,연해,3
올리브영,립메이크업,기대했던,3
올리브영,립메이크업,겨울철,3
올리브영,립메이크업,모서리,3
올리브영,립메이크업,무화과,3
올리브영,립메이크업,회끼,3
올리브영,립메이크업,흰기,3
올리브영,립메이크업,살구살몬,3
올리브영,립메이크업,불편했어요,3
올리브영,립메이크업,좋구,3
올리브영,립메이크업,다쟁였어,3
올리브영,립메이크업,조각,3
올리브영,립메이크업,행집베,3
올리브영,립메이크업,모든,3
올리브영,립메이크업,리해,3
올리브영,립메이크업,지면,3
올리브영,립메이크업,좋기로,3
올리브영,립메이크업,털,3
올리브영,립메이크업,낙엽,3
올리브영,립메이크업,자리,2
올리브영,립메이크업,동일한,2
올리브영,립메이크업,적합합니다,2
올리브영,립메이크업,고정,2
올리브영,립메이크업,반해서,2
올리브영,립메이크업,귀엽네요,2
올리브영,립메이크업,동동,2
올리브영,립메이크업,희한하게,2
올리브영,립메이크업,슈,2
올리브영,립메이크업,많으니,2
올리브영,립메이크업,치명,2
올리브영,립메이크업,건조함은,2
올리브영,립메이크업,정돈,2
올리브영,립메이크업,타지,2
올리브영,립메이크업,정직한,2
올리브영,립메이크업,실키,2
올리브영,립메이크업,없었습니다,2
올리브영,립메이크업,예쁘더라,2
올리브영,립메이크업,섀도우,2
올리브영,립메이크업,드립,2
올리브영,립메이크업,중고,2
올리브영,립메이크업,가벼워요,2
올리브영,립메이크업,빨간색,2
올리브영,립메이크업,미지근해서,2
올리브영,립메이크업,라라,2
올리브영,립메이크업,사악,2
올리브영,립메이크업,쉬워,2
올리브영,립메이크업,높지,2
올리브영,립메이크업,딱인,2
올리브영,립메이크업,부들부들한,2
올리브영,립메이크업,의문,2
올리브영,립메이크업,보임,2
올리브영,립메이크업,건조함도,2
올리브영,립메이크업,아니였여요,2
올리브영,립메이크업,이해,2
올리브영,립메이크업,음양,2
올리브영,립메이크업,독특했어요,2
올리브영,립메이크업,섬세함과,2
올리브영,립메이크업,창의력,2
올리브영,립메이크업,볼때,2
올리브영,립메이크업,확실한건,2
올리브영,립메이크업,모브빛,2
올리브영,립메이크업,색차,2
올리브영,립메이크업,힘들어서,2
올리브영,립메이크업,바닐라,2
올리브영,립메이크업,이나,2
올리브영,립메이크업,퍼플,2
올리브영,립메이크업,있지도,2
올리브영,립메이크업,회기,2
올리브영,립메이크업,표면,2
올리브영,립메이크업,많지,2
올리브영,립메이크업,특이해서,2
올리브영,립메이크업,옅고,2
올리브영,립메이크업,더블,2
올리브영,립메이크업,쉬워요,2
올리브영,립메이크업,개봉,2
올리브영,립메이크업,만족스러웠습니다,2
올리브영,립메이크업,심했는데,2
올리브영,립메이크업,두껍고,2
올리브영,립메이크업,좋을듯,2
올리브영,립메이크업,형태,2
올리브영,립메이크업,만족스러웠는데,2
올리브영,립메이크업,뚝,2
올리브영,립메이크업,보태,2
올리브영,립메이크업,식,2
올리브영,립메이크업,좋겠네,2
올리브영,립메이크업,부드,2
올리브영,립메이크업,높아,2
올리브영,립메이크업,단가,2
올리브영,립메이크업,오프라인,2
올리브영,립메이크업,존예,2
올리브영,립메이크업,깊고,2
올리브영,립메이크업,선명하면서도,2
올리브영,립메이크업,지나,2
올리브영,립메이크업,같던데,2
올리브영,립메이크업,재고,2
올리브영,립메이크업,건조해지고,2
올리브영,립메이크업,발랄한,2
올리브영,립메이크업,오트,2
올리브영,립메이크업,듬,2
올리브영,립메이크업,횟수,2
올리브영,립메이크업,별루,2
올리브영,립메이크업,애기,2
올리브영,립메이크업,이상하게,2
올리브영,립메이크업,그대,2
올리브영,립메이크업,바세린,2
올리브영,립메이크업,지인,2
올리브영,립메이크업,하자,2
올리브영,립메이크업,이용,2
올리브영,립메이크업,귀찮아서,2
올리브영,립메이크업,속달,2
올리브영,립메이크업,숍,2
올리브영,립메이크업,만족스럽습니다,2
올리브영,립메이크업,인지,2
올리브영,립메이크업,실망,2
올리브영,립메이크업,일상,2
올리브영,립메이크업,자신,2
올리브영,립메이크업,편안하고,2
올리브영,립메이크업,반사,2
올리브영,립메이크업,안되게,2
올리브영,립메이크업,보슬보슬한,2
올리브영,립메이크업,가깝게,2
올리브영,립메이크업,부드럽기,2
올리브영,립메이크업,섹시한,2
올리브영,립메이크업,아닌거,2
올리브영,립메이크업,무거워,2
올리브영,립메이크업,지게,2
올리브영,립메이크업,좋겠,2
올리브영,립메이크업,일부러,2
올리브영,립메이크업,좋아하셔서,2
올리브영,립메이크업,드릴,2
올리브영,립메이크업,부산,2
올리브영,립메이크업,무심코,2
올리브영,립메이크업,들뜸,2
올리브영,립메이크업,내추럴,2
올리브영,립메이크업,디시,2
올리브영,립메이크업,웜톤픽,2
올리브영,립메이크업,드림,2
올리브영,립메이크업,홈페이지,2
올리브영,립메이크업,다른거,2
올리브영,립메이크업,기름,2
올리브영,립메이크업,퍼트,2
올리브영,립메이크업,려,2
올리브영,립메이크업,악,2
올리브영,립메이크업,옷차림,2
올리브영,립메이크업,충전,2
올리브영,립메이크업,거만,2
올리브영,립메이크업,좋아할,2
올리브영,립메이크업,은은해서,2
올리브영,립메이크업,완전히,2
올리브영,립메이크업,평,2
올리브영,립메이크업,보구,2
올리브영,립메이크업,고급스러우면서도,2
올리브영,립메이크업,귀여운,2
올리브영,립메이크업,예쁘답니당,2
올리브영,립메이크업,젤제,2
올리브영,립메이크업,환하게,2
올리브영,립메이크업,고집,2
올리브영,립메이크업,가능하고,2
올리브영,립메이크업,텁텁,2
올리브영,립메이크업,자고로,2
올리브영,립메이크업,이오,2
올리브영,립메이크업,그람,2
올리브영,립메이크업,딘토,2
올리브영,립메이크업,허니,2
올리브영,립메이크업,미랑,2
올리브영,립메이크업,쭉,2
올리브영,립메이크업,있는듯,2
올리브영,립메이크업,광고,2
올리브영,립메이크업,뿐,2
올리브영,립메이크업,모로,2
올리브영,립메이크업,재미,2
올리브영,립메이크업,뉴,2
올리브영,립메이크업,명성,2
올리브영,립메이크업,추정,2
올리브영,립메이크업,덩,2
올리브영,립메이크업,싹싹,2
올리브영,립메이크업,신,2
올리브영,립메이크업,다홍색,2
올리브영,립메이크업,어두워서,2
올리브영,립메이크업,아유,2
올리브영,립메이크업,비비,2
올리브영,립메이크업,아닐까,2
올리브영,립메이크업,예뻐진,2
올리브영,립메이크업,둥둥,2
올리브영,립메이크업,힘든,2
올리브영,립메이크업,모말,2
올리브영,립메이크업,싫어서,2
올리브영,립메이크업,겨쿨브,2
올리브영,립메이크업,부드러움,2
올리브영,립메이크업,과일,2
올리브영,립메이크업,같았는데,2
올리브영,립메이크업,진입,2
올리브영,립메이크업,장벽,2
올리브영,립메이크업,건가,2
올리브영,립메이크업,닝,2
올리브영,립메이크업,힘들었어요,2
올리브영,립메이크업,유목민,2
올리브영,립메이크업,알짝,2
올리브영,립메이크업,밑,2
올리브영,립메이크업,헤,2
올리브영,립메이크업,수준,2
올리브영,립메이크업,쿨톤용,2
올리브영,립메이크업,무,2
올리브영,립메이크업,웜해,2
올리브영,립메이크업,한정,2
올리브영,립메이크업,다르네요,2
올리브영,립메이크업,있나,2
올리브영,립메이크업,돌,2
올리브영,립메이크업,콧,2
올리브영,립메이크업,코코넛,2
올리브영,립메이크업,후의,2
올리브영,립메이크업,다기,2
올리브영,립메이크업,안착,2
올리브영,립메이크업,만족해,2
올리브영,립메이크업,스템,2
올리브영,립메이크업,좋아하고,2
올리브영,립메이크업,좋죠,2
올리브영,립메이크업,체,2
올리브영,립메이크업,같더라구요,2
올리브영,립메이크업,촉촉하긴,2
올리브영,립메이크업,애용,2
올리브영,립메이크업,주신,2
올리브영,립메이크업,좋아해요,2
올리브영,립메이크업,예쁘다고,2
올리브영,립메이크업,없는거,2
올리브영,립메이크업,손목,2
올리브영,립메이크업,외관,2
올리브영,립메이크업,노랑,2
올리브영,립메이크업,촉척,2
올리브영,립메이크업,달콤해서,2
올리브영,립메이크업,썸머,2
올리브영,립메이크업,센트,2
올리브영,립메이크업,형님,2
올리브영,립메이크업,건조해지지,2
올리브영,립메이크업,귤색,2
올리브영,립메이크업,된거,2
올리브영,립메이크업,거부,2
올리브영,립메이크업,색인,2
올리브영,립메이크업,감성,2
올리브영,립메이크업,쫀득,2
올리브영,립메이크업,프로,2
올리브영,립메이크업,결정,2
올리브영,립메이크업,코덕,2
올리브영,립메이크업,요것,2
올리브영,립메이크업,세,2
올리브영,립메이크업,마르면서,2
올리브영,립메이크업,만족함,2
올리브영,립메이크업,똑,2
올리브영,립메이크업,바디,2
올리브영,립메이크업,발생,2
올리브영,립메이크업,탁하고,2
올리브영,립메이크업,잼,2
올리브영,립메이크업,일자,2
올리브영,립메이크업,조아여,2
올리브영,립메이크업,단풍,2
올리브영,립메이크업,잎,2
올리브영,립메이크업,토토,2
올리브영,립메이크업,톡,2
올리브영,립메이크업,빨,2
올리브영,립메이크업,탕후루립,2
올리브영,립메이크업,평타,2
올리브영,립메이크업,진하지도,2
올리브영,립메이크업,어바인,2
올리브영,립메이크업,만세,2
올리브영,립메이크업,쿨할까봐,2
올리브영,립메이크업,사본,2
올리브영,립메이크업,자두,2
올리브영,립메이크업,론,2
올리브영,립메이크업,레,2
올리브영,립메이크업,또렷한,2
올리브영,립메이크업,변화,2
올리브영,립메이크업,또한,2
올리브영,립메이크업,수도,2
올리브영,립메이크업,뛰어난,2
올리브영,립메이크업,첨,2
올리브영,립메이크업,입슐,2
올리브영,립메이크업,시절,2
올리브영,립메이크업,없던,2
올리브영,립메이크업,확장,2
올리브영,립메이크업,가치,2
올리브영,립메이크업,대체,2
올리브영,립메이크업,예쁘네,2
올리브영,립메이크업,좋을거,2
올리브영,립메이크업,츠,2
올리브영,립메이크업,진한거,2
올리브영,립메이크업,촉촉한거,2
올리브영,립메이크업,대추,2
올리브영,립메이크업,대강,2
올리브영,립메이크업,무척,2
올리브영,립메이크업,롬앤저,2
올리브영,립메이크업,어피,2
올리브영,립메이크업,액,2
올리브영,립메이크업,초반,2
올리브영,립메이크업,한정판,2
올리브영,립메이크업,낮고,2
올리브영,립메이크업,부케,2
올리브영,립메이크업,포션,2
올리브영,립메이크업,나란히,2
올리브영,립메이크업,시리즈,2
올리브영,립메이크업,웜톤한테,2
올리브영,립메이크업,자기,2
올리브영,립메이크업,아시,2
올리브영,립메이크업,조명,2
올리브영,립메이크업,페탈펀치,2
올리브영,립메이크업,스럽다고,2
올리브영,립메이크업,플래시,2
올리브영,립메이크업,에디,2
올리브영,립메이크업,바밍,2
올리브영,립메이크업,짧다는,2
올리브영,립메이크업,짧더라도,2
올리브영,립메이크업,라즈베리,2
올리브영,립메이크업,편도,2
올리브영,립메이크업,흔하지,2
올리브영,립메이크업,크리스탈,2
올리브영,립메이크업,틴,2
올리브영,립메이크업,트롬,2
올리브영,립메이크업,앤,2
올리브영,립메이크업,근래,2
올리브영,립메이크업,로즈볼,2
올리브영,립메이크업,비슷해,2
올리브영,립메이크업,예뻤는데,2
올리브영,립메이크업,어마,2
올리브영,립메이크업,무시,2
올리브영,립메이크업,대요,2
올리브영,립메이크업,갈뮽,2
올리브영,립메이크업,바름,2
올리브영,립메이크업,없었음,2
올리브영,립메이크업,외,2
올리브영,립메이크업,새,2
올리브영,립메이크업,하늘,2
올리브영,립메이크업,많다,2
올리브영,립메이크업,상대,2
올리브영,립메이크업,얼터,2
올리브영,립메이크업,팬슬,2
올리브영,립메이크업,쟁여놓,2
올리브영,립메이크업,딱입니다,2
올리브영,립메이크업,살때,2
올리브영,립메이크업,비슷하거나,2
올리브영,립메이크업,신기하게,2
올리브영,립메이크업,투명해서,2
올리브영,립메이크업,궁금하면,2
올리브영,립메이크업,그거,2
올리브영,립메이크업,누가,2
올리브영,립메이크업,아니에요,2
올리브영,립메이크업,비건,2
올리브영,립메이크업,궁금하,2
올리브영,립메이크업,아이디,2
올리브영,립메이크업,설정,2
올리브영,립메이크업,메리트,2
올리브영,립메이크업,대비,2
올리브영,립메이크업,비슷하시면,2
올리브영,립메이크업,겟겟,2
올리브영,립메이크업,부지,2
올리브영,립메이크업,브러쉬,2
올리브영,립메이크업,나니,2
올리브영,립메이크업,완젼,2
올리브영,립메이크업,가깝,2
올리브영,립메이크업,실발색,2
올리브영,립메이크업,여리해,2
올리브영,립메이크업,안되네요,2
올리브영,립메이크업,화해지네요,2
올리브영,립메이크업,예쁠거,2
올리브영,립메이크업,예쁘구요,2
올리브영,립메이크업,여뮽,2
올리브영,립메이크업,느끼한,2
올리브영,립메이크업,바랬는데,2
올리브영,립메이크업,이쁘지도,2
올리브영,립메이크업,탁해지거나,2
올리브영,립메이크업,왼,2
올리브영,립메이크업,이쁜듯,2
올리브영,립메이크업,스펙,2
올리브영,립메이크업,쿨봄웜,2
올리브영,립메이크업,가까,2
올리브영,립메이크업,미친,2
올리브영,립메이크업,휘뚤마뚤,2
올리브영,립메이크업,쇼,2
올리브영,립메이크업,혁명,2
올리브영,립메이크업,아몬드,2
올리브영,립메이크업,굿입니땨,2
올리브영,립메이크업,까말까,2
올리브영,립메이크업,구경,2
올리브영,립메이크업,좋아하면,2
올리브영,립메이크업,뻥,2
올리브영,립메이크업,솔,2
올리브영,립메이크업,거사,2
올리브영,립메이크업,높은거,2
올리브영,립메이크업,기대하지,2
올리브영,립메이크업,시럽,2
올리브영,립메이크업,만해,2
올리브영,립메이크업,양은,2
올리브영,립메이크업,있다면,2
올리브영,립메이크업,코코,2
올리브영,립메이크업,중앙,2
올리브영,립메이크업,같다는,2
올리브영,립메이크업,만족했,2
올리브영,립메이크업,닷,2
올리브영,립메이크업,세고,2
올리브영,립메이크업,안해,2
올리브영,립메이크업,있긴하지만,2
올리브영,립메이크업,시각장애인,2
올리브영,립메이크업,술,2
올리브영,립메이크업,붉은입술,2
올리브영,립메이크업,담,2
올리브영,립메이크업,도톰하게,2
올리브영,립메이크업,급하게,2
올리브영,립메이크업,미당,2
올리브영,립메이크업,아니구요,2
올리브영,립메이크업,만족하는데,2
올리브영,립메이크업,변해요,2
올리브영,립메이크업,쉬운데,2
올리브영,립메이크업,있는것,2
올리브영,립메이크업,원했는데,2
올리브영,립메이크업,자세한건,2
올리브영,립메이크업,토인,2
올리브영,립메이크업,여서,2
올리브영,립메이크업,여릿한,2
올리브영,립메이크업,아니구,2
올리브영,립메이크업,똑같고,2
올리브영,립메이크업,몸,2
올리브영,립메이크업,트러블,2
올리브영,립메이크업,세상,2
올리브영,립메이크업,그렇지,2
올리브영,립메이크업,네,2
올리브영,립메이크업,변질,2
올리브영,립메이크업,헤라,2
올리브영,립메이크업,메이드,2
올리브영,립메이크업,높고,2
올리브영,립메이크업,차선,2
올리브영,립메이크업,비감,2
올리브영,립메이크업,릴바,2
올리브영,립메이크업,행복한,2
올리브영,립메이크업,뷰티,2
올리브영,립메이크업,따갑지,2
올리브영,립메이크업,괜찮,2
올리브영,립메이크업,빠르고,2
올리브영,립메이크업,잘못,2
올리브영,립메이크업,그래요,2
올리브영,립메이크업,기두,2
올리브영,립메이크업,플럼핑립,2
올리브영,립메이크업,래야,2
올리브영,립메이크업,구림,2
올리브영,립메이크업,없잖아,2
올리브영,립메이크업,껍질,2
올리브영,립메이크업,쓱,2
올리브영,립메이크업,이색,2
올리브영,립메이크업,없으니까,2
올리브영,립메이크업,극웜톤,2
올리브영,립메이크업,용서,2
올리브영,립메이크업,탑,2
올리브영,립메이크업,왕,2
올리브영,립메이크업,어둡지도,2
올리브영,립메이크업,에이,2
올리브영,립메이크업,어진,2
올리브영,립메이크업,예뻤고,2
올리브영,립메이크업,그동안,2
올리브영,립메이크업,딱풀,2
올리브영,립메이크업,머리,2
올리브영,립메이크업,만족해서,2
올리브영,립메이크업,좋운,2
올리브영,립메이크업,브로,2
올리브영,립메이크업,있구요,2
올리브영,립메이크업,평평한,2
올리브영,립메이크업,웜톤용,2
올리브영,립메이크업,모브색,2
올리브영,립메이크업,워터파크,2
올리브영,립메이크업,늘,2
올리브영,립메이크업,만족하며,2
올리브영,립메이크업,온라인,2
올리브영,립메이크업,실패했습니다,2
올리브영,립메이크업,오렌지색,2
올리브영,립메이크업,리무,2
올리브영,립메이크업,버,2
올리브영,립메이크업,높습니다,2
올리브영,립메이크업,좋아하서,2
올리브영,립메이크업,꺽,2
올리브영,립메이크업,듯핫,2
올리브영,립메이크업,도색,2
올리브영,립메이크업,깜짝,2
올리브영,립메이크업,놀랬어요,2
올리브영,립메이크업,야할것,2
올리브영,립메이크업,곧,2
올리브영,립메이크업,라이브,2
올리브영,립메이크업,먹방,2
올리브영,립메이크업,장창,2
올리브영,립메이크업,중요하게,2
올리브영,립메이크업,출근,2
올리브영,립메이크업,선명해요,2
올리브영,립메이크업,조카,2
올리브영,립메이크업,튀어,2
올리브영,립메이크업,남고,2
올리브영,립메이크업,촌스러워서,2
올리브영,립메이크업,안좋아져서,2
올리브영,립메이크업,음빠,2
올리브영,립메이크업,윗입술,2
올리브영,립메이크업,추억,2
올리브영,립메이크업,트렌드,2
올리브영,립메이크업,벽돌,2
올리브영,립메이크업,아더,2
올리브영,립메이크업,좋윰,2
올리브영,립메이크업,이뻐여,2
올리브영,립메이크업,강한건,2
올리브영,립메이크업,강렬한,2
올리브영,립메이크업,없다는,2
올리브영,립메이크업,적당해서,2
올리브영,립메이크업,묽지,2
올리브영,립메이크업,확실하고,2
올리브영,립메이크업,무스,2
올리브영,립메이크업,검,2
올리브영,립메이크업,어렵긴,2
올리브영,립메이크업,구형,2
올리브영,립메이크업,조하요,2
올리브영,립메이크업,촉촉하면서,2
올리브영,립메이크업,니즈,2
올리브영,립메이크업,잘썻어,2
올리브영,립메이크업,빡,2
올리브영,립메이크업,건조하다,2
올리브영,립메이크업,오리,2
올리브영,립메이크업,마릅니다,2
올리브영,립메이크업,스킬,2
올리브영,립메이크업,바짝,2
올리브영,립메이크업,실패하면,2
올리브영,립메이크업,얼룩덜룩하거나,2
올리브영,립메이크업,테두리,2
올리브영,립메이크업,뽝,2
올리브영,립메이크업,구비,2
올리브영,립메이크업,있는게,2
올리브영,립메이크업,그래오,2
올리브영,립메이크업,마구,2
올리브영,립메이크업,습관,2
올리브영,립메이크업,수로,2
올리브영,립메이크업,여자,2
올리브영,립메이크업,가타,2
올리브영,립메이크업,말모,2
올리브영,립메이크업,노량진,2
올리브영,립메이크업,야해요,2
올리브영,립메이크업,픽싱돼,2
올리브영,립메이크업,가을웜,2
올리브영,립메이크업,건조해지는,2
올리브영,립메이크업,좋죵,2
올리브영,립메이크업,제트,2
올리브영,립메이크업,김,2
올리브영,립메이크업,설계,2
올리브영,립메이크업,어렵지,2
올리브영,립메이크업,가능했어요,2
올리브영,립메이크업,적당량,2
올리브영,립메이크업,금고,2
올리브영,립메이크업,필요했습니다,2
올리브영,립메이크업,많아,2
올리브영,립메이크업,함유,2
올리브영,립메이크업,색소,2
올리브영,립메이크업,아파,2
올리브영,립메이크업,성수,2
올리브영,립메이크업,끝장,2
올리브영,립메이크업,다양하고,2
올리브영,립메이크업,확실,2
올리브영,립메이크업,퀄,2
올리브영,립메이크업,어이없는,2
올리브영,립메이크업,탁한,2
올리브영,립메이크업,드하,2
올리브영,립메이크업,미니미,2
올리브영,립메이크업,혹시,2
올리브영,립메이크업,잔뜩,2
올리브영,립메이크업,만족했던,2
올리브영,립메이크업,베이비,2
올리브영,립메이크업,최악,2
올리브영,립메이크업,작아요,2
올리브영,립메이크업,번은,2
올리브영,립메이크업,포솜포솜,2
올리브영,립메이크업,쟁이시,2
올리브영,립메이크업,쿨톤립,2
올리브영,립메이크업,헉헛,2
올리브영,립메이크업,보송보송,2
올리브영,립메이크업,쿨하게,2
올리브영,립메이크업,감히,2
올리브영,립메이크업,감격,2
올리브영,립메이크업,품질,2
올리브영,립메이크업,조화롭게,2
올리브영,립메이크업,오프,2
올리브영,립메이크업,많았는데,2
올리브영,립메이크업,있어야,2
올리브영,립메이크업,직전,2
올리브영,립메이크업,무한,2
올리브영,립메이크업,어랏,2
올리브영,립메이크업,배트,2
올리브영,립메이크업,미지근하게,2
올리브영,립메이크업,후진,2
올리브영,립메이크업,샤프,2
올리브영,립메이크업,자제,2
올리브영,립메이크업,노력,2
올리브영,립메이크업,벼르,2
올리브영,립메이크업,트렌디,2
올리브영,립메이크업,페이디드,2
올리브영,립메이크업,괜찮겠다,2
올리브영,립메이크업,마른듯,2
올리브영,립메이크업,같아욤,2
올리브영,립메이크업,역작,2
올리브영,립메이크업,적지,2
올리브영,립메이크업,만능,2
올리브영,립메이크업,장밋빛이,2
올리브영,립메이크업,거지,2
올리브영,립메이크업,축복,2
올리브영,립메이크업,젛아,2
올리브영,립메이크업,길고,2
올리브영,립메이크업,귀엽지만,2
올리브영,립메이크업,보신,2
올리브영,립메이크업,거가,2
올리브영,립메이크업,넣기,2
올리브영,립메이크업,뽀송한,2
올리브영,립메이크업,너드,2
올리브영,립메이크업,버건디,2
올리브영,립메이크업,아름답고,2
올리브영,립메이크업,한텐,2
올리브영,립메이크업,컨셉,2
올리브영,립메이크업,어렵고,2
올리브영,립메이크업,인중,2
올리브영,립메이크업,비도,2
올리브영,립메이크업,맨션,2
올리브영,립메이크업,슬립,2
올리브영,립메이크업,스러워서,2
올리브영,립메이크업,싫어하는,1
올리브영,립메이크업,편리하고,1
올리브영,립메이크업,자연스러우면서도,1
올리브영,립메이크업,간편하게,1
올리브영,립메이크업,편리해요,1
올리브영,립메이크업,드라마틱한,1
올리브영,립메이크업,원할,1
올리브영,립메이크업,화려한,1
올리브영,립메이크업,디올,1
올리브영,립메이크업,사선,1
올리브영,립메이크업,진형태,1
올리브영,립메이크업,아닌데다,1
올리브영,립메이크업,이득,1
올리브영,립메이크업,보들보들해서,1
올리브영,립메이크업,덜톤,1
올리브영,립메이크업,있으신,1
올리브영,립메이크업,쯤,1
올리브영,립메이크업,파로,1
올리브영,립메이크업,무잡잡,1
올리브영,립메이크업,손바닥,1
올리브영,립메이크업,남습,1
올리브영,립메이크업,깔끔해서,1
올리브영,립메이크업,부끄럽지,1
올리브영,립메이크업,탈,1
올리브영,립메이크업,없기,1
올리브영,립메이크업,깔끔하고,1
올리브영,립메이크업,텁텁하,1
올리브영,립메이크업,이기,1
올리브영,립메이크업,뿌연듯,1
올리브영,립메이크업,반투명한,1
올리브영,립메이크업,바삭,1
올리브영,립메이크업,맑아서,1
올리브영,립메이크업,부슬부슬한,1
올리브영,립메이크업,뚝딱,1
올리브영,립메이크업,뻣뻣하지만,1
올리브영,립메이크업,있답니,1
올리브영,립메이크업,입자,1
올리브영,립메이크업,미세해서,1
올리브영,립메이크업,견고해요,1
올리브영,립메이크업,아까워,1
올리브영,립메이크업,간만,1
올리브영,립메이크업,슨생님,1
올리브영,립메이크업,붙이,1
올리브영,립메이크업,일이,1
올리브영,립메이크업,반함이었고,1
올리브영,립메이크업,갈뮽봄,1
올리브영,립메이크업,아이보리,1
올리브영,립메이크업,무드라,1
올리브영,립메이크업,답답하고,1
올리브영,립메이크업,츄,1
올리브영,립메이크업,러버,1
올리브영,립메이크업,광명,1
올리브영,립메이크업,했케,1
올리브영,립메이크업,투한,1
올리브영,립메이크업,강력한,1
올리브영,립메이크업,이쁘네,1
올리브영,립메이크업,미드,1
올리브영,립메이크업,리미,1
올리브영,립메이크업,이런게,1
올리브영,립메이크업,방문,1
올리브영,립메이크업,쿠키,1
올리브영,립메이크업,자꾸만,1
올리브영,립메이크업,고오,1
올리브영,립메이크업,좋으나,1
올리브영,립메이크업,프라이머,1
올리브영,립메이크업,짤,1
올리브영,립메이크업,위쪽,1
올리브영,립메이크업,아래쪽,1
올리브영,립메이크업,더해져서,1
올리브영,립메이크업,건강해,1
올리브영,립메이크업,럼빛,1
올리브영,립메이크업,같았고,1
올리브영,립메이크업,포근하게,1
올리브영,립메이크업,넓었고,1
올리브영,립메이크업,미에요,1
올리브영,립메이크업,깊은,1
올리브영,립메이크업,토프베,1
올리브영,립메이크업,모형,1
올리브영,립메이크업,자세히,1
올리브영,립메이크업,접촉,1
올리브영,립메이크업,곡률,1
올리브영,립메이크업,대세,1
올리브영,립메이크업,없지만,1
올리브영,립메이크업,반투명하고,1
올리브영,립메이크업,짙어,1
올리브영,립메이크업,보이지,1
올리브영,립메이크업,교체,1
올리브영,립메이크업,아쉬어서,1
올리브영,립메이크업,길게,1
올리브영,립메이크업,뿌연듯이,1
올리브영,립메이크업,어색함도,1
올리브영,립메이크업,덜하고,1
올리브영,립메이크업,돎,1
올리브영,립메이크업,타고,1
올리브영,립메이크업,정교함,1
올리브영,립메이크업,매끄러,1
올리브영,립메이크업,뉴트럴함,1
올리브영,립메이크업,예쁜건,1
올리브영,립메이크업,내부,1
올리브영,립메이크업,성한,1
올리브영,립메이크업,정교해서,1
올리브영,립메이크업,편했어요,1
올리브영,립메이크업,면도,1
올리브영,립메이크업,세밀,1
올리브영,립메이크업,쿨하거나,1
올리브영,립메이크업,회,1
올리브영,립메이크업,가능하지,1
올리브영,립메이크업,겨냥,1
올리브영,립메이크업,코디,1
올리브영,립메이크업,목,1
올리브영,립메이크업,폴라,1
올리브영,립메이크업,코듀,1
올리브영,립메이크업,로이,1
올리브영,립메이크업,부위,1
올리브영,립메이크업,세심,1
올리브영,립메이크업,텍스티미,1
올리브영,립메이크업,허깅,1
올리브영,립메이크업,컴,1
올리브영,립메이크업,포트,1
올리브영,립메이크업,양각도,1
올리브영,립메이크업,뛰어나며,1
올리브영,립메이크업,제격,1
올리브영,립메이크업,택배,1
올리브영,립메이크업,취저네,1
올리브영,립메이크업,훌륭해요,1
올리브영,립메이크업,유용했,1
올리브영,립메이크업,심하겠죠,1
올리브영,립메이크업,심하네요,1
올리브영,립메이크업,이쁠거,1
올리브영,립메이크업,우수하고,1
올리브영,립메이크업,옷에 묻음,1
올리브영,립메이크업,걔,1
올리브영,립메이크업,그러더니,1
올리브영,립메이크업,동일해,1
올리브영,립메이크업,반하고,1
올리브영,립메이크업,매끄러운,1
올리브영,립메이크업,반한,1
올리브영,립메이크업,썻,1
올리브영,립메이크업,실사,1
올리브영,립메이크업,기껏,1
올리브영,립메이크업,번남짓,1
올리브영,립메이크업,아마추어,1
올리브영,립메이크업,딱이에요,1
올리브영,립메이크업,건조해지거나,1
올리브영,립메이크업,매끈하고,1
올리브영,립메이크업,장인,1
올리브영,립메이크업,럽,1
올리브영,립메이크업,좋아하지만,1
올리브영,립메이크업,블렛,1
올리브영,립메이크업,없이도,1
올리브영,립메이크업,물감,1
올리브영,립메이크업,에드,1
올리브영,립메이크업,없을것,1
올리브영,립메이크업,비싼것,1
올리브영,립메이크업,같은거,1
올리브영,립메이크업,보아,1
올리브영,립메이크업,좋아하시거나,1
올리브영,립메이크업,이신,1
올리브영,립메이크업,예쁠것,1
올리브영,립메이크업,날씨,1
올리브영,립메이크업,딱이네,1
올리브영,립메이크업,번쩍,1
올리브영,립메이크업,이뿌고,1
올리브영,립메이크업,차분해,1
올리브영,립메이크업,깨끗해,1
올리브영,립메이크업,무리,1
올리브영,립메이크업,바르게,1
올리브영,립메이크업,착용,1
올리브영,립메이크업,섬세한,1
올리브영,립메이크업,그리기,1
올리브영,립메이크업,높아요,1
올리브영,립메이크업,편한,1
올리브영,립메이크업,시긴,1
올리브영,립메이크업,유명하잖아요,1
올리브영,립메이크업,유명한데는,1
올리브영,립메이크업,만족합니당,1
올리브영,립메이크업,있었어,1
올리브영,립메이크업,쫙쫙,1
올리브영,립메이크업,요인,1
올리브영,립메이크업,최소,1
올리브영,립메이크업,해결,1
올리브영,립메이크업,포근하고,1
올리브영,립메이크업,매끄럽고,1
올리브영,립메이크업,따뜻해,1
올리브영,립메이크업,좋지만,1
올리브영,립메이크업,있거든요,1
올리브영,립메이크업,그럴,1
올리브영,립메이크업,하얀니,1
올리브영,립메이크업,좋았어,1
올리브영,립메이크업,놀램,1
올리브영,립메이크업,색운,1
올리브영,립메이크업,있었,1
올리브영,립메이크업,열씨,1
올리브영,립메이크업,궁뎅,1
올리브영,립메이크업,건조해지면서,1
올리브영,립메이크업,겉잡,1
올리브영,립메이크업,울긋불긋해졌,1
올리브영,립메이크업,없더라고요,1
올리브영,립메이크업,인식,1
올리브영,립메이크업,호인,1
올리브영,립메이크업,쟁였어,1
올리브영,립메이크업,애가,1
올리브영,립메이크업,어쨌든,1
올리브영,립메이크업,담날,1
올리브영,립메이크업,바르몬,1
올리브영,립메이크업,괜참,1
올리브영,립메이크업,뿔려,1
올리브영,립메이크업,불편합니다,1
올리브영,립메이크업,그렇네요,1
올리브영,립메이크업,짧고,1
올리브영,립메이크업,약하고,1
올리브영,립메이크업,달이,1
올리브영,립메이크업,근대,1
올리브영,립메이크업,환할,1
올리브영,립메이크업,괜첞은데,1
올리브영,립메이크업,어둑해,1
올리브영,립메이크업,진한색할껄,1
올리브영,립메이크업,후회되네,1
올리브영,립메이크업,괜찮았고,1
올리브영,립메이크업,셋,1
올리브영,립메이크업,쪼금,1
올리브영,립메이크업,사악하지만,1
올리브영,립메이크업,미침,1
올리브영,립메이크업,압술,1
올리브영,립메이크업,원료,1
올리브영,립메이크업,어머님,1
올리브영,립메이크업,어쩜,1
올리브영,립메이크업,실화,1
올리브영,립메이크업,맥살렵니,1
올리브영,립메이크업,투데이,1
올리브영,립메이크업,어이,1
올리브영,립메이크업,화,1
올리브영,립메이크업,도안,1
올리브영,립메이크업,완벽합니다,1
올리브영,립메이크업,만족스러워,1
올리브영,립메이크업,화려하지,1
올리브영,립메이크업,질리,1
올리브영,립메이크업,강렬하면서도,1
올리브영,립메이크업,절묘한,1
올리브영,립메이크업,알차게,1
올리브영,립메이크업,그날그날,1
올리브영,립메이크업,득템,1
올리브영,립메이크업,마르지,1
올리브영,립메이크업,만족스러웠,1
올리브영,립메이크업,법,1
올리브영,립메이크업,불어,1
올리브영,립메이크업,진분홍,1
올리브영,립메이크업,괜찮았,1
올리브영,립메이크업,이쁘긴,1
올리브영,립메이크업,힝,1
올리브영,립메이크업,보속,1
올리브영,립메이크업,촉,1
올리브영,립메이크업,넓어서,1
올리브영,립메이크업,레디,1
올리브영,립메이크업,넓은것도,1
올리브영,립메이크업,건조했을,1
올리브영,립메이크업,미쳤습니다,1
올리브영,립메이크업,두꺼워서,1
올리브영,립메이크업,불편한데,1
올리브영,립메이크업,매각,1
올리브영,립메이크업,써봣는대,1
올리브영,립메이크업,좋앗어용,1
올리브영,립메이크업,완조,1
올리브영,립메이크업,요건,1
올리브영,립메이크업,다르니,1
올리브영,립메이크업,같아욯,1
올리브영,립메이크업,좋아해,1
올리브영,립메이크업,오래됩니당,1
올리브영,립메이크업,좋을꺼,1
올리브영,립메이크업,볼터치,1
올리브영,립메이크업,고맙습니다,1
올리브영,립메이크업,착발,1
올리브영,립메이크업,아쉬워여,1
올리브영,립메이크업,그렇긴,1
올리브영,립메이크업,없었네요,1
올리브영,립메이크업,소담,1
올리브영,립메이크업,어머니,1
올리브영,립메이크업,행사,1
올리브영,립메이크업,거너,1
올리브영,립메이크업,무맘,1
올리브영,립메이크업,루,1
올리브영,립메이크업,레트로,1
올리브영,립메이크업,봣,1
올리브영,립메이크업,긴가민가하고,1
올리브영,립메이크업,아쉽네,1
올리브영,립메이크업,편안합니,1
올리브영,립메이크업,추워도,1
올리브영,립메이크업,포근함이,1
올리브영,립메이크업,잔잔하게,1
올리브영,립메이크업,덤,1
올리브영,립메이크업,분도,1
올리브영,립메이크업,활기,1
올리브영,립메이크업,인분,1
올리브영,립메이크업,목도리,1
올리브영,립메이크업,에어리,1
올리브영,립메이크업,시파,1
올리브영,립메이크업,미디엄,1
올리브영,립메이크업,가까워서,1
올리브영,립메이크업,유용해요,1
올리브영,립메이크업,반해,1
올리브영,립메이크업,유사하게,1
올리브영,립메이크업,정확하고,1
올리브영,립메이크업,실크,1
올리브영,립메이크업,선명하게,1
올리브영,립메이크업,퓨어블렌딩,1
올리브영,립메이크업,강력히,1
올리브영,립메이크업,강하,1
올리브영,립메이크업,계신다면,1
올리브영,립메이크업,가벼웠어요,1
올리브영,립메이크업,디테일,1
올리브영,립메이크업,웜브,1
올리브영,립메이크업,훌륭해,1
올리브영,립메이크업,쌀쌀해지고,1
올리브영,립메이크업,불면,1
올리브영,립메이크업,머리카락,1
올리브영,립메이크업,택,1
올리브영,립메이크업,톡톡,1
올리브영,립메이크업,있어용,1
올리브영,립메이크업,자석,1
올리브영,립메이크업,가벼워서,1
올리브영,립메이크업,편해,1
올리브영,립메이크업,만족감,1
올리브영,립메이크업,업,1
올리브영,립메이크업,장밋빛색,1
올리브영,립메이크업,기적처럼,1
올리브영,립메이크업,조우,1
올리브영,립메이크업,모양새,1
올리브영,립메이크업,중요하다고,1
올리브영,립메이크업,오분,1
올리브영,립메이크업,아니기에,1
올리브영,립메이크업,중요한것은,1
올리브영,립메이크업,다르기,1
올리브영,립메이크업,사람인,1
올리브영,립메이크업,지라,1
올리브영,립메이크업,슬프오,1
올리브영,립메이크업,쿠울톤,1
올리브영,립메이크업,좋겠구려,1
올리브영,립메이크업,도령,1
올리브영,립메이크업,고맙소이다,1
올리브영,립메이크업,해주,1
올리브영,립메이크업,쉬드,1
올리브영,립메이크업,페르소나,1
올리브영,립메이크업,핑크쥴레,1
올리브영,립메이크업,쿨하다고,1
올리브영,립메이크업,미지근하다고,1
올리브영,립메이크업,자잘한,1
올리브영,립메이크업,펄감,1
올리브영,립메이크업,도톰쫀쫀,1
올리브영,립메이크업,좋아했거든,1
올리브영,립메이크업,부족하면,1
올리브영,립메이크업,수많은,1
올리브영,립메이크업,온고잉해,1
올리브영,립메이크업,안될까,1
올리브영,립메이크업,애매해요,1
올리브영,립메이크업,무수,1
올리브영,립메이크업,월등해진건,1
올리브영,립메이크업,괜찮았어서,1
올리브영,립메이크업,통통해지고,1
올리브영,립메이크업,디쟌,1
올리브영,립메이크업,은줄,1
올리브영,립메이크업,전멸,1
올리브영,립메이크업,상한,1
올리브영,립메이크업,보상,1
올리브영,립메이크업,완벽했어요,1
올리브영,립메이크업,필요없고,1
올리브영,립메이크업,트럴,1
올리브영,립메이크업,는,1
올리브영,립메이크업,여쿨,1
올리브영,립메이크업,좋았잖아요,1
올리브영,립메이크업,시리,1
올리브영,립메이크업,징징,1
올리브영,립메이크업,대해,1
올리브영,립메이크업,껜,1
올리브영,립메이크업,심신,1
올리브영,립메이크업,아니면서도,1
올리브영,립메이크업,원했거,1
올리브영,립메이크업,여성,1
올리브영,립메이크업,가능하게,1
올리브영,립메이크업,칭구들,1
올리브영,립메이크업,읍니,1
올리브영,립메이크업,없었눈뎁,1
올리브영,립메이크업,명작,1
올리브영,립메이크업,쿵,1
올리브영,립메이크업,무승,1
올리브영,립메이크업,김치,1
올리브영,립메이크업,도리,1
올리브영,립메이크업,뜻,1
올리브영,립메이크업,나왓다,1
올리브영,립메이크업,더하기,1
올리브영,립메이크업,업그레이드,1
올리브영,립메이크업,거보,1
올리브영,립메이크업,그런지는,1
올리브영,립메이크업,그래,1
올리브영,립메이크업,호다닥,1
올리브영,립메이크업,같지는,1
올리브영,립메이크업,중립,1
올리브영,립메이크업,엠,1
올리브영,립메이크업,핑꾸핑꾸,1
올리브영,립메이크업,쪼끔,1
올리브영,립메이크업,예븝니,1
올리브영,립메이크업,감당,1
올리브영,립메이크업,롬앤씨,1
올리브영,립메이크업,최대,1
올리브영,립메이크업,웜이,1
올리브영,립메이크업,묵힌,1
올리브영,립메이크업,된장,1
올리브영,립메이크업,덜하긴,1
올리브영,립메이크업,짙은걸,1
올리브영,립메이크업,스킵,1
올리브영,립메이크업,요망,1
올리브영,립메이크업,패,1
올리브영,립메이크업,갈웜인듯,1
올리브영,립메이크업,정듀,1
올리브영,립메이크업,핀,1
올리브영,립메이크업,여쿨브,1
올리브영,립메이크업,적하,1
올리브영,립메이크업,정확도,1
올리브영,립메이크업,인터넷,1
올리브영,립메이크업,서치,1
올리브영,립메이크업,다르,1
올리브영,립메이크업,착각,1
올리브영,립메이크업,허참,1
올리브영,립메이크업,누웜,1
올리브영,립메이크업,아무나,1
올리브영,립메이크업,같아여,1
올리브영,립메이크업,쌩립,1
올리브영,립메이크업,좋겠음,1
올리브영,립메이크업,내장,1
올리브영,립메이크업,끽해야,1
올리브영,립메이크업,얼후,1
올리브영,립메이크업,닝더,1
올리브영,립메이크업,강해졌다고,1
올리브영,립메이크업,아니었는데,1
올리브영,립메이크업,기대했나,1
올리브영,립메이크업,심해,1
올리브영,립메이크업,진보면,1
올리브영,립메이크업,똑같았어요,1
올리브영,립메이크업,열기,1
올리브영,립메이크업,미미하게,1
올리브영,립메이크업,뚱뚱해지긴,1
올리브영,립메이크업,멀드,1
올리브영,립메이크업,듭니다,1
올리브영,립메이크업,진해지면,1
올리브영,립메이크업,부,1
올리브영,립메이크업,낮으면서,1
올리브영,립메이크업,유일한,1
올리브영,립메이크업,공병,1
올리브영,립메이크업,다르고,1
올리브영,립메이크업,쟁여야겟어,1
올리브영,립메이크업,궁금했어서,1
올리브영,립메이크업,붉어지면서,1
올리브영,립메이크업,도톰하고,1
올리브영,립메이크업,로나,1
올리브영,립메이크업,온건,1
올리브영,립메이크업,야하더라구요,1
올리브영,립메이크업,년,1
올리브영,립메이크업,부농,1
올리브영,립메이크업,어둡고,1
올리브영,립메이크업,푸르고,1
올리브영,립메이크업,예쁜것,1
올리브영,립메이크업,그래프,1
올리브영,립메이크업,달레,1
올리브영,립메이크업,띠,1
올리브영,립메이크업,용했네,1
올리브영,립메이크업,짧지만,1
올리브영,립메이크업,과육,1
올리브영,립메이크업,어색하더라고요,1
올리브영,립메이크업,크리,1
올리브영,립메이크업,짝꿍템,1
올리브영,립메이크업,딱일것,1
올리브영,립메이크업,기세,1
올리브영,립메이크업,꼭대기,1
올리브영,립메이크업,좌르르,1
올리브영,립메이크업,전시,1
올리브영,립메이크업,동글동글,1
올리브영,립메이크업,귀여워,1
올리브영,립메이크업,어워즈,1
올리브영,립메이크업,펄,1
올리브영,립메이크업,은은하고,1
올리브영,립메이크업,아까울만큼,1
올리브영,립메이크업,다릅니다,1
올리브영,립메이크업,붉더라구요,1
올리브영,립메이크업,펌킨,1
올리브영,립메이크업,이뿌네여,1
올리브영,립메이크업,있다,1
올리브영,립메이크업,봄갈웜,1
올리브영,립메이크업,어쩜이리예,1
올리브영,립메이크업,바용,1
올리브영,립메이크업,있지는,1
올리브영,립메이크업,다크웜톤,1
올리브영,립메이크업,놉,1
올리브영,립메이크업,화사합니,1
올리브영,립메이크업,좋지는,1
올리브영,립메이크업,웜할줄,1
올리브영,립메이크업,뉴트럴해,1
올리브영,립메이크업,탁해지니,1
올리브영,립메이크업,부탁드릴게요,1
올리브영,립메이크업,예뻐졌네요,1
올리브영,립메이크업,아닌가,1
올리브영,립메이크업,탁기,1
올리브영,립메이크업,전후,1
올리브영,립메이크업,붉게,1
올리브영,립메이크업,뿌연,1
올리브영,립메이크업,얼룩덜룩해졌던,1
올리브영,립메이크업,괜찮음,1
올리브영,립메이크업,트리,1
올리브영,립메이크업,금,1
올리브영,립메이크업,단단해,1
올리브영,립메이크업,실망한,1
올리브영,립메이크업,가시,1
올리브영,립메이크업,궁금했지만,1
올리브영,립메이크업,스테디,1
올리브영,립메이크업,예뿝니,1
올리브영,립메이크업,괜찮았던,1
올리브영,립메이크업,쉽사리,1
올리브영,립메이크업,실내,1
올리브영,립메이크업,외부,1
올리브영,립메이크업,한결,1
올리브영,립메이크업,선명해지,1
올리브영,립메이크업,산뜻한,1
올리브영,립메이크업,생일,1
올리브영,립메이크업,안되지도,1
올리브영,립메이크업,예뻐졌어요,1
올리브영,립메이크업,두꺼운,1
올리브영,립메이크업,강했는데,1
올리브영,립메이크업,반짝반짝한,1
올리브영,립메이크업,발레,1
올리브영,립메이크업,아니야,1
올리브영,립메이크업,기보,1
올리브영,립메이크업,거민,1
올리브영,립메이크업,내지,1
올리브영,립메이크업,차분해서인지,1
올리브영,립메이크업,비치,1
올리브영,립메이크업,잘맞아,1
올리브영,립메이크업,훨,1
올리브영,립메이크업,색상표,1
올리브영,립메이크업,붉은기,1
올리브영,립메이크업,반정,1
올리브영,립메이크업,강해요,1
올리브영,립메이크업,생기발랄해지고,1
올리브영,립메이크업,토끼,1
올리브영,립메이크업,헴,1
올리브영,립메이크업,멜로,1
올리브영,립메이크업,뛰어나진,1
올리브영,립메이크업,서도,1
올리브영,립메이크업,셔,1
올리브영,립메이크업,높,1
올리브영,립메이크업,저렴한,1
올리브영,립메이크업,좋다면,1
올리브영,립메이크업,전작,1
올리브영,립메이크업,예뻐지고,1
올리브영,립메이크업,오묘하고,1
올리브영,립메이크업,쿨하게도,1
올리브영,립메이크업,웜에하,1
올리브영,립메이크업,처,1
올리브영,립메이크업,돌이,1
올리브영,립메이크업,로써,1
올리브영,립메이크업,쿨립,1
올리브영,립메이크업,어둡게,1
올리브영,립메이크업,그롷,1
올리브영,립메이크업,겨닼,1
올리브영,립메이크업,투비,1
올리브영,립메이크업,앙한거,1
올리브영,립메이크업,에프,1
올리브영,립메이크업,리콧,1
올리브영,립메이크업,눈썹,1
올리브영,립메이크업,에프리콧,1
올리브영,립메이크업,래서,1
올리브영,립메이크업,환장하실,1
올리브영,립메이크업,먼가,1
올리브영,립메이크업,멀드피치,1
올리브영,립메이크업,나른하게,1
올리브영,립메이크업,조려,1
올리브영,립메이크업,강하네요,1
올리브영,립메이크업,쿄쿄,1
올리브영,립메이크업,똑같지만,1
올리브영,립메이크업,유리,1
올리브영,립메이크업,만족스런,1
올리브영,립메이크업,폭도,1
올리브영,립메이크업,넓고,1
올리브영,립메이크업,강추임,1
올리브영,립메이크업,권위자,1
올리브영,립메이크업,유툽,1
올리브영,립메이크업,나방,1
올리브영,립메이크업,관계자,1
올리브영,립메이크업,유명한데에는,1
올리브영,립메이크업,어른,1
올리브영,립메이크업,잔말,1
올리브영,립메이크업,딱하지는,1
올리브영,립메이크업,기타,1
올리브영,립메이크업,귀여워진것,1
올리브영,립메이크업,적도,1
올리브영,립메이크업,대도,1
올리브영,립메이크업,부담스러운,1
올리브영,립메이크업,순서,1
올리브영,립메이크업,딘,1
올리브영,립메이크업,너티쥴레,1
올리브영,립메이크업,물든,1
올리브영,립메이크업,잠시,1
올리브영,립메이크업,탱탱해,1
올리브영,립메이크업,틈틈이,1
올리브영,립메이크업,멜팅밤,1
올리브영,립메이크업,일드,1
올리브영,립메이크업,빡침,1
올리브영,립메이크업,해외여행,1
올리브영,립메이크업,급하니까,1
올리브영,립메이크업,플라스틱,1
올리브영,립메이크업,부피,1
올리브영,립메이크업,많았음,1
올리브영,립메이크업,삐걱,1
올리브영,립메이크업,규격,1
올리브영,립메이크업,꽉,1
올리브영,립메이크업,없었기,1
올리브영,립메이크업,빡쳐서,1
올리브영,립메이크업,총,1
올리브영,립메이크업,있단,1
올리브영,립메이크업,이야기,1
올리브영,립메이크업,이럴줄,1
올리브영,립메이크업,조사,1
올리브영,립메이크업,만하,1
올리브영,립메이크업,완벽하네요,1
올리브영,립메이크업,세영,1
올리브영,립메이크업,마르고,1
올리브영,립메이크업,장하기,1
올리브영,립메이크업,놀이,1
올리브영,립메이크업,옵션,1
올리브영,립메이크업,유통,1
올리브영,립메이크업,기한,1
올리브영,립메이크업,연하면,1
올리브영,립메이크업,겹처,1
올리브영,립메이크업,화면,1
올리브영,립메이크업,인해서,1
올리브영,립메이크업,핑잘봄라,1
올리브영,립메이크업,일욜날,1
올리브영,립메이크업,월요일,1
올리브영,립메이크업,같아욬,1
올리브영,립메이크업,향기도,1
올리브영,립메이크업,마쮸,1
올리브영,립메이크업,마카,1
올리브영,립메이크업,자연스러워요,1
올리브영,립메이크업,세안,1
올리브영,립메이크업,클렌징폼,1
올리브영,립메이크업,알림,1
올리브영,립메이크업,결제,1
올리브영,립메이크업,픔절,1
올리브영,립메이크업,쿨한게,1
올리브영,립메이크업,이쁘니까,1
올리브영,립메이크업,물량,1
올리브영,립메이크업,종결,1
올리브영,립메이크업,쟁여둘,1
올리브영,립메이크업,잘되욤,1
올리브영,립메이크업,탁하지도,1
올리브영,립메이크업,툐,1
올리브영,립메이크업,삽,1
올리브영,립메이크업,탁하다고,1
올리브영,립메이크업,투명해지고,1
올리브영,립메이크업,광채,1
올리브영,립메이크업,진자,1
올리브영,립메이크업,틴투,1
올리브영,립메이크업,질적,1
올리브영,립메이크업,나쁘진,1
올리브영,립메이크업,라가,1
올리브영,립메이크업,소외,1
올리브영,립메이크업,쟁이세,1
올리브영,립메이크업,많쟈,1
올리브영,립메이크업,그러더라구요,1
올리브영,립메이크업,멀리,1
올리브영,립메이크업,가까이,1
올리브영,립메이크업,더럽게,1
올리브영,립메이크업,쿨해서,1
올리브영,립메이크업,있엇다,1
올리브영,립메이크업,같다고,1
올리브영,립메이크업,농도,1
올리브영,립메이크업,당분,1
올리브영,립메이크업,민스코,1
올리브영,립메이크업,님,1
올리브영,립메이크업,물광,1
올리브영,립메이크업,간,1
올리브영,립메이크업,남발,1
올리브영,립메이크업,그럴수밖에,1
올리브영,립메이크업,없게,1
올리브영,립메이크업,심,1
올리브영,립메이크업,결과,1
올리브영,립메이크업,변합니다,1
올리브영,립메이크업,있었습니다,1
올리브영,립메이크업,번거롭게,1
올리브영,립메이크업,식사,1
올리브영,립메이크업,주위,1
올리브영,립메이크업,번질,1
올리브영,립메이크업,있다는,1
올리브영,립메이크업,흡수,1
올리브영,립메이크업,종합,1
올리브영,립메이크업,더하고,1
올리브영,립메이크업,달라용,1
올리브영,립메이크업,시중,1
올리브영,립메이크업,쟁여놨어욭,1
올리브영,립메이크업,촉촉해두,1
올리브영,립메이크업,말라가,1
올리브영,립메이크업,듀이플,1
올리브영,립메이크업,머머,1
올리브영,립메이크업,핑쿠핑쿠,1
올리브영,립메이크업,있는거,1
올리브영,립메이크업,싫어하시는,1
올리브영,립메이크업,원했기,1
올리브영,립메이크업,휘뚜르쓰마뚜르쓰,1
올리브영,립메이크업,있잖아요,1
올리브영,립메이크업,여신,1
올리브영,립메이크업,단계,1
올리브영,립메이크업,포뮬라,1
올리브영,립메이크업,예뻐진듯,1
올리브영,립메이크업,럼립,1
올리브영,립메이크업,럼콕,1
올리브영,립메이크업,와인,1
올리브영,립메이크업,초이스,1
올리브영,립메이크업,갈뮽인줄,1
올리브영,립메이크업,봄웜립,1
올리브영,립메이크업,가깝습니다,1
올리브영,립메이크업,출퇴근,1
올리브영,립메이크업,보가,1
올리브영,립메이크업,촉촉함,1
올리브영,립메이크업,스러웠지만,1
올리브영,립메이크업,적응해서,1
올리브영,립메이크업,개도,1
올리브영,립메이크업,가챠,1
올리브영,립메이크업,고무장갑,1
올리브영,립메이크업,신물,1
올리브영,립메이크업,잠깐,1
올리브영,립메이크업,얼룩덜룩해서,1
올리브영,립메이크업,예쁘더라고요,1
올리브영,립메이크업,같았,1
올리브영,립메이크업,강하고,1
올리브영,립메이크업,불편할,1
올리브영,립메이크업,민감한,1
올리브영,립메이크업,촉촉함을,1
올리브영,립메이크업,원하신다면,1
올리브영,립메이크업,만족하면서,1
올리브영,립메이크업,이만,1
올리브영,립메이크업,꼽자,1
올리브영,립메이크업,호박,1
올리브영,립메이크업,가까운듯,1
올리브영,립메이크업,상큼,1
올리브영,립메이크업,핑잘봄들,1
올리브영,립메이크업,안되서,1
올리브영,립메이크업,개킹,1
올리브영,립메이크업,얇아지니까,1
올리브영,립메이크업,편하구,1
올리브영,립메이크업,비쌉니다,1
올리브영,립메이크업,비싸,1
올리브영,립메이크업,대여,1
올리브영,립메이크업,프리미엄,1
올리브영,립메이크업,아니면서,1
올리브영,립메이크업,이상하네,1
올리브영,립메이크업,네모,1
올리브영,립메이크업,겸,1
올리브영,립메이크업,없었어서,1
올리브영,립메이크업,내면,1
올리브영,립메이크업,있었으면,1
올리브영,립메이크업,정확하니,1
올리브영,립메이크업,설마,1
올리브영,립메이크업,눈물,1
올리브영,립메이크업,환생할,1
올리브영,립메이크업,릴바레,1
올리브영,립메이크업,불허,1
올리브영,립메이크업,엄청나게,1
올리브영,립메이크업,수줍은,1
올리브영,립메이크업,투쿨,1
올리브영,립메이크업,비슷할,1
올리브영,립메이크업,차갑지,1
올리브영,립메이크업,포지,1
올리브영,립메이크업,수중,1
올리브영,립메이크업,주장,1
올리브영,립메이크업,스스로,1
올리브영,립메이크업,의미,1
올리브영,립메이크업,있을까,1
올리브영,립메이크업,족족,1
올리브영,립메이크업,슬프네요,1
올리브영,립메이크업,좋아하셨던,1
올리브영,립메이크업,천이,1
올리브영,립메이크업,깔끔한,1
올리브영,립메이크업,네온,1
올리브영,립메이크업,쿨색,1
올리브영,립메이크업,플럼핑되,1
올리브영,립메이크업,신기해요,1
올리브영,립메이크업,화한,1
올리브영,립메이크업,욧,1
올리브영,립메이크업,신규,1
올리브영,립메이크업,차별,1
올리브영,립메이크업,있었던,1
올리브영,립메이크업,눌린,1
올리브영,립메이크업,사도,1
올리브영,립메이크업,화한가,1
올리브영,립메이크업,신기했구,1
올리브영,립메이크업,립스머저,1
올리브영,립메이크업,괜찮았어,1
올리브영,립메이크업,더한,1
올리브영,립메이크업,투명함이,1
올리브영,립메이크업,예쁘죠,1
올리브영,립메이크업,완죤,1
올리브영,립메이크업,추구,1
올리브영,립메이크업,미였는데요,1
올리브영,립메이크업,과거,1
올리브영,립메이크업,있었으나,1
올리브영,립메이크업,예쁘거든요,1
올리브영,립메이크업,예쁘단,1
올리브영,립메이크업,성숙한,1
올리브영,립메이크업,세련,1
올리브영,립메이크업,소장,1
올리브영,립메이크업,라보,1
올리브영,립메이크업,아메리카노,1
올리브영,립메이크업,투,1
올리브영,립메이크업,통틀어,1
올리브영,립메이크업,청순함,1
올리브영,립메이크업,평범했어요,1
올리브영,립메이크업,신기했어요,1
올리브영,립메이크업,비싸지만,1
올리브영,립메이크업,차가,1
올리브영,립메이크업,갈웜뮽,1
올리브영,립메이크업,핑잘봄웜,1
올리브영,립메이크업,갈웜뮤트,1
올리브영,립메이크업,어쨋,1
올리브영,립메이크업,밀크,1
올리브영,립메이크업,구립니다,1
올리브영,립메이크업,토,1
올리브영,립메이크업,거때매,1
올리브영,립메이크업,있는지도,1
올리브영,립메이크업,다행히,1
올리브영,립메이크업,찐득쫜득,1
올리브영,립메이크업,메컵,1
올리브영,립메이크업,많더라구요,1
올리브영,립메이크업,싼값,1
올리브영,립메이크업,봄웜틴트,1
올리브영,립메이크업,쁘아,1
올리브영,립메이크업,부디,1
올리브영,립메이크업,건강한,1
올리브영,립메이크업,비싸서,1
올리브영,립메이크업,특이,1
올리브영,립메이크업,누디볼,1
올리브영,립메이크업,상치,1
올리브영,립메이크업,더군요,1
올리브영,립메이크업,기능,1
올리브영,립메이크업,테디,1
올리브영,립메이크업,셀러,1
올리브영,립메이크업,두껍지,1
올리브영,립메이크업,진처,1
올리브영,립메이크업,때매,1
올리브영,립메이크업,찬양,1
올리브영,립메이크업,백,1
올리브영,립메이크업,요정,1
올리브영,립메이크업,개성,1
올리브영,립메이크업,미지근한듯,1
올리브영,립메이크업,텐텐,1
올리브영,립메이크업,좋아합니당,1
올리브영,립메이크업,키드,1
올리브영,립메이크업,당근,1
올리브영,립메이크업,스러웠습니다,1
올리브영,립메이크업,없었나,1
올리브영,립메이크업,더운,1
올리브영,립메이크업,황기,1
올리브영,립메이크업,좋아했고,1
올리브영,립메이크업,공장,1
올리브영,립메이크업,변하는,1
올리브영,립메이크업,힘들어요,1
올리브영,립메이크업,삐,1
올리브영,립메이크업,어둡지,1
올리브영,립메이크업,진해졌습니다,1
올리브영,립메이크업,건조하신,1
올리브영,립메이크업,플럼핑펜슬,1
올리브영,립메이크업,쟁일까,1
올리브영,립메이크업,맑아졌어요,1
올리브영,립메이크업,발색해,1
올리브영,립메이크업,눈부신,1
올리브영,립메이크업,희귀,1
올리브영,립메이크업,발광하는,1
올리브영,립메이크업,흔적,1
올리브영,립메이크업,안타깝네요,1
올리브영,립메이크업,광해,1
올리브영,립메이크업,좋았을,1
올리브영,립메이크업,밝기,1
올리브영,립메이크업,마음속,1
올리브영,립메이크업,명품,1
올리브영,립메이크업,미묘한,1
올리브영,립메이크업,뻔하고,1
올리브영,립메이크업,이렇다,1
올리브영,립메이크업,나진,1
올리브영,립메이크업,변향,1
올리브영,립메이크업,번거롭더라도,1
올리브영,립메이크업,오염,1
올리브영,립메이크업,기술,1
올리브영,립메이크업,발전,1
올리브영,립메이크업,예쁩니당,1
올리브영,립메이크업,론데,1
올리브영,립메이크업,로코코,1
올리브영,립메이크업,듀이풀,1
올리브영,립메이크업,심하냐,1
올리브영,립메이크업,심함,1
올리브영,립메이크업,다룸,1
올리브영,립메이크업,민감,1
올리브영,립메이크업,괜찮길래,1
올리브영,립메이크업,얘기,1
올리브영,립메이크업,렫,1
올리브영,립메이크업,땡,1
올리브영,립메이크업,짱짱,1
올리브영,립메이크업,미쳣습니,1
올리브영,립메이크업,이뻤어요,1
올리브영,립메이크업,오전,1
올리브영,립메이크업,놧,1
올리브영,립메이크업,이뿜,1
올리브영,립메이크업,봄웜여쿨,1
올리브영,립메이크업,높아서,1
올리브영,립메이크업,돈값,1
올리브영,립메이크업,건조해지는게,1
올리브영,립메이크업,조아요,1
올리브영,립메이크업,폰,1
올리브영,립메이크업,전면,1
올리브영,립메이크업,좋아하네요,1
올리브영,립메이크업,뿌듯,1
올리브영,립메이크업,쿨톤색,1
올리브영,립메이크업,이도,1
올리브영,립메이크업,미쳤네요,1
올리브영,립메이크업,신의,1
올리브영,립메이크업,한수,1
올리브영,립메이크업,형식,1
올리브영,립메이크업,블렌딩돼,1
올리브영,립메이크업,옅어진,1
올리브영,립메이크업,플럼퍼,1
올리브영,립메이크업,도톰해지고,1
올리브영,립메이크업,볼륨,1
올리브영,립메이크업,예뻐지는,1
올리브영,립메이크업,신기한게,1
올리브영,립메이크업,되어버,1
올리브영,립메이크업,없었어,1
올리브영,립메이크업,아름다운것,1
올리브영,립메이크업,생강,1
올리브영,립메이크업,웜톤쿨톤,1
올리브영,립메이크업,없음쪼끔,1
올리브영,립메이크업,감지덕지,1
올리브영,립메이크업,똑같음,1
올리브영,립메이크업,휘그,1
올리브영,립메이크업,웨메,1
올리브영,립메이크업,앙해,1
올리브영,립메이크업,흐,1
올리브영,립메이크업,한결같은,1
올리브영,립메이크업,소나무,1
올리브영,립메이크업,사계절,1
올리브영,립메이크업,좋아하는데요,1
올리브영,립메이크업,딱입니다와,1
올리브영,립메이크업,분홍색,1
올리브영,립메이크업,븝,1
올리브영,립메이크업,얜,1
올리브영,립메이크업,기절,1
올리브영,립메이크업,란,1
올리브영,립메이크업,썸,1
올리브영,립메이크업,남친,1
올리브영,립메이크업,부모님,1
올리브영,립메이크업,좋다하셨어요,1
올리브영,립메이크업,연하실수도,1
올리브영,립메이크업,폴,1
올리브영,립메이크업,러브,1
올리브영,립메이크업,귀찮아하는,1
올리브영,립메이크업,므,1
올리브영,립메이크업,존옌데,1
올리브영,립메이크업,낫뱃인듯,1
올리브영,립메이크업,학생,1
올리브영,립메이크업,스카,1
올리브영,립메이크업,공부,1
올리브영,립메이크업,버릇,1
올리브영,립메이크업,일쑤,1
올리브영,립메이크업,탓,1
올리브영,립메이크업,짱짱해서,1
올리브영,립메이크업,안치,1
올리브영,립메이크업,일주일,1
올리브영,립메이크업,세부,1
올리브영,립메이크업,체감,1
올리브영,립메이크업,상,1
올리브영,립메이크업,심하진,1
올리브영,립메이크업,렷,1
올리브영,립메이크업,연한거,1
올리브영,립메이크업,삿,1
올리브영,립메이크업,칙칙해지고,1
올리브영,립메이크업,붉다,1
올리브영,립메이크업,진하,1
올리브영,립메이크업,며,1
올리브영,립메이크업,좋아하셨는데요,1
올리브영,립메이크업,뿌듯하더라고요,1
올리브영,립메이크업,연해져,1
올리브영,립메이크업,오특,1
올리브영,립메이크업,파운데이션,1
올리브영,립메이크업,저만큼,1
올리브영,립메이크업,탁하다,1
올리브영,립메이크업,낮다고,1
올리브영,립메이크업,빛깔,1
올리브영,립메이크업,효,1
올리브영,립메이크업,무게,1
올리브영,립메이크업,가볍나요,1
올리브영,립메이크업,맑으면서,1
올리브영,립메이크업,롬,1
올리브영,립메이크업,묽은,1
올리브영,립메이크업,로션,1
올리브영,립메이크업,같다가,1
올리브영,립메이크업,코팅,1
올리브영,립메이크업,향맛,1
올리브영,립메이크업,나이,1
올리브영,립메이크업,표기,1
올리브영,립메이크업,좋겠다,1
올리브영,립메이크업,호톤,1
올리브영,립메이크업,최선,1
올리브영,립메이크업,봄라갈뮽,1
올리브영,립메이크업,로스팅,1
올리브영,립메이크업,텀,1
올리브영,립메이크업,몬,1
올리브영,립메이크업,심한게,1
올리브영,립메이크업,애프리콧,1
올리브영,립메이크업,리아,1
올리브영,립메이크업,비슷해용,1
올리브영,립메이크업,촉촉하다의,1
올리브영,립메이크업,햇습,1
올리브영,립메이크업,리더,1
올리브영,립메이크업,쿨한데,1
올리브영,립메이크업,궁근,1
올리브영,립메이크업,쿨톤글,1
올리브영,립메이크업,좋을텐데,1
올리브영,립메이크업,편하긴하네,1
올리브영,립메이크업,더구요,1
올리브영,립메이크업,쩔어요,1
올리브영,립메이크업,누락,1
올리브영,립메이크업,빈공간,1
올리브영,립메이크업,개짝,1
올리브영,립메이크업,쿨함이,1
올리브영,립메이크업,밋힌듯,1
올리브영,립메이크업,어쩐지,1
올리브영,립메이크업,숩,1
올리브영,립메이크업,촉촉하구,1
올리브영,립메이크업,미지근하긴,1
올리브영,립메이크업,서늘한,1
올리브영,립메이크업,지근,1
올리브영,립메이크업,흡족,1
올리브영,립메이크업,퍼,1
올리브영,립메이크업,리핑,1
올리브영,립메이크업,유유,1
올리브영,립메이크업,녀,1
올리브영,립메이크업,살땐,1
올리브영,립메이크업,색니,1
올리브영,립메이크업,붉어지니,1
올리브영,립메이크업,팥죽,1
올리브영,립메이크업,배,1
올리브영,립메이크업,만행,1
올리브영,립메이크업,불매,1
올리브영,립메이크업,키링,1
올리브영,립메이크업,블로그,1
올리브영,립메이크업,웜한쪽,1
올리브영,립메이크업,가까워요,1
올리브영,립메이크업,열,1
올리브영,립메이크업,똑같으니까,1
올리브영,립메이크업,헐렁해,1
올리브영,립메이크업,튼튼하게,1
올리브영,립메이크업,화살표,1
올리브영,립메이크업,두콧,1
올리브영,립메이크업,봄색,1
올리브영,립메이크업,웜한편,1
올리브영,립메이크업,롬앤쥬시,1
올리브영,립메이크업,프랑,1
올리브영,립메이크업,척톡,1
올리브영,립메이크업,거도,1
올리브영,립메이크업,촉톡,1
올리브영,립메이크업,이쁠,1
올리브영,립메이크업,탁해져서,1
올리브영,립메이크업,진해졌을,1
올리브영,립메이크업,예뿝,1
올리브영,립메이크업,입숭,1
올리브영,립메이크업,말씀,1
올리브영,립메이크업,트라블,1
올리브영,립메이크업,없다늠것,1
올리브영,립메이크업,이상하고,1
올리브영,립메이크업,이상한,1
올리브영,립메이크업,곳,1
올리브영,립메이크업,찝찝할텐데,1
올리브영,립메이크업,그렇지가,1
올리브영,립메이크업,저렴하다는,1
올리브영,립메이크업,그럴수,1
올리브영,립메이크업,없는것이,1
올리브영,립메이크업,안타깝긴,1
올리브영,립메이크업,일방,1
올리브영,립메이크업,유연성,1
올리브영,립메이크업,곳곳이,1
올리브영,립메이크업,란제리,1
올리브영,립메이크업,입생로랑,1
올리브영,립메이크업,플래싱,1
올리브영,립메이크업,로제,1
올리브영,립메이크업,아보,1
올리브영,립메이크업,변한,1
올리브영,립메이크업,이온,1
올리브영,립메이크업,누디색,1
올리브영,립메이크업,다합,1
올리브영,립메이크업,낫,1
올리브영,립메이크업,배드,1
올리브영,립메이크업,였슴다,1
올리브영,립메이크업,찰턱,1
올리브영,립메이크업,불편하긴,1
올리브영,립메이크업,리플렉,1
올리브영,립메이크업,넥타,1
올리브영,립메이크업,로즈퓨레,1
올리브영,립메이크업,잉크,1
올리브영,립메이크업,플럼모브,1
올리브영,립메이크업,립글,1
올리브영,립메이크업,쫀쫀함,1
올리브영,립메이크업,미스,1
올리브영,립메이크업,그랬지만,1
올리브영,립메이크업,편안했어요,1
올리브영,립메이크업,방금,1
올리브영,립메이크업,이런거,1
올리브영,립메이크업,사소한거,1
올리브영,립메이크업,하나로,1
올리브영,립메이크업,아랫입술,1
올리브영,립메이크업,청순하면서도,1
올리브영,립메이크업,강하진,1
올리브영,립메이크업,겨쿨템,1
올리브영,립메이크업,고광택,1
올리브영,립메이크업,표,1
올리브영,립메이크업,부착,1
올리브영,립메이크업,마이,1
올리브영,립메이크업,맹랑,1
올리브영,립메이크업,예뻤습니다,1
올리브영,립메이크업,변했어요,1
올리브영,립메이크업,얺을까,1
올리브영,립메이크업,공식,1
올리브영,립메이크업,반해요,1
올리브영,립메이크업,길진,1
올리브영,립메이크업,모라,1
올리브영,립메이크업,피트,1
올리브영,립메이크업,쿨하네요,1
올리브영,립메이크업,있엌네,1
올리브영,립메이크업,따갑습니다,1
올리브영,립메이크업,구영,1
올리브영,립메이크업,퍄키,1
올리브영,립메이크업,매치,1
올리브영,립메이크업,홀린,1
올리브영,립메이크업,비글,1
올리브영,립메이크업,샤셰,1
올리브영,립메이크업,이애,1
올리브영,립메이크업,벨,1
올리브영,립메이크업,지쩌,1
올리브영,립메이크업,닥,1
올리브영,립메이크업,지지도,1
올리브영,립메이크업,좋았어여,1
올리브영,립메이크업,안되는것,1
올리브영,립메이크업,아무렇게나,1
올리브영,립메이크업,편했어여,1
올리브영,립메이크업,충분해,1
올리브영,립메이크업,멋있고,1
올리브영,립메이크업,있으면은,1
올리브영,립메이크업,안될,1
올리브영,립메이크업,심한,1
올리브영,립메이크업,있었음,1
올리브영,립메이크업,불투명,1
올리브영,립메이크업,대감,1
올리브영,립메이크업,그렇지는,1
올리브영,립메이크업,궁,1
올리브영,립메이크업,찐득하니,1
올리브영,립메이크업,지성,1
올리브영,립메이크업,예뿜,1
올리브영,립메이크업,촉촉햐짐,1
올리브영,립메이크업,간다,1
올리브영,립메이크업,돤,1
올리브영,립메이크업,립펜술,1
올리브영,립메이크업,효고,1
올리브영,립메이크업,도대체,1
올리브영,립메이크업,정확한,1
올리브영,립메이크업,민스코님,1
올리브영,립메이크업,훨씸,1
올리브영,립메이크업,만족해용,1
올리브영,립메이크업,쵝오에스쁘,1
올리브영,립메이크업,트,1
올리브영,립메이크업,요새,1
올리브영,립메이크업,듯이,1
올리브영,립메이크업,매라,1
올리브영,립메이크업,비슷함,1
올리브영,립메이크업,입장,1
올리브영,립메이크업,아니었으면,1
올리브영,립메이크업,얇아서,1
올리브영,립메이크업,인형,1
올리브영,립메이크업,로되,1
올리브영,립메이크업,괜찮을거,1
올리브영,립메이크업,있으,1
올리브영,립메이크업,민중,1
올리브영,립메이크업,촉촉글,1
올리브영,립메이크업,뻔하지,1
올리브영,립메이크업,유명해진,1
올리브영,립메이크업,같더라,1
올리브영,립메이크업,충,1
올리브영,립메이크업,예뽀,1
올리브영,립메이크업,예뻣는뎅,1
올리브영,립메이크업,예쁜데요,1
올리브영,립메이크업,피즈,1
올리브영,립메이크업,피그먼트,1
올리브영,립메이크업,얇아진,1
올리브영,립메이크업,만드,1
올리브영,립메이크업,맠갱이,1
올리브영,립메이크업,비싸게,1
올리브영,립메이크업,잘생겼,1
올리브영,립메이크업,쿨하진,1
올리브영,립메이크업,진할까봐,1
올리브영,립메이크업,있었거,1
올리브영,립메이크업,백도,1
올리브영,립메이크업,웜탠,1
올리브영,립메이크업,다드,1
올리브영,립메이크업,진짜진짜,1
올리브영,립메이크업,괜찮다고,1
올리브영,립메이크업,예쁠,1
올리브영,립메이크업,실패해서,1
올리브영,립메이크업,한콧,1
올리브영,립메이크업,찐득하지도,1
올리브영,립메이크업,촤르르,1
올리브영,립메이크업,지고,1
올리브영,립메이크업,다른것,1
올리브영,립메이크업,상이,1
올리브영,립메이크업,예쁘다는건,1
올리브영,립메이크업,아하,1
올리브영,립메이크업,촉촉하면서도,1
올리브영,립메이크업,괜찮아서,1
올리브영,립메이크업,맘에들면,1
올리브영,립메이크업,깔끔한게,1
올리브영,립메이크업,쨍한색,1
올리브영,립메이크업,병,1
올리브영,립메이크업,아픈데,1
올리브영,립메이크업,편안하더라,1
올리브영,립메이크업,값어치,1
올리브영,립메이크업,아쉬웠어용,1
올리브영,립메이크업,손민수,1
올리브영,립메이크업,시립,1
올리브영,립메이크업,다사,1
올리브영,립메이크업,짧아서,1
올리브영,립메이크업,미세하게,1
올리브영,립메이크업,아름다워,1
올리브영,립메이크업,미지근한데도,1
올리브영,립메이크업,동네,1
올리브영,립메이크업,샀슴미,1
올리브영,립메이크업,홀려,1
올리브영,립메이크업,아니잖어,1
올리브영,립메이크업,연하지도,1
올리브영,립메이크업,청초하게,1
올리브영,립메이크업,그런거,1
올리브영,립메이크업,뽀뽀,1
올리브영,립메이크업,기프트카드,1
올리브영,립메이크업,결혼,1
올리브영,립메이크업,존,1
올리브영,립메이크업,삐툴,1
올리브영,립메이크업,불편하고,1
올리브영,립메이크업,힘들고,1
올리브영,립메이크업,높았었는데,1
올리브영,립메이크업,그럼에도,1
올리브영,립메이크업,아깝다,1
올리브영,립메이크업,페,1
올리브영,립메이크업,쩡,1
올리브영,립메이크업,펀,1
올리브영,립메이크업,그다지,1
올리브영,립메이크업,자연스러,1
올리브영,립메이크업,뼈,1
올리브영,립메이크업,반짝반짝하고,1
올리브영,립메이크업,수수하게,1
올리브영,립메이크업,화려하고싶을,1
올리브영,립메이크업,이뽀용,1
올리브영,립메이크업,에뛰드,1
올리브영,립메이크업,바나나,1
올리브영,립메이크업,홈,1
올리브영,립메이크업,뛰드,1
올리브영,립메이크업,구름,1
올리브영,립메이크업,아플,1
올리브영,립메이크업,예민할,1
올리브영,립메이크업,영은,1
올리브영,립메이크업,올리브,1
올리브영,립메이크업,같기,1
올리브영,립메이크업,도하,1
올리브영,립메이크업,고요,1
올리브영,립메이크업,진하신,1
올리브영,립메이크업,중화,1
올리브영,립메이크업,용쌩얼용,1
올리브영,립메이크업,변할,1
올리브영,립메이크업,밑색,1
올리브영,립메이크업,아니예요,1
올리브영,립메이크업,광감,1
올리브영,립메이크업,것보,1
올리브영,립메이크업,많을,1
올리브영,립메이크업,커서,1
올리브영,립메이크업,싫으시거나,1
올리브영,립메이크업,원하시면,1
올리브영,립메이크업,가면,1
올리브영,립메이크업,옅어지는,1
올리브영,립메이크업,하운드,1
올리브영,립메이크업,중요하다하시는,1
올리브영,립메이크업,뱅쇼,1
올리브영,립메이크업,기대했지만,1
올리브영,립메이크업,겨쿨딥,1
올리브영,립메이크업,갈웜딥,1
올리브영,립메이크업,어마어마하구요,1
올리브영,립메이크업,그날,1
올리브영,립메이크업,보장,1
올리브영,립메이크업,도톰한,1
올리브영,립메이크업,필요없어서,1
올리브영,립메이크업,개월,1
올리브영,립메이크업,안녕하세요,1
올리브영,립메이크업,캐,1
올리브영,립메이크업,이스,1
올리브영,립메이크업,태,1
올리브영,립메이크업,두리,1
올리브영,립메이크업,싫었어요,1
올리브영,립메이크업,바이럴,1
올리브영,립메이크업,아니라고,1
올리브영,립메이크업,풀,1
올리브영,립메이크업,쿨톤애,1
올리브영,립메이크업,겨브,1
올리브영,립메이크업,어렵게,1
올리브영,립메이크업,귀찮았거든요,1
올리브영,립메이크업,립리무버,1
올리브영,립메이크업,스윽,1
올리브영,립메이크업,그런데도,1
올리브영,립메이크업,관종,1
올리브영,립메이크업,꾸준하게,1
올리브영,립메이크업,만날,1
올리브영,립메이크업,반가웠어요,1
올리브영,립메이크업,리터,1
올리브영,립메이크업,치가,1
올리브영,립메이크업,필요하지,1
올리브영,립메이크업,중요성,1
올리브영,립메이크업,끝내주는,1
올리브영,립메이크업,블프행사였,1
올리브영,립메이크업,만족도,1
올리브영,립메이크업,좋기,1
올리브영,립메이크업,블라인드,1
올리브영,립메이크업,의욕,1
올리브영,립메이크업,거울,1
올리브영,립메이크업,고도,1
올리브영,립메이크업,편했는데,1
올리브영,립메이크업,촌스러워져서,1
올리브영,립메이크업,어렵,1
올리브영,립메이크업,없을까,1
올리브영,립메이크업,기웃,1
올리브영,립메이크업,쫙,1
올리브영,립메이크업,한창때,1
올리브영,립메이크업,중요했단,1
올리브영,립메이크업,멋,1
올리브영,립메이크업,젠,1
올리브영,립메이크업,아니까,1
올리브영,립메이크업,뉴트럴느낌,1
올리브영,립메이크업,가오,1
올리브영,립메이크업,필요하다,1
올리브영,립메이크업,반가워서,1
올리브영,립메이크업,촉촉한게,1
올리브영,립메이크업,좋더라,1
올리브영,립메이크업,딜중,1
올리브영,립메이크업,고대로,1
올리브영,립메이크업,덜하게,1
올리브영,립메이크업,건조합니다,1
올리브영,립메이크업,흡사해요,1
올리브영,립메이크업,노란기,1
올리브영,립메이크업,남지,1
올리브영,립메이크업,전용,1
올리브영,립메이크업,리무버,1
올리브영,립메이크업,외형,1
올리브영,립메이크업,유튜버,1
올리브영,립메이크업,영상,1
올리브영,립메이크업,입문,1
올리브영,립메이크업,문구,1
올리브영,립메이크업,있듯이,1
올리브영,립메이크업,점심,1
올리브영,립메이크업,양치,1
올리브영,립메이크업,부드러워져서,1
올리브영,립메이크업,젊은,1
올리브영,립메이크업,스리,1
올리브영,립메이크업,아닌듯,1
올리브영,립메이크업,좋길래,1
올리브영,립메이크업,구애,1
올리브영,립메이크업,평이,1
올리브영,립메이크업,명불허전,1
올리브영,립메이크업,호가,1
올리브영,립메이크업,괜찮다,1
올리브영,립메이크업,깔끔하게잘,1
올리브영,립메이크업,달짝지근한,1
올리브영,립메이크업,깔끔히,1
올리브영,립메이크업,스록,1
올리브영,립메이크업,없드,1
올리브영,립메이크업,업업,1
올리브영,립메이크업,킹,1
올리브영,립메이크업,페탈쇼킹이긴,1
올리브영,립메이크업,어캐,1
올리브영,립메이크업,유희,1
올리브영,립메이크업,타협,1
올리브영,립메이크업,광나,1
올리브영,립메이크업,토닉,1
올리브영,립메이크업,문,1
올리브영,립메이크업,리브로,1
올리브영,립메이크업,호랑,1
올리브영,립메이크업,아닙니다만,1
올리브영,립메이크업,있겠죠,1
올리브영,립메이크업,쩅,1
올리브영,립메이크업,쩅하,1
올리브영,립메이크업,관건,1
올리브영,립메이크업,똑똑,1
올리브영,립메이크업,도구,1
올리브영,립메이크업,용해서,1
올리브영,립메이크업,했슴다,1
올리브영,립메이크업,내일,1
올리브영,립메이크업,그럴거예요,1
올리브영,립메이크업,뽀얀,1
올리브영,립메이크업,우리,1
올리브영,립메이크업,내기,1
올리브영,립메이크업,마른다는,1
올리브영,립메이크업,허여멀건한데,1
올리브영,립메이크업,연,1
올리브영,립메이크업,힘들,1
올리브영,립메이크업,스러워요,1
올리브영,립메이크업,대서,1
올리브영,립메이크업,템임,1
올리브영,립메이크업,모브쇼킹,1
올리브영,립메이크업,이정,1
올리브영,립메이크업,뽀용뽀용,1
올리브영,립메이크업,될둣,1
올리브영,립메이크업,난잡,1
올리브영,립메이크업,돠는거,1
올리브영,립메이크업,입술팩,1
올리브영,립메이크업,잘해야,1
올리브영,립메이크업,화려함이,1
올리브영,립메이크업,손색,1
올리브영,립메이크업,훌륭해서,1
올리브영,립메이크업,번의,1
올리브영,립메이크업,터치,1
올리브영,립메이크업,곡선,1
올리브영,립메이크업,손쉽게,1
올리브영,립메이크업,창백해질,1
올리브영,립메이크업,정이,1
올리브영,립메이크업,코타키나발루,1
올리브영,립메이크업,스노,1
올리브영,립메이크업,쿨링,1
올리브영,립메이크업,파크,1
올리브영,립메이크업,용했어요,1
올리브영,립메이크업,야할거,1
올리브영,립메이크업,차원,1
올리브영,립메이크업,촉촉하네요,1
올리브영,립메이크업,롭니,1
올리브영,립메이크업,검정,1
올리브영,립메이크업,수영장,1
올리브영,립메이크업,다음해,1
올리브영,립메이크업,자연스러운데,1
올리브영,립메이크업,화사해서,1
올리브영,립메이크업,낼,1
올리브영,립메이크업,자극,1
올리브영,립메이크업,웜톤이,1
올리브영,립메이크업,잘맞는듯,1
올리브영,립메이크업,차분하니,1
올리브영,립메이크업,똑같은지는,1
올리브영,립메이크업,괜찮아용,1
올리브영,립메이크업,건조하긴,1
올리브영,립메이크업,지송,1
올리브영,립메이크업,역도,1
올리브영,립메이크업,짝,1
올리브영,립메이크업,세기,1
올리브영,립메이크업,모습,1
올리브영,립메이크업,간택,1
올리브영,립메이크업,탁하거나,1
올리브영,립메이크업,비타민,1
올리브영,립메이크업,온고잉,1
올리브영,립메이크업,구리긴,1
올리브영,립메이크업,미쳤거든요,1
올리브영,립메이크업,통정,1
올리브영,립메이크업,염두,1
올리브영,립메이크업,비누,1
올리브영,립메이크업,촌,1
올리브영,립메이크업,바이바이,1
올리브영,립메이크업,좋아용,1
올리브영,립메이크업,년전,1
올리브영,립메이크업,이뻐도,1
올리브영,립메이크업,꽝,1
올리브영,립메이크업,치기,1
올리브영,립메이크업,애매한데,1
올리브영,립메이크업,체적,1
올리브영,립메이크업,겟잇,1
올리브영,립메이크업,스파클링,1
올리브영,립메이크업,유저,1
올리브영,립메이크업,신형,1
올리브영,립메이크업,프리,1
올리브영,립메이크업,종종,1
올리브영,립메이크업,보완,1
올리브영,립메이크업,영업,1
올리브영,립메이크업,작년,1
올리브영,립메이크업,사무,1
올리브영,립메이크업,퇴근,1
올리브영,립메이크업,트거,1
올리브영,립메이크업,든든해요,1
올리브영,립메이크업,나가시,1
올리브영,립메이크업,럼쇼킹,1
올리브영,립메이크업,엄한,1
올리브영,립메이크업,시크,1
올리브영,립메이크업,청초,1
올리브영,립메이크업,좋으다,1
올리브영,립메이크업,깔끔히잘,1
올리브영,립메이크업,확실한데,1
올리브영,립메이크업,좋아하지,1
올리브영,립메이크업,유명하다고,1
올리브영,립메이크업,달동,1
올리브영,립메이크업,아쉬웠지만,1
올리브영,립메이크업,고등학생,1
올리브영,립메이크업,살수,1
올리브영,립메이크업,값,1
올리브영,립메이크업,개강,1
올리브영,립메이크업,추템,1
올리브영,립메이크업,가능하셔요,1
올리브영,립메이크업,하야,1
올리브영,립메이크업,다해,1
올리브영,립메이크업,아줌마,1
올리브영,립메이크업,이상할듯,1
올리브영,립메이크업,건조해,1
올리브영,립메이크업,부드러워,1
올리브영,립메이크업,부자연스러워서,1
올리브영,립메이크업,개별,1
올리브영,립메이크업,싰는데,1
올리브영,립메이크업,심해서,1
올리브영,립메이크업,어렵지만,1
올리브영,립메이크업,유명하길래,1
올리브영,립메이크업,있네,1
올리브영,립메이크업,부족한거,1
올리브영,립메이크업,직업,1
올리브영,립메이크업,좋았으면,1
올리브영,립메이크업,뭣해,1
올리브영,립메이크업,희,1
올리브영,립메이크업,일상생활,1
올리브영,립메이크업,계통,1
올리브영,립메이크업,구분,1
올리브영,립메이크업,듯합,1
올리브영,립메이크업,화려하게,1
올리브영,립메이크업,강조,1
올리브영,립메이크업,단연,1
올리브영,립메이크업,코,1
올리브영,립메이크업,무시무시한,1
올리브영,립메이크업,오래되는,1
올리브영,립메이크업,쇼팅,1
올리브영,립메이크업,부담스러워서,1
올리브영,립메이크업,오잉,1
올리브영,립메이크업,예쁜데용,1
올리브영,립메이크업,갑인,1
올리브영,립메이크업,약한,1
올리브영,립메이크업,무적,1
올리브영,립메이크업,이예,1
올리브영,립메이크업,점도,1
올리브영,립메이크업,한층,1
올리브영,립메이크업,비례,1
올리브영,립메이크업,없다고,1
올리브영,립메이크업,반나절,1
올리브영,립메이크업,이상은,1
올리브영,립메이크업,없네,1
올리브영,립메이크업,괜찮지만,1
올리브영,립메이크업,글밤,1
올리브영,립메이크업,텁텁해,1
올리브영,립메이크업,옶나바,1
올리브영,립메이크업,굳,1
올리브영,립메이크업,입니디,1
올리브영,립메이크업,안됨,1
올리브영,립메이크업,특,1
올리브영,립메이크업,진해져요,1
올리브영,립메이크업,궁금해,1
올리브영,립메이크업,더라고요,1
올리브영,립메이크업,브쇼킹,1
올리브영,립메이크업,환,1
올리브영,립메이크업,우중충한,1
올리브영,립메이크업,토리,1
올리브영,립메이크업,모리,1
올리브영,립메이크업,없더라구요,1
올리브영,립메이크업,장만,1
올리브영,립메이크업,뛰어나고,1
올리브영,립메이크업,핫핑크,1
올리브영,립메이크업,다른건,1
올리브영,립메이크업,촉촉하기도,1
올리브영,립메이크업,이씨,1
올리브영,립메이크업,마라,1
올리브영,립메이크업,탕,1
올리브영,립메이크업,박수,1
올리브영,립메이크업,짝짝,1
올리브영,립메이크업,렌징,1
올리브영,립메이크업,아니도,1
올리브영,립메이크업,진정,1
올리브영,립메이크업,뛰어나용,1
올리브영,립메이크업,좋았답니당,1
올리브영,립메이크업,구멍,1
올리브영,립메이크업,황당,1
올리브영,립메이크업,흥,1
올리브영,립메이크업,글자,1
올리브영,립메이크업,케햇,1
올리브영,립메이크업,들뜨지,1
올리브영,립메이크업,더럽지,1
올리브영,립메이크업,가능한가요,1
올리브영,립메이크업,대고,1
올리브영,립메이크업,어케해,1
올리브영,립메이크업,저렴하니까,1
올리브영,립메이크업,오금,1
올리브영,립메이크업,부족하긴하지만,1
올리브영,립메이크업,미쳤다고,1
올리브영,립메이크업,개발,1
올리브영,립메이크업,포슬매트,1
올리브영,립메이크업,아쥬,1
올리브영,립메이크업,신기함,1
올리브영,립메이크업,침착,1
올리브영,립메이크업,유일하게,1
올리브영,립메이크업,다양하니,1
올리브영,립메이크업,많긴한데,1
올리브영,립메이크업,공유,1
올리브영,립메이크업,없엇스,1
올리브영,립메이크업,음춍,1
올리브영,립메이크업,딱이예요,1
올리브영,립메이크업,꼬리,1
올리브영,립메이크업,됫음,1
올리브영,립메이크업,슬기,1
올리브영,립메이크업,획,1
올리브영,립메이크업,혜자,1
올리브영,립메이크업,플러핑,1
올리브영,립메이크업,계,1
올리브영,립메이크업,쭈음,1
올리브영,립메이크업,좋으면,1
올리브영,립메이크업,핫,1
올리브영,립메이크업,테오,1
올리브영,립메이크업,트랙,1
올리브영,립메이크업,기쁘당,1
올리브영,립메이크업,미소,1
올리브영,립메이크업,방해,1
올리브영,립메이크업,조음,1
올리브영,립메이크업,우히히,1
올리브영,립메이크업,힛,1
올리브영,립메이크업,얏케,1
올리브영,립메이크업,히히힛,1
올리브영,립메이크업,같기두,1
올리브영,립메이크업,주음,1
올리브영,립메이크업,탁하게,1
올리브영,립메이크업,어울림,1
올리브영,립메이크업,웜누,1
올리브영,립메이크업,비슷하다고,1
올리브영,립메이크업,안개,1
올리브영,립메이크업,딱이겠다,1
올리브영,립메이크업,빨갛게,1
올리브영,립메이크업,높다고,1
올리브영,립메이크업,아쉬웠던,1
올리브영,립메이크업,안타까운,1
올리브영,립메이크업,적절한,1
올리브영,립메이크업,간편하긴,1
올리브영,립메이크업,여량,1
올리브영,립메이크업,가늠,1
올리브영,립메이크업,불편해요,1
올리브영,립메이크업,픽업량,1
올리브영,립메이크업,육안,1
올리브영,립메이크업,정보,1
올리브영,립메이크업,벽,1
올리브영,립메이크업,회끼도,1
올리브영,립메이크업,같은걸,1
올리브영,립메이크업,큘,1
올리브영,립메이크업,미지근하면서도,1
올리브영,립메이크업,복잡한데,1
올리브영,립메이크업,난감했던,1
올리브영,립메이크업,피오리,1
올리브영,립메이크업,그렇더라구요,1
올리브영,립메이크업,괜찮았어용,1
올리브영,립메이크업,기적,1
올리브영,립메이크업,심하고,1
올리브영,립메이크업,담점,1
올리브영,립메이크업,안성,1
올리브영,립메이크업,마춤,1
올리브영,립메이크업,꿀팁,1
올리브영,립메이크업,대로,1
올리브영,립메이크업,극악,1
올리브영,립메이크업,사자,1
올리브영,립메이크업,찌,1
올리브영,립메이크업,팔목,1
올리브영,립메이크업,낮으면,1
올리브영,립메이크업,쫌,1
올리브영,립메이크업,애매하다,1
올리브영,립메이크업,낮,1
올리브영,립메이크업,팔,1
올리브영,립메이크업,쿨링업,1
올리브영,립메이크업,흠,1
올리브영,립메이크업,애매한듯,1
올리브영,립메이크업,개쩌는데,1
올리브영,립메이크업,쥐,1
올리브영,립메이크업,딱이거든요,1
올리브영,립메이크업,저렴하고,1
올리브영,립메이크업,개코,1
올리브영,립메이크업,딱지,1
올리브영,립메이크업,이럴거면,1
올리브영,립메이크업,래드,1
올리브영,립메이크업,블렌딩되,1
올리브영,립메이크업,도랏슴,1
올리브영,립메이크업,발레리나,1
올리브영,립메이크업,드용,1
올리브영,립메이크업,그런가싶지만,1
올리브영,립메이크업,웜합,1
올리브영,립메이크업,필수품,1
올리브영,립메이크업,자자해서,1
올리브영,립메이크업,귀여워서,1
올리브영,립메이크업,기대한,1
올리브영,립메이크업,흙색,1
올리브영,립메이크업,같기는,1
올리브영,립메이크업,닼초,1
올리브영,립메이크업,늠김나,1
올리브영,립메이크업,무려,1
올리브영,립메이크업,의도,1
올리브영,립메이크업,겸비,1
올리브영,립메이크업,오류,1
올리브영,립메이크업,과연,1
올리브영,립메이크업,빠른,1
올리브영,립메이크업,시일,1
올리브영,립메이크업,가능할까,1
올리브영,립메이크업,훌륭한,1
올리브영,립메이크업,자리매,1
올리브영,립메이크업,통통한,1
올리브영,립메이크업,고발,1
올리브영,립메이크업,스모크,1
올리브영,립메이크업,퍼프,1
올리브영,립메이크업,사랑스러운,1
올리브영,립메이크업,어지러워요,1
올리브영,립메이크업,속수무책,1
올리브영,립메이크업,하루하루,1
올리브영,립메이크업,색다른,1
올리브영,립메이크업,설렘을,1
올리브영,립메이크업,안고,1
올리브영,립메이크업,더해,1
올리브영,립메이크업,적막,1
올리브영,립메이크업,있어선,1
올리브영,립메이크업,슬픈,1
올리브영,립메이크업,오직,1
올리브영,립메이크업,죄,1
올리브영,립메이크업,울,1
올리브영,립메이크업,마다,1
올리브영,립메이크업,별하나,1
올리브영,립메이크업,이빨,1
올리브영,립메이크업,옅은,1
올리브영,립메이크업,진했던,1
올리브영,립메이크업,확실하지만,1
올리브영,립메이크업,서늘하고,1
올리브영,립메이크업,핏빛,1
올리브영,립메이크업,날카롭게,1
올리브영,립메이크업,가까웠어요,1
올리브영,립메이크업,핏방울,1
올리브영,립메이크업,오싹한,1
올리브영,립메이크업,찍,1
올리브영,립메이크업,아이라이너,1
올리브영,립메이크업,이상할,1
올리브영,립메이크업,농,1
올리브영,립메이크업,데드,1
올리브영,립메이크업,찾기,1
올리브영,립메이크업,어려운데,1
올리브영,립메이크업,보송틴트,1
올리브영,립메이크업,살구색,1
올리브영,립메이크업,메이트,1
올리브영,립메이크업,간증,1
올리브영,립메이크업,그럴만,1
올리브영,립메이크업,란말,1
올리브영,립메이크업,후반,1
올리브영,립메이크업,훌쩍,1
올리브영,립메이크업,붐,1
올리브영,립메이크업,상관,1
올리브영,립메이크업,그러니,1
올리브영,립메이크업,아니더라도,1
올리브영,립메이크업,원하시는,1
올리브영,립메이크업,없으실,1
올리브영,립메이크업,낮아서,1
올리브영,립메이크업,빈티,1
올리브영,립메이크업,지하,1
올리브영,립메이크업,유혹,1
올리브영,립메이크업,갈증,1
올리브영,립메이크업,해소,1
올리브영,립메이크업,곁,1
올리브영,립메이크업,있어줘,1
올리브영,립메이크업,더없이,1
올리브영,립메이크업,이따,1
올리브영,립메이크업,편했구요,1
올리브영,립메이크업,작기,1
올리브영,립메이크업,작았어요,1
올리브영,립메이크업,길이,1
올리브영,립메이크업,마른,1
올리브영,립메이크업,단비,1
올리브영,립메이크업,재작년,1
올리브영,립메이크업,부터,1
올리브영,립메이크업,시작,1
올리브영,립메이크업,우후죽순,1
올리브영,립메이크업,착한,1
올리브영,립메이크업,대명사,1
올리브영,립메이크업,예민한,1
올리브영,립메이크업,없지,1
올리브영,립메이크업,미쳤고,1
올리브영,립메이크업,완벽해요,1
올리브영,립메이크업,고추장,1
올리브영,립메이크업,합리,1
올리브영,립메이크업,라며,1
올리브영,립메이크업,합리화,1
올리브영,립메이크업,알맞은,1
올리브영,립메이크업,대란,1
올리브영,립메이크업,등장,1
올리브영,립메이크업,반갑고,1
올리브영,립메이크업,귀하고,1
올리브영,립메이크업,드물기,1
올리브영,립메이크업,기쁘네요,1
올리브영,립메이크업,좌,1
올리브영,립메이크업,파라,1
올리브영,립메이크업,반신반의,1
올리브영,립메이크업,홀,1
올리브영,립메이크업,리카,1
올리브영,립메이크업,립팟,1
올리브영,립메이크업,피자,1
올리브영,립메이크업,보송매트,1
올리브영,립메이크업,특정,1
올리브영,립메이크업,회사,1
올리브영,립메이크업,테이블,1
올리브영,립메이크업,착해서,1
올리브영,립메이크업,퍼컬별,1
올리브영,립메이크업,세분,1
올리브영,립메이크업,화해서,1
올리브영,립메이크업,퍼컬들,1
올리브영,립메이크업,쟁이러,1
올리브영,립메이크업,건조했는데,1
올리브영,립메이크업,건조했어요,1
올리브영,립메이크업,쮸압,1
올리브영,립메이크업,성공,1
올리브영,립메이크업,포토,1
올리브영,립메이크업,어두워,1
올리브영,립메이크업,뉴트럴톤립,1
올리브영,립메이크업,좋았지만,1
올리브영,립메이크업,매끈해,1
올리브영,립메이크업,단,1
올리브영,립메이크업,자세,1
올리브영,립메이크업,비슷한것,1
올리브영,립메이크업,쿨했어요,1
올리브영,립메이크업,가까웠습니다,1
올리브영,립메이크업,아이폰,1
올리브영,립메이크업,촬영,1
올리브영,립메이크업,페리,1
올리브영,립메이크업,차지,1
올리브영,립메이크업,윀멬,1
올리브영,립메이크업,심했으니,1
올리브영,립메이크업,구원,1
올리브영,립메이크업,행복,1
올리브영,립메이크업,기쁨,1
올리브영,립메이크업,재능,1
올리브영,립메이크업,최강,1
올리브영,립메이크업,본사,1
올리브영,립메이크업,똑같지,1
올리브영,립메이크업,차가운,1
올리브영,립메이크업,부담스러우셨던,1
올리브영,립메이크업,눌리,1
올리브영,립메이크업,뽀용뽀용합,1
올리브영,립메이크업,짧아,1
올리브영,립메이크업,깜찍해서,1
올리브영,립메이크업,예뻐여,1
올리브영,립메이크업,귀하다,1
올리브영,립메이크업,행복해서,1
올리브영,립메이크업,정착,1
올리브영,립메이크업,아담해서,1
올리브영,립메이크업,일도,1
올리브영,립메이크업,가게,1
올리브영,립메이크업,인스타,1
올리브영,립메이크업,릴스,1
올리브영,립메이크업,많던데,1
올리브영,립메이크업,살걸,1
올리브영,립메이크업,블러셔러,1
올리브영,립메이크업,귀찮은,1
올리브영,립메이크업,눈가,1
올리브영,립메이크업,편합니다,1
올리브영,립메이크업,재빠르게,1
올리브영,립메이크업,야합니당,1
올리브영,립메이크업,심하구,1
올리브영,립메이크업,다람쥐,1
올리브영,립메이크업,없었고,1
올리브영,립메이크업,없는지,1
올리브영,립메이크업,마치,1
올리브영,립메이크업,양으로,1
올리브영,립메이크업,밀리,1
올리브영,립메이크업,좋았던,1
올리브영,립메이크업,호로,1
올리브영,립메이크업,허균,1
올리브영,립메이크업,리부,1
올리브영,립메이크업,같소,1
올리브영,립메이크업,방향,1
올리브영,립메이크업,천하오,1
올리브영,립메이크업,있었소이다,1
올리브영,립메이크업,가능하여,1
올리브영,립메이크업,좋았소,1
올리브영,립메이크업,마개,1
올리브영,립메이크업,좌우,1
올리브영,립메이크업,뭉치,1
올리브영,립메이크업,아쉬웠소,1
올리브영,립메이크업,리누얼,1
올리브영,립메이크업,공,1
올리브영,립메이크업,느좋입니,1
올리브영,립메이크업,비슷하네요,1
올리브영,립메이크업,괜찮은데,1
올리브영,립메이크업,윤곽,1
올리브영,립메이크업,간단,1
올리브영,립메이크업,꾸준한,1
올리브영,립메이크업,증명,1
올리브영,립메이크업,차분한데,1
올리브영,립메이크업,호불호,1
올리브영,립메이크업,좋아한다면,1
올리브영,립메이크업,일감,1
올리브영,립메이크업,레이디,1
올리브영,립메이크업,데인,1
올리브영,립메이크업,자주색,1
올리브영,립메이크업,천해,1
올리브영,립메이크업,진할수록,1
올리브영,립메이크업,눈화장,1
올리브영,립메이크업,안좋은,1
올리브영,립메이크업,불편하지,1
올리브영,립메이크업,아숩,1
올리브영,립메이크업,진했어,1
올리브영,립메이크업,분들껜,1
올리브영,립메이크업,우보,1
올리브영,립메이크업,다도,1
올리브영,립메이크업,번지,1
올리브영,립메이크업,상관없어요,1
올리브영,립메이크업,꾸욱,1
올리브영,립메이크업,비슷합니다,1
올리브영,립메이크업,상관없을듯,1
올리브영,립메이크업,현재,1
올리브영,립메이크업,애착,1
올리브영,립메이크업,실증,1
올리브영,립메이크업,있다가,1
올리브영,립메이크업,딱임,1
올리브영,립메이크업,똥,1
올리브영,립메이크업,햄버거,1
올리브영,립메이크업,만족스러웠어용,1
올리브영,립메이크업,만족하,1
올리브영,립메이크업,심욯,1
올리브영,립메이크업,욬,1
올리브영,립메이크업,바르먄,1
올리브영,립메이크업,힙해욥,1
올리브영,립메이크업,오만,1
올리브영,립메이크업,작다고,1
올리브영,립메이크업,이자연,1
올리브영,립메이크업,딱이었고요,1
올리브영,립메이크업,불량,1
올리브영,립메이크업,이런건,1
올리브영,립메이크업,무리는,1
올리브영,립메이크업,반품,1
올리브영,립메이크업,고재,1
올리브영,립메이크업,이제야,1
올리브영,립메이크업,분둘,1
올리브영,립메이크업,쟁일거임위,1
올리브영,립메이크업,아름다,1
올리브영,립메이크업,한겨울,1
올리브영,립메이크업,천재,1
올리브영,립메이크업,작은데,1
올리브영,립메이크업,안정감,1
올리브영,립메이크업,잇슴다,1
올리브영,립메이크업,성비,1
올리브영,립메이크업,자랑,1
올리브영,립메이크업,감초,1
올리브영,립메이크업,건조한건,1
올리브영,립메이크업,튕겨내,1
올리브영,립메이크업,광대,1
올리브영,립메이크업,폭폭,1
올리브영,립메이크업,실패하는,1
올리브영,립메이크업,괜찮으니,1
올리브영,립메이크업,빡빡,1
올리브영,립메이크업,웜딥,1
올리브영,립메이크업,도착,1
올리브영,립메이크업,꼭꼭,1
올리브영,립메이크업,증량해,1
올리브영,립메이크업,매입,1
올리브영,립메이크업,촌스러운,1
올리브영,립메이크업,원주민,1
올리브영,립메이크업,예쁘지는,1
올리브영,립메이크업,웬만하면,1
올리브영,립메이크업,충분했습니다,1
올리브영,립메이크업,한가지,1
올리브영,립메이크업,다양하지,1
올리브영,립메이크업,애매하고,1
올리브영,립메이크업,애매해서,1
올리브영,립메이크업,안되나,1
올리브영,립메이크업,슬퍼요,1
올리브영,립메이크업,예쁨요,1
올리브영,립메이크업,미다,1
올리브영,립메이크업,발색운,1
올리브영,립메이크업,극찬,1
올리브영,립메이크업,쟁였,1
올리브영,립메이크업,좋아히시면,1
올리브영,립메이크업,슬하,1
올리브영,립메이크업,좋으니,1
올리브영,립메이크업,최,1
올리브영,립메이크업,박했습니다,1
올리브영,립메이크업,겨딥,1
올리브영,립메이크업,미지근합니다만,1
올리브영,립메이크업,압도,1
올리브영,립메이크업,감사,1
올리브영,립메이크업,쿨해요,1
올리브영,립메이크업,탁하지만,1
올리브영,립메이크업,있긴한데,1
올리브영,립메이크업,있는것도,1
올리브영,립메이크업,아니여서,1
올리브영,립메이크업,반했어,1
올리브영,립메이크업,즐감,1
올리브영,립메이크업,이쁘지만,1
올리브영,립메이크업,갑임,1
올리브영,립메이크업,봄웜갈뮤,1
올리브영,립메이크업,셀프,1
올리브영,립메이크업,모카,1
올리브영,립메이크업,있으니까,1
올리브영,립메이크업,괜찮겠지,1
올리브영,립메이크업,진했습니다,1
올리브영,립메이크업,만약,1
올리브영,립메이크업,유명해지기,1
올리브영,립메이크업,뭐살,1
올리브영,립메이크업,강,1
올리브영,립메이크업,다짜고짜,1
올리브영,립메이크업,부문,1
올리브영,립메이크업,허옇,1
올리브영,립메이크업,상황,1
올리브영,립메이크업,안되어서,1
올리브영,립메이크업,적나라하게,1
올리브영,립메이크업,부들부들하게,1
올리브영,립메이크업,안좋음,1
올리브영,립메이크업,보송보송한,1
올리브영,립메이크업,안되고,1
올리브영,립메이크업,부드럽지안,1
올리브영,립메이크업,이하,1
올리브영,립메이크업,끝판,1
올리브영,립메이크업,웜로즈,1
올리브영,립메이크업,만족스럽,1
올리브영,립메이크업,딱이라서,1
올리브영,립메이크업,황토색,1
올리브영,립메이크업,띡,1
올리브영,립메이크업,분명,1
올리브영,립메이크업,쿨하지도,1
올리브영,립메이크업,특별함이,1
올리브영,립메이크업,불호,1
올리브영,립메이크업,가을웜딥,1
올리브영,립메이크업,보송보,1
올리브영,립메이크업,상담,1
올리브영,립메이크업,생상,1
올리브영,립메이크업,애도,1
올리브영,립메이크업,긱로즈였,1
올리브영,립메이크업,옅어져서,1
올리브영,립메이크업,필요했었어요,1
올리브영,립메이크업,사전,1
올리브영,립메이크업,오유,1
올리브영,립메이크업,잡기,1
올리브영,립메이크업,불편합니,1
올리브영,립메이크업,무지,1
올리브영,립메이크업,그램으나,1
올리브영,립메이크업,손꾸락,1
올리브영,립메이크업,작,1
올리브영,립메이크업,블루베리,1
올리브영,립메이크업,는걸,1
올리브영,립메이크업,팟,1
올리브영,립메이크업,자연스러우면서,1
올리브영,립메이크업,있겠으나,1
올리브영,립메이크업,미미한,1
올리브영,립메이크업,건조해지기,1
올리브영,립메이크업,실리콘,1
올리브영,립메이크업,억지,1
올리브영,립메이크업,화사,1
올리브영,립메이크업,빨간,1
올리브영,립메이크업,있죠,1
올리브영,립메이크업,무지개,1
올리브영,립메이크업,아니였지만,1
올리브영,립메이크업,예뻤어,1
올리브영,립메이크업,그런듯,1
올리브영,립메이크업,흰색,1
올리브영,립메이크업,우윳,1
올리브영,립메이크업,미세한,1
올리브영,립메이크업,색삼,1
올리브영,립메이크업,갤럭시,1
올리브영,립메이크업,휘,1
올리브영,립메이크업,그나,1
올리브영,립메이크업,똑같아서,1
올리브영,립메이크업,적극,1
올리브영,립메이크업,펜슬일,1
올리브영,립메이크업,유용할,1
올리브영,립메이크업,녹,1
올리브영,립메이크업,아들,1
올리브영,립메이크업,영락,1
올리브영,립메이크업,행,1
올리브영,립메이크업,갈웜들,1
올리브영,립메이크업,뭉게지,1
올리브영,립메이크업,작은게,1
올리브영,립메이크업,개이득,1
올리브영,립메이크업,약해,1
올리브영,립메이크업,부드렁,1
올리브영,립메이크업,여고,1
올리브영,립메이크업,코랄릿색,1
올리브영,립메이크업,브드럽,1
올리브영,립메이크업,신기합니다,1
올리브영,립메이크업,이준,1
올리브영,립메이크업,쳣,1
올리브영,립메이크업,소이,1
올리브영,아이메이크업,색,383
올리브영,아이메이크업,컬러,234
올리브영,아이메이크업,마스카라,233
올리브영,아이메이크업,지속,206
올리브영,아이메이크업,발색,181
올리브영,아이메이크업,눈,169
올리브영,아이메이크업,애교살,150
올리브영,아이메이크업,브라운,147
올리브영,아이메이크업,핑크,134
올리브영,아이메이크업,느낌,133
올리브영,아이메이크업,팔레트,119
올리브영,아이메이크업,도화,108
올리브영,아이메이크업,쿨,107
올리브영,아이메이크업,추천,101
올리브영,아이메이크업,마음에 들다,100
올리브영,아이메이크업,발림성,100
올리브영,아이메이크업,아이라이너,94
올리브영,아이메이크업,펄,93
올리브영,아이메이크업,메이크업,93
올리브영,아이메이크업,자연스러움,86
올리브영,아이메이크업,속눈썹,85
올리브영,아이메이크업,번짐,79
올리브영,아이메이크업,색감,78
올리브영,아이메이크업,다른,78
올리브영,아이메이크업,뮤트,78
올리브영,아이메이크업,호,78
올리브영,아이메이크업,라떼,77
올리브영,아이메이크업,분,77
올리브영,아이메이크업,밤,76
올리브영,아이메이크업,펜슬,74
올리브영,아이메이크업,트,73
올리브영,아이메이크업,그냥,73
올리브영,아이메이크업,에뛰드,71
올리브영,아이메이크업,부드럽게,70
올리브영,아이메이크업,기획,68
올리브영,아이메이크업,용,64
올리브영,아이메이크업,습,62
올리브영,아이메이크업,음영,61
올리브영,아이메이크업,화장,60
올리브영,아이메이크업,섀도우,59
올리브영,아이메이크업,라이너,58
올리브영,아이메이크업,약간,57
올리브영,아이메이크업,도화살,56
올리브영,아이메이크업,블러셔,55
올리브영,아이메이크업,편이,55
올리브영,아이메이크업,전,55
올리브영,아이메이크업,애굣살,55
올리브영,아이메이크업,아이,52
올리브영,아이메이크업,정도,52
올리브영,아이메이크업,예뻐요,51
올리브영,아이메이크업,투,51
올리브영,아이메이크업,좋아,50
올리브영,아이메이크업,같아,50
올리브영,아이메이크업,살짝,49
올리브영,아이메이크업,손,49
올리브영,아이메이크업,티어,48
올리브영,아이메이크업,증정,47
올리브영,아이메이크업,쿨톤,47
올리브영,아이메이크업,브러쉬,46
올리브영,아이메이크업,자주,46
올리브영,아이메이크업,몬,46
올리브영,아이메이크업,걸,45
올리브영,아이메이크업,볼륨,45
올리브영,아이메이크업,가루,44
올리브영,아이메이크업,없고,44
올리브영,아이메이크업,감,43
올리브영,아이메이크업,올리브영,43
올리브영,아이메이크업,피부,42
올리브영,아이메이크업,키링,42
올리브영,아이메이크업,가닥,42
올리브영,아이메이크업,발리,41
올리브영,아이메이크업,템,41
올리브영,아이메이크업,번지,41
올리브영,아이메이크업,예뻐서,40
올리브영,아이메이크업,톤,40
올리브영,아이메이크업,리뷰,40
올리브영,아이메이크업,왜,39
올리브영,아이메이크업,기존,39
올리브영,아이메이크업,라이트,38
올리브영,아이메이크업,점,38
올리브영,아이메이크업,앞,38
올리브영,아이메이크업,베이스,37
올리브영,아이메이크업,날림,37
올리브영,아이메이크업,클리오,37
올리브영,아이메이크업,유지,37
올리브영,아이메이크업,위,36
올리브영,아이메이크업,아이라인,36
올리브영,아이메이크업,이건,36
올리브영,아이메이크업,사진,36
올리브영,아이메이크업,완전,36
올리브영,아이메이크업,블랙,36
올리브영,아이메이크업,빛,35
올리브영,아이메이크업,형,35
올리브영,아이메이크업,포인트,35
올리브영,아이메이크업,프로,35
올리브영,아이메이크업,그,34
올리브영,아이메이크업,컬링,34
올리브영,아이메이크업,없어서,33
올리브영,아이메이크업,컬,33
올리브영,아이메이크업,픽스,33
올리브영,아이메이크업,쉬,32
올리브영,아이메이크업,같은,32
올리브영,아이메이크업,게,32
올리브영,아이메이크업,없는,31
올리브영,아이메이크업,프라이머,31
올리브영,아이메이크업,별로,30
올리브영,아이메이크업,다만,30
올리브영,아이메이크업,그레이,30
올리브영,아이메이크업,바로,30
올리브영,아이메이크업,입니,30
올리브영,아이메이크업,역시,30
올리브영,아이메이크업,에스쁘,29
올리브영,아이메이크업,자체,29
올리브영,아이메이크업,웜,29
올리브영,아이메이크업,요즘,29
올리브영,아이메이크업,끼,29
올리브영,아이메이크업,표현,29
올리브영,아이메이크업,이용,28
올리브영,아이메이크업,말,27
올리브영,아이메이크업,거의,27
올리브영,아이메이크업,연출,27
올리브영,아이메이크업,베이지,27
올리브영,아이메이크업,뽀용,27
올리브영,아이메이크업,무난,27
올리브영,아이메이크업,편,27
올리브영,아이메이크업,단점,27
올리브영,아이메이크업,덕분,27
올리브영,아이메이크업,조합,26
올리브영,아이메이크업,빠르고,26
올리브영,아이메이크업,더욱,26
올리브영,아이메이크업,도,26
올리브영,아이메이크업,웜톤,26
올리브영,아이메이크업,품,26
올리브영,아이메이크업,구성,25
올리브영,아이메이크업,꼭,25
올리브영,아이메이크업,가장,25
올리브영,아이메이크업,예쁘고,25
올리브영,아이메이크업,브,25
올리브영,아이메이크업,발라,25
올리브영,아이메이크업,최고,25
올리브영,아이메이크업,꼼꼼하게,25
올리브영,아이메이크업,부분,25
올리브영,아이메이크업,밑,25
올리브영,아이메이크업,많은,25
올리브영,아이메이크업,벚꽃,25
올리브영,아이메이크업,고민,24
올리브영,아이메이크업,살,24
올리브영,아이메이크업,계속,24
올리브영,아이메이크업,라이터,24
올리브영,아이메이크업,해,24
올리브영,아이메이크업,라인,24
올리브영,아이메이크업,세트,24
올리브영,아이메이크업,계획,24
올리브영,아이메이크업,건,24
올리브영,아이메이크업,좋았어요,24
올리브영,아이메이크업,포장,24
올리브영,아이메이크업,도착,24
올리브영,아이메이크업,신뢰,24
올리브영,아이메이크업,임,24
올리브영,아이메이크업,미니,24
올리브영,아이메이크업,하이,23
올리브영,아이메이크업,확실히,23
올리브영,아이메이크업,있어,23
올리브영,아이메이크업,도움,23
올리브영,아이메이크업,깔끔하게,23
올리브영,아이메이크업,안전하게,23
올리브영,아이메이크업,심할,23
올리브영,아이메이크업,사실,22
올리브영,아이메이크업,사람,22
올리브영,아이메이크업,항상,22
올리브영,아이메이크업,글리터,22
올리브영,아이메이크업,활용,22
올리브영,아이메이크업,피오,22
올리브영,아이메이크업,가지,22
올리브영,아이메이크업,타입,22
올리브영,아이메이크업,워낙,22
올리브영,아이메이크업,다시,21
올리브영,아이메이크업,이유,21
올리브영,아이메이크업,장점,21
올리브영,아이메이크업,봄웜,21
올리브영,아이메이크업,메컵,21
올리브영,아이메이크업,그리기,21
올리브영,아이메이크업,끝,21
올리브영,아이메이크업,시간,20
올리브영,아이메이크업,코랄,20
올리브영,아이메이크업,부드럽고,20
올리브영,아이메이크업,때문,20
올리브영,아이메이크업,적당한,20
올리브영,아이메이크업,라벤더,20
올리브영,아이메이크업,덩이,20
올리브영,아이메이크업,내,20
올리브영,아이메이크업,있는데,20
올리브영,아이메이크업,수정,20
올리브영,아이메이크업,애쉬,20
올리브영,아이메이크업,실루엣,20
올리브영,아이메이크업,빈티,19
올리브영,아이메이크업,뒤,19
올리브영,아이메이크업,버전,19
올리브영,아이메이크업,예쁘게,19
올리브영,아이메이크업,계열,19
올리브영,아이메이크업,얘,19
올리브영,아이메이크업,예뻐,19
올리브영,아이메이크업,유명한,19
올리브영,아이메이크업,워터,19
올리브영,아이메이크업,구,18
올리브영,아이메이크업,출시,18
올리브영,아이메이크업,입자,18
올리브영,아이메이크업,진한,18
올리브영,아이메이크업,존,18
올리브영,아이메이크업,있음,18
올리브영,아이메이크업,없어요,18
올리브영,아이메이크업,애,18
올리브영,아이메이크업,꼬리,18
올리브영,아이메이크업,샤프,18
올리브영,아이메이크업,자극,18
올리브영,아이메이크업,땐,18
올리브영,아이메이크업,후,18
올리브영,아이메이크업,기도,18
올리브영,아이메이크업,정착,18
올리브영,아이메이크업,치,18
올리브영,아이메이크업,휴대,18
올리브영,아이메이크업,누드,18
올리브영,아이메이크업,리뉴얼,17
올리브영,아이메이크업,비교,17
올리브영,아이메이크업,같,17
올리브영,아이메이크업,덜,17
올리브영,아이메이크업,노란,17
올리브영,아이메이크업,너,17
올리브영,아이메이크업,친구,17
올리브영,아이메이크업,로,17
올리브영,아이메이크업,피그,17
올리브영,아이메이크업,쿨리,17
올리브영,아이메이크업,예쁜,16
올리브영,아이메이크업,뭔가,16
올리브영,아이메이크업,밀착,16
올리브영,아이메이크업,질감,16
올리브영,아이메이크업,좋은데,16
올리브영,아이메이크업,취향,16
올리브영,아이메이크업,산,16
올리브영,아이메이크업,이쁘고,16
올리브영,아이메이크업,하루,16
올리브영,아이메이크업,단종,15
올리브영,아이메이크업,코어,15
올리브영,아이메이크업,좋을,15
올리브영,아이메이크업,같은데,15
올리브영,아이메이크업,눈가,15
올리브영,아이메이크업,붉은,15
올리브영,아이메이크업,볼,15
올리브영,아이메이크업,있,15
올리브영,아이메이크업,진,15
올리브영,아이메이크업,오히려,15
올리브영,아이메이크업,그런지,15
올리브영,아이메이크업,점막,15
올리브영,아이메이크업,두께,15
올리브영,아이메이크업,크림,15
올리브영,아이메이크업,디자인,14
올리브영,아이메이크업,있을,14
올리브영,아이메이크업,예전,14
올리브영,아이메이크업,모두,14
올리브영,아이메이크업,가을,14
올리브영,아이메이크업,부드러운,14
올리브영,아이메이크업,이뻐요,14
올리브영,아이메이크업,하나로,14
올리브영,아이메이크업,꽤,14
올리브영,아이메이크업,개인,14
올리브영,아이메이크업,블러,14
올리브영,아이메이크업,여,14
올리브영,아이메이크업,겨쿨,14
올리브영,아이메이크업,용도,14
올리브영,아이메이크업,봄,14
올리브영,아이메이크업,함,14
올리브영,아이메이크업,본인,14
올리브영,아이메이크업,알,14
올리브영,아이메이크업,그릴,14
올리브영,아이메이크업,종일,14
올리브영,아이메이크업,매장,14
올리브영,아이메이크업,로지,14
올리브영,아이메이크업,뭐,13
올리브영,아이메이크업,절대,13
올리브영,아이메이크업,채도,13
올리브영,아이메이크업,웜쿨,13
올리브영,아이메이크업,인생,13
올리브영,아이메이크업,만족해요,13
올리브영,아이메이크업,보,13
올리브영,아이메이크업,무쌍,13
올리브영,아이메이크업,합,13
올리브영,아이메이크업,아예,13
올리브영,아이메이크업,얼굴,13
올리브영,아이메이크업,신상,13
올리브영,아이메이크업,이쁘게,13
올리브영,아이메이크업,흰,13
올리브영,아이메이크업,첫,13
올리브영,아이메이크업,같습니다,13
올리브영,아이메이크업,아래,13
올리브영,아이메이크업,테스트,13
올리브영,아이메이크업,뻑뻑,13
올리브영,아이메이크업,살몬,13
올리브영,아이메이크업,뭉치,13
올리브영,아이메이크업,투쿨,13
올리브영,아이메이크업,브랜드,12
올리브영,아이메이크업,아니고,12
올리브영,아이메이크업,해도,12
올리브영,아이메이크업,같음,12
올리브영,아이메이크업,퀄리티,12
올리브영,아이메이크업,크게,12
올리브영,아이메이크업,연하게,12
올리브영,아이메이크업,진하게,12
올리브영,아이메이크업,펄감,12
올리브영,아이메이크업,다크,12
올리브영,아이메이크업,이런,12
올리브영,아이메이크업,복숭아,12
올리브영,아이메이크업,좋다고,12
올리브영,아이메이크업,많아서,12
올리브영,아이메이크업,고,12
올리브영,아이메이크업,사고,12
올리브영,아이메이크업,막,12
올리브영,아이메이크업,만,12
올리브영,아이메이크업,연한,12
올리브영,아이메이크업,이제,12
올리브영,아이메이크업,선택,12
올리브영,아이메이크업,조절,12
올리브영,아이메이크업,없어,12
올리브영,아이메이크업,기,12
올리브영,아이메이크업,좋네,12
올리브영,아이메이크업,갈색,12
올리브영,아이메이크업,온,12
올리브영,아이메이크업,가끔,12
올리브영,아이메이크업,만족합니,12
올리브영,아이메이크업,눈썹,12
올리브영,아이메이크업,프루프,12
올리브영,아이메이크업,용감,12
올리브영,아이메이크업,괜찮아요,12
올리브영,아이메이크업,오크,12
올리브영,아이메이크업,뽀,12
올리브영,아이메이크업,손등,12
올리브영,아이메이크업,롱,12
올리브영,아이메이크업,무엇,11
올리브영,아이메이크업,못,11
올리브영,아이메이크업,비슷한,11
올리브영,아이메이크업,예쁜데,11
올리브영,아이메이크업,멀,11
올리브영,아이메이크업,아쉬워요,11
올리브영,아이메이크업,그런,11
올리브영,아이메이크업,무조건,11
올리브영,아이메이크업,솔직히,11
올리브영,아이메이크업,여름,11
올리브영,아이메이크업,예뻤어요,11
올리브영,아이메이크업,등,11
올리브영,아이메이크업,음,11
올리브영,아이메이크업,피치,11
올리브영,아이메이크업,지금,11
올리브영,아이메이크업,거울,11
올리브영,아이메이크업,좋았습니다,11
올리브영,아이메이크업,셔,11
올리브영,아이메이크업,이름,11
올리브영,아이메이크업,양,11
올리브영,아이메이크업,움,11
올리브영,아이메이크업,최애,11
올리브영,아이메이크업,성은,11
올리브영,아이메이크업,집,11
올리브영,아이메이크업,똥손,11
올리브영,아이메이크업,카카오,11
올리브영,아이메이크업,픽싱,11
올리브영,아이메이크업,대체,11
올리브영,아이메이크업,컨실러,11
올리브영,아이메이크업,번트,11
올리브영,아이메이크업,토스트,11
올리브영,아이메이크업,통째,11
올리브영,아이메이크업,듀,11
올리브영,아이메이크업,진하고,10
올리브영,아이메이크업,매트,10
올리브영,아이메이크업,아쉬운,10
올리브영,아이메이크업,초보자,10
올리브영,아이메이크업,궁금해서,10
올리브영,아이메이크업,저번,10
올리브영,아이메이크업,심,10
올리브영,아이메이크업,딱히,10
올리브영,아이메이크업,새로,10
올리브영,아이메이크업,힘,10
올리브영,아이메이크업,붉,10
올리브영,아이메이크업,아니라서,10
올리브영,아이메이크업,완성,10
올리브영,아이메이크업,눈화장,10
올리브영,아이메이크업,딥,10
올리브영,아이메이크업,아니지만,10
올리브영,아이메이크업,이뻐,10
올리브영,아이메이크업,후회,10
올리브영,아이메이크업,은은한,10
올리브영,아이메이크업,늘,10
올리브영,아이메이크업,추,10
올리브영,아이메이크업,붓펜,10
올리브영,아이메이크업,통,10
올리브영,아이메이크업,금방,10
올리브영,아이메이크업,편하고,10
올리브영,아이메이크업,몇,10
올리브영,아이메이크업,걱정,10
올리브영,아이메이크업,전혀,10
올리브영,아이메이크업,차이,10
올리브영,아이메이크업,뒷트임,10
올리브영,아이메이크업,샵,10
올리브영,아이메이크업,순서대로,10
올리브영,아이메이크업,블렌딩,9
올리브영,아이메이크업,어떻게,9
올리브영,아이메이크업,참고,9
올리브영,아이메이크업,같고,9
올리브영,아이메이크업,추가,9
올리브영,아이메이크업,전반,9
올리브영,아이메이크업,그대로,9
올리브영,아이메이크업,얇게,9
올리브영,아이메이크업,포쉬,9
올리브영,아이메이크업,아니라,9
올리브영,아이메이크업,아니,9
올리브영,아이메이크업,할인,9
올리브영,아이메이크업,날,9
올리브영,아이메이크업,미지,9
올리브영,아이메이크업,눈매,9
올리브영,아이메이크업,광,9
올리브영,아이메이크업,덧,9
올리브영,아이메이크업,의사,9
올리브영,아이메이크업,유명해서,9
올리브영,아이메이크업,은은하게,9
올리브영,아이메이크업,겨울,9
올리브영,아이메이크업,스머징,9
올리브영,아이메이크업,골드,9
올리브영,아이메이크업,굉장히,9
올리브영,아이메이크업,이뻐서,9
올리브영,아이메이크업,듭니,9
올리브영,아이메이크업,필요,9
올리브영,아이메이크업,쟁여두고 싶은,9
올리브영,아이메이크업,햇,9
올리브영,아이메이크업,기분,9
올리브영,아이메이크업,다양한,9
올리브영,아이메이크업,클렌징,9
올리브영,아이메이크업,젤,9
올리브영,아이메이크업,주기,9
올리브영,아이메이크업,선명하게,9
올리브영,아이메이크업,좋겠어요,9
올리브영,아이메이크업,애교,9
올리브영,아이메이크업,눈밑,9
올리브영,아이메이크업,린넨,9
올리브영,아이메이크업,뷰러,9
올리브영,아이메이크업,고정,9
올리브영,아이메이크업,작은,8
올리브영,아이메이크업,팬,8
올리브영,아이메이크업,이상,8
올리브영,아이메이크업,핑크색,8
올리브영,아이메이크업,전체,8
올리브영,아이메이크업,수도,8
올리브영,아이메이크업,얇고,8
올리브영,아이메이크업,먼저,8
올리브영,아이메이크업,퓌,8
올리브영,아이메이크업,쉐도우,8
올리브영,아이메이크업,레전드,8
올리브영,아이메이크업,좋아하는,8
올리브영,아이메이크업,여리,8
올리브영,아이메이크업,색조,8
올리브영,아이메이크업,색력,8
올리브영,아이메이크업,둘,8
올리브영,아이메이크업,괜찮은,8
올리브영,아이메이크업,없었어요,8
올리브영,아이메이크업,미지근한,8
올리브영,아이메이크업,있었는데,8
올리브영,아이메이크업,그것,8
올리브영,아이메이크업,눈물,8
올리브영,아이메이크업,하얗게,8
올리브영,아이메이크업,쿨한,8
올리브영,아이메이크업,잘못,8
올리브영,아이메이크업,슴,8
올리브영,아이메이크업,존재,8
올리브영,아이메이크업,보이,8
올리브영,아이메이크업,뉴트럴,8
올리브영,아이메이크업,이쁜,8
올리브영,아이메이크업,선물,8
올리브영,아이메이크업,없으면,8
올리브영,아이메이크업,오늘,8
올리브영,아이메이크업,엄마,8
올리브영,아이메이크업,물,8
올리브영,아이메이크업,가성비,8
올리브영,아이메이크업,도전,8
올리브영,아이메이크업,단독,8
올리브영,아이메이크업,어,8
올리브영,아이메이크업,인조,8
올리브영,아이메이크업,샌드,8
올리브영,아이메이크업,끼임,8
올리브영,아이메이크업,울,8
올리브영,아이메이크업,굿,8
올리브영,아이메이크업,짐,8
올리브영,아이메이크업,액,8
올리브영,아이메이크업,형도,7
올리브영,아이메이크업,아닌,7
올리브영,아이메이크업,돈,7
올리브영,아이메이크업,줄,7
올리브영,아이메이크업,아쉽습니다,7
올리브영,아이메이크업,선호,7
올리브영,아이메이크업,얇은,7
올리브영,아이메이크업,거기,7
올리브영,아이메이크업,이전,7
올리브영,아이메이크업,확,7
올리브영,아이메이크업,에스,7
올리브영,아이메이크업,쁘,7
올리브영,아이메이크업,케이스,7
올리브영,아이메이크업,쉬머,7
올리브영,아이메이크업,홀,7
올리브영,아이메이크업,비싼데,7
올리브영,아이메이크업,질,7
올리브영,아이메이크업,크기,7
올리브영,아이메이크업,확실한,7
올리브영,아이메이크업,가요,7
올리브영,아이메이크업,베스트,7
올리브영,아이메이크업,주로,7
올리브영,아이메이크업,분위기,7
올리브영,아이메이크업,아쉽지만,7
올리브영,아이메이크업,평소,7
올리브영,아이메이크업,처럼,7
올리브영,아이메이크업,답,7
올리브영,아이메이크업,스틱,7
올리브영,아이메이크업,은기,7
올리브영,아이메이크업,예,7
올리브영,아이메이크업,파우치,7
올리브영,아이메이크업,필수,7
올리브영,아이메이크업,이쁩니다,7
올리브영,아이메이크업,있어용,7
올리브영,아이메이크업,만족,7
올리브영,아이메이크업,애용,7
올리브영,아이메이크업,복도,7
올리브영,아이메이크업,연장,7
올리브영,아이메이크업,좋아용,7
올리브영,아이메이크업,포스,7
올리브영,아이메이크업,유명,7
올리브영,아이메이크업,전용,7
올리브영,아이메이크업,샤이닝,7
올리브영,아이메이크업,솔이,7
올리브영,아이메이크업,충분히,6
올리브영,아이메이크업,실용,6
올리브영,아이메이크업,사이즈,6
올리브영,아이메이크업,핑잘봄,6
올리브영,아이메이크업,없음,6
올리브영,아이메이크업,나쁘지,6
올리브영,아이메이크업,좋아해서,6
올리브영,아이메이크업,쪽,6
올리브영,아이메이크업,같아용,6
올리브영,아이메이크업,프,6
올리브영,아이메이크업,랄,6
올리브영,아이메이크업,갑자기,6
올리브영,아이메이크업,은,6
올리브영,아이메이크업,꿀팁,6
올리브영,아이메이크업,찰떡,6
올리브영,아이메이크업,실제,6
올리브영,아이메이크업,다양해서,6
올리브영,아이메이크업,있었어요,6
올리브영,아이메이크업,리카,6
올리브영,아이메이크업,윈터,6
올리브영,아이메이크업,같아여,6
올리브영,아이메이크업,만족하는,6
올리브영,아이메이크업,옛날,6
올리브영,아이메이크업,만족하면서,6
올리브영,아이메이크업,상태,6
올리브영,아이메이크업,아이템,6
올리브영,아이메이크업,빔,6
올리브영,아이메이크업,가볍게,6
올리브영,아이메이크업,저녁,6
올리브영,아이메이크업,소장,6
올리브영,아이메이크업,깔끔한,6
올리브영,아이메이크업,앞머리,6
올리브영,아이메이크업,곳,6
올리브영,아이메이크업,있으니,6
올리브영,아이메이크업,좋아하는데,6
올리브영,아이메이크업,중간,6
올리브영,아이메이크업,예쁨,6
올리브영,아이메이크업,패키지,6
올리브영,아이메이크업,바람,6
올리브영,아이메이크업,거나,6
올리브영,아이메이크업,섀도,6
올리브영,아이메이크업,두,6
올리브영,아이메이크업,로만,6
올리브영,아이메이크업,강추,6
올리브영,아이메이크업,명도,6
올리브영,아이메이크업,주변,6
올리브영,아이메이크업,부드러워서,6
올리브영,아이메이크업,슬림,6
올리브영,아이메이크업,진해서,6
올리브영,아이메이크업,편해서,6
올리브영,아이메이크업,만큼,6
올리브영,아이메이크업,좋았어,6
올리브영,아이메이크업,심플,6
올리브영,아이메이크업,형태,6
올리브영,아이메이크업,네,6
올리브영,아이메이크업,김,6
올리브영,아이메이크업,다른거,6
올리브영,아이메이크업,뚜껑,6
올리브영,아이메이크업,편해,6
올리브영,아이메이크업,있네요,6
올리브영,아이메이크업,페일,6
올리브영,아이메이크업,길게,6
올리브영,아이메이크업,부담스럽지 않은,6
올리브영,아이메이크업,여태,6
올리브영,아이메이크업,멜로,6
올리브영,아이메이크업,우넛,6
올리브영,아이메이크업,스트로베리,6
올리브영,아이메이크업,귀찮아서,6
올리브영,아이메이크업,갓,6
올리브영,아이메이크업,디,6
올리브영,아이메이크업,시절,6
올리브영,아이메이크업,비슷해,6
올리브영,아이메이크업,용하게,6
올리브영,아이메이크업,블랜딩,6
올리브영,아이메이크업,길이,6
올리브영,아이메이크업,픽싱력,6
올리브영,아이메이크업,밖,6
올리브영,아이메이크업,스티,6
올리브영,아이메이크업,괜찮고,6
올리브영,아이메이크업,연필,6
올리브영,아이메이크업,오일,6
올리브영,아이메이크업,리무버,6
올리브영,아이메이크업,귀엽고,6
올리브영,아이메이크업,솔,6
올리브영,아이메이크업,귀여워요,6
올리브영,아이메이크업,기능,6
올리브영,아이메이크업,검정색,6
올리브영,아이메이크업,굳이,5
올리브영,아이메이크업,무,5
올리브영,아이메이크업,좀더,5
올리브영,아이메이크업,결론,5
올리브영,아이메이크업,멀한,5
올리브영,아이메이크업,강한,5
올리브영,아이메이크업,언니,5
올리브영,아이메이크업,손목,5
올리브영,아이메이크업,편입,5
올리브영,아이메이크업,칸,5
올리브영,아이메이크업,만족스러운,5
올리브영,아이메이크업,긱,5
올리브영,아이메이크업,예쁩니다,5
올리브영,아이메이크업,단단해서,5
올리브영,아이메이크업,유니크,5
올리브영,아이메이크업,비싼,5
올리브영,아이메이크업,평타,5
올리브영,아이메이크업,재,5
올리브영,아이메이크업,더더,5
올리브영,아이메이크업,좋을거,5
올리브영,아이메이크업,도감,5
올리브영,아이메이크업,그림자,5
올리브영,아이메이크업,방법,5
올리브영,아이메이크업,스머지,5
올리브영,아이메이크업,영감,5
올리브영,아이메이크업,예쁘더라구요,5
올리브영,아이메이크업,호수,5
올리브영,아이메이크업,왼쪽,5
올리브영,아이메이크업,아쉬워,5
올리브영,아이메이크업,있게,5
올리브영,아이메이크업,레드,5
올리브영,아이메이크업,보통,5
올리브영,아이메이크업,보라,5
올리브영,아이메이크업,보라색,5
올리브영,아이메이크업,그때,5
올리브영,아이메이크업,약해서,5
올리브영,아이메이크업,실망,5
올리브영,아이메이크업,만족해,5
올리브영,아이메이크업,영,5
올리브영,아이메이크업,진심,5
올리브영,아이메이크업,딱이에요,5
올리브영,아이메이크업,부탁드려요,5
올리브영,아이메이크업,뭐해,5
올리브영,아이메이크업,활,5
올리브영,아이메이크업,촉촉한,5
올리브영,아이메이크업,좋더라구요,5
올리브영,아이메이크업,오특,5
올리브영,아이메이크업,직접,5
올리브영,아이메이크업,주문,5
올리브영,아이메이크업,밀크,5
올리브영,아이메이크업,갈웜,5
올리브영,아이메이크업,같지만,5
올리브영,아이메이크업,스모키,5
올리브영,아이메이크업,번은,5
올리브영,아이메이크업,버,5
올리브영,아이메이크업,자마자,5
올리브영,아이메이크업,막상,5
올리브영,아이메이크업,예쁩니,5
올리브영,아이메이크업,뽀용뽀용,5
올리브영,아이메이크업,좋긴,5
올리브영,아이메이크업,있던,5
올리브영,아이메이크업,외출,5
올리브영,아이메이크업,필요한,5
올리브영,아이메이크업,붉은기,5
올리브영,아이메이크업,이쁘네요,5
올리브영,아이메이크업,스타일,5
올리브영,아이메이크업,가능,5
올리브영,아이메이크업,여행,5
올리브영,아이메이크업,편해요,5
올리브영,아이메이크업,터,5
올리브영,아이메이크업,화려한,5
올리브영,아이메이크업,짱,5
올리브영,아이메이크업,다가,5
올리브영,아이메이크업,면,5
올리브영,아이메이크업,있으면,5
올리브영,아이메이크업,펜,5
올리브영,아이메이크업,슬로,5
올리브영,아이메이크업,아침,5
올리브영,아이메이크업,또렷하게,5
올리브영,아이메이크업,면봉,5
올리브영,아이메이크업,현상,5
올리브영,아이메이크업,자연스러워요,5
올리브영,아이메이크업,굳,5
올리브영,아이메이크업,매일,5
올리브영,아이메이크업,작아서,5
올리브영,아이메이크업,부드러움,5
올리브영,아이메이크업,얇아서,5
올리브영,아이메이크업,강조,5
올리브영,아이메이크업,붓,5
올리브영,아이메이크업,보완,5
올리브영,아이메이크업,펜슬타입,5
올리브영,아이메이크업,힘들어요,5
올리브영,아이메이크업,자연스런,5
올리브영,아이메이크업,토프넛왜,5
올리브영,아이메이크업,같았음,5
올리브영,아이메이크업,안쟁여두,5
올리브영,아이메이크업,곤란한,5
올리브영,아이메이크업,드내애굣,5
올리브영,아이메이크업,몬내애굣,5
올리브영,아이메이크업,의도,5
올리브영,아이메이크업,귀차니즘,5
올리브영,아이메이크업,주름,5
올리브영,아이메이크업,형광,5
올리브영,아이메이크업,최근,5
올리브영,아이메이크업,인스타,5
올리브영,아이메이크업,검정,5
올리브영,아이메이크업,갠,5
올리브영,아이메이크업,예상,5
올리브영,아이메이크업,그거,5
올리브영,아이메이크업,인위,5
올리브영,아이메이크업,제발,5
올리브영,아이메이크업,당황,5
올리브영,아이메이크업,준,5
올리브영,아이메이크업,괜찮을,5
올리브영,아이메이크업,간편하게,5
올리브영,아이메이크업,분홍색,5
올리브영,아이메이크업,건성,5
올리브영,아이메이크업,호랑,5
올리브영,아이메이크업,소리,5
올리브영,아이메이크업,일반,5
올리브영,아이메이크업,빵빵,5
올리브영,아이메이크업,고정력,5
올리브영,아이메이크업,귀여워,5
올리브영,아이메이크업,부활,4
올리브영,아이메이크업,누구,4
올리브영,아이메이크업,포함,4
올리브영,아이메이크업,다르게,4
올리브영,아이메이크업,그렇고,4
올리브영,아이메이크업,듀얼,4
올리브영,아이메이크업,수가,4
올리브영,아이메이크업,허니,4
올리브영,아이메이크업,오트,4
올리브영,아이메이크업,우선,4
올리브영,아이메이크업,소프트,4
올리브영,아이메이크업,좋아하시는,4
올리브영,아이메이크업,맨,4
올리브영,아이메이크업,아쉽네요,4
올리브영,아이메이크업,안되고,4
올리브영,아이메이크업,라면,4
올리브영,아이메이크업,기억,4
올리브영,아이메이크업,발색샷,4
올리브영,아이메이크업,각각,4
올리브영,아이메이크업,맑게,4
올리브영,아이메이크업,니,4
올리브영,아이메이크업,두껍게,4
올리브영,아이메이크업,만족스럽,4
올리브영,아이메이크업,차분한,4
올리브영,아이메이크업,재질,4
올리브영,아이메이크업,다르지만,4
올리브영,아이메이크업,채,4
올리브영,아이메이크업,그렇지,4
올리브영,아이메이크업,실물,4
올리브영,아이메이크업,가능한,4
올리브영,아이메이크업,삼각,4
올리브영,아이메이크업,투명하게,4
올리브영,아이메이크업,좋아하시면,4
올리브영,아이메이크업,테,4
올리브영,아이메이크업,뉴,4
올리브영,아이메이크업,기준,4
올리브영,아이메이크업,시리즈,4
올리브영,아이메이크업,기대,4
올리브영,아이메이크업,커서,4
올리브영,아이메이크업,쌩얼,4
올리브영,아이메이크업,예정,4
올리브영,아이메이크업,특징,4
올리브영,아이메이크업,에스쁘아,4
올리브영,아이메이크업,링,4
올리브영,아이메이크업,많았는데,4
올리브영,아이메이크업,유행,4
올리브영,아이메이크업,두번째,4
올리브영,아이메이크업,모든,4
올리브영,아이메이크업,같긴,4
올리브영,아이메이크업,중이,4
올리브영,아이메이크업,두루,4
올리브영,아이메이크업,비싸긴,4
올리브영,아이메이크업,품질,4
올리브영,아이메이크업,요물,4
올리브영,아이메이크업,두꺼운,4
올리브영,아이메이크업,빤짝,4
올리브영,아이메이크업,안되는,4
올리브영,아이메이크업,한텐,4
올리브영,아이메이크업,없습니다,4
올리브영,아이메이크업,이쁨,4
올리브영,아이메이크업,대박,4
올리브영,아이메이크업,예쁘긴,4
올리브영,아이메이크업,속,4
올리브영,아이메이크업,사랑,4
올리브영,아이메이크업,삼,4
올리브영,아이메이크업,있다,4
올리브영,아이메이크업,좋구요,4
올리브영,아이메이크업,당장,4
올리브영,아이메이크업,아닌거,4
올리브영,아이메이크업,기본,4
올리브영,아이메이크업,유명한데,4
올리브영,아이메이크업,은근,4
올리브영,아이메이크업,겹,4
올리브영,아이메이크업,귀여운,4
올리브영,아이메이크업,시,4
올리브영,아이메이크업,칭찬,4
올리브영,아이메이크업,아이섀도우,4
올리브영,아이메이크업,요건,4
올리브영,아이메이크업,삿는데,4
올리브영,아이메이크업,맛집,4
올리브영,아이메이크업,습기,4
올리브영,아이메이크업,진하지,4
올리브영,아이메이크업,괜찮아서,4
올리브영,아이메이크업,조아요,4
올리브영,아이메이크업,단단한,4
올리브영,아이메이크업,이색,4
올리브영,아이메이크업,이기,4
올리브영,아이메이크업,그게,4
올리브영,아이메이크업,좋지만,4
올리브영,아이메이크업,괜찮아,4
올리브영,아이메이크업,묘,4
올리브영,아이메이크업,많은데,4
올리브영,아이메이크업,부드러워요,4
올리브영,아이메이크업,마무리,4
올리브영,아이메이크업,갑,4
올리브영,아이메이크업,그런거,4
올리브영,아이메이크업,편한,4
올리브영,아이메이크업,년,4
올리브영,아이메이크업,드,4
올리브영,아이메이크업,편하게,4
올리브영,아이메이크업,몇개,4
올리브영,아이메이크업,푸르,4
올리브영,아이메이크업,분기,4
올리브영,아이메이크업,있어여,4
올리브영,아이메이크업,착,4
올리브영,아이메이크업,은은하니,4
올리브영,아이메이크업,검은색,4
올리브영,아이메이크업,살살,4
올리브영,아이메이크업,매하,4
올리브영,아이메이크업,모양,4
올리브영,아이메이크업,강,4
올리브영,아이메이크업,땀,4
올리브영,아이메이크업,뷰,4
올리브영,아이메이크업,용해,4
올리브영,아이메이크업,딸기,4
올리브영,아이메이크업,우유,4
올리브영,아이메이크업,팔로,4
올리브영,아이메이크업,우미,4
올리브영,아이메이크업,비치,4
올리브영,아이메이크업,세밀,4
올리브영,아이메이크업,쓱,4
올리브영,아이메이크업,굳어서,4
올리브영,아이메이크업,무른,4
올리브영,아이메이크업,두운,4
올리브영,아이메이크업,특별한,4
올리브영,아이메이크업,상세,4
올리브영,아이메이크업,페이지,4
올리브영,아이메이크업,쫌,4
올리브영,아이메이크업,좋다는,4
올리브영,아이메이크업,유명하길래,4
올리브영,아이메이크업,사은,4
올리브영,아이메이크업,또한,4
올리브영,아이메이크업,튀어,4
올리브영,아이메이크업,위쪽,4
올리브영,아이메이크업,아래쪽,4
올리브영,아이메이크업,분홍,4
올리브영,아이메이크업,브러시,4
올리브영,아이메이크업,판매,4
올리브영,아이메이크업,여러,4
올리브영,아이메이크업,지도,4
올리브영,아이메이크업,얼마,4
올리브영,아이메이크업,많아,4
올리브영,아이메이크업,적당해서,4
올리브영,아이메이크업,개발,4
올리브영,아이메이크업,벅벅,4
올리브영,아이메이크업,건가,4
올리브영,아이메이크업,선생님,4
올리브영,아이메이크업,디케이,4
올리브영,아이메이크업,밀키,4
올리브영,아이메이크업,아플,4
올리브영,아이메이크업,가방,4
올리브영,아이메이크업,떡,4
올리브영,아이메이크업,낮은,4
올리브영,아이메이크업,난,4
올리브영,아이메이크업,추구,4
올리브영,아이메이크업,핑,4
올리브영,아이메이크업,자연스러,4
올리브영,아이메이크업,뛰어나고,4
올리브영,아이메이크업,시림,4
올리브영,아이메이크업,립앤,4
올리브영,아이메이크업,리무,4
올리브영,아이메이크업,여부,4
올리브영,아이메이크업,리얼,3
올리브영,아이메이크업,높은,3
올리브영,아이메이크업,있어야,3
올리브영,아이메이크업,이해,3
올리브영,아이메이크업,어케,3
올리브영,아이메이크업,한참,3
올리브영,아이메이크업,비슷해요,3
올리브영,아이메이크업,약한,3
올리브영,아이메이크업,인기,3
올리브영,아이메이크업,새로운,3
올리브영,아이메이크업,가볍고,3
올리브영,아이메이크업,위해,3
올리브영,아이메이크업,곱,3
올리브영,아이메이크업,없다는,3
올리브영,아이메이크업,명,3
올리브영,아이메이크업,아쉬움,3
올리브영,아이메이크업,릴바레,3
올리브영,아이메이크업,반해서,3
올리브영,아이메이크업,에어,3
올리브영,아이메이크업,스푼,3
올리브영,아이메이크업,같아욤,3
올리브영,아이메이크업,상페,3
올리브영,아이메이크업,캐릭터,3
올리브영,아이메이크업,불편해,3
올리브영,아이메이크업,반,3
올리브영,아이메이크업,없지만,3
올리브영,아이메이크업,사시,3
올리브영,아이메이크업,심지어,3
올리브영,아이메이크업,일이,3
올리브영,아이메이크업,제대로,3
올리브영,아이메이크업,있을거,3
올리브영,아이메이크업,또렷한,3
올리브영,아이메이크업,좋겠어,3
올리브영,아이메이크업,세비지,3
올리브영,아이메이크업,미세하게,3
올리브영,아이메이크업,파우더,3
올리브영,아이메이크업,리,3
올리브영,아이메이크업,구성은,3
올리브영,아이메이크업,가능해요,3
올리브영,아이메이크업,문제,3
올리브영,아이메이크업,그래요,3
올리브영,아이메이크업,좋았고,3
올리브영,아이메이크업,있다는,3
올리브영,아이메이크업,비슷하고,3
올리브영,아이메이크업,퀄,3
올리브영,아이메이크업,아쉽긴,3
올리브영,아이메이크업,원하시는,3
올리브영,아이메이크업,최소,3
올리브영,아이메이크업,더라고요,3
올리브영,아이메이크업,텁텁,3
올리브영,아이메이크업,만약,3
올리브영,아이메이크업,깔끔하고,3
올리브영,아이메이크업,유튜버분,3
올리브영,아이메이크업,팔레,3
올리브영,아이메이크업,전이,3
올리브영,아이메이크업,손바닥,3
올리브영,아이메이크업,자꾸,3
올리브영,아이메이크업,흰기,3
올리브영,아이메이크업,뮤,3
올리브영,아이메이크업,질문,3
올리브영,아이메이크업,미,3
올리브영,아이메이크업,화장품,3
올리브영,아이메이크업,일해,3
올리브영,아이메이크업,없지,3
올리브영,아이메이크업,보이지,3
올리브영,아이메이크업,인,3
올리브영,아이메이크업,데이,3
올리브영,아이메이크업,지크,3
올리브영,아이메이크업,아가,3
올리브영,아이메이크업,적합한,3
올리브영,아이메이크업,멍,3
올리브영,아이메이크업,청순한,3
올리브영,아이메이크업,거리,3
올리브영,아이메이크업,시원하게,3
올리브영,아이메이크업,컨셉,3
올리브영,아이메이크업,퍼스,3
올리브영,아이메이크업,널,3
올리브영,아이메이크업,좋을듯,3
올리브영,아이메이크업,쿨브,3
올리브영,아이메이크업,트루,3
올리브영,아이메이크업,홍조,3
올리브영,아이메이크업,부지,3
올리브영,아이메이크업,퍼플,3
올리브영,아이메이크업,실버,3
올리브영,아이메이크업,주의,3
올리브영,아이메이크업,브라,3
올리브영,아이메이크업,칙칙한,3
올리브영,아이메이크업,뽕,3
올리브영,아이메이크업,노노,3
올리브영,아이메이크업,아이보리,3
올리브영,아이메이크업,무거워,3
올리브영,아이메이크업,얼른,3
올리브영,아이메이크업,보정,3
올리브영,아이메이크업,지근,3
올리브영,아이메이크업,개미,3
올리브영,아이메이크업,없는것,3
올리브영,아이메이크업,런가,3
올리브영,아이메이크업,도우,3
올리브영,아이메이크업,상관없이,3
올리브영,아이메이크업,회색,3
올리브영,아이메이크업,약해요,3
올리브영,아이메이크업,인상,3
올리브영,아이메이크업,학교,3
올리브영,아이메이크업,여리한,3
올리브영,아이메이크업,발견,3
올리브영,아이메이크업,브로,3
올리브영,아이메이크업,삿어,3
올리브영,아이메이크업,착색,3
올리브영,아이메이크업,초보,3
올리브영,아이메이크업,은은해서,3
올리브영,아이메이크업,위주,3
올리브영,아이메이크업,최대한,3
올리브영,아이메이크업,입술,3
올리브영,아이메이크업,연하고,3
올리브영,아이메이크업,괜찮은데,3
올리브영,아이메이크업,워,3
올리브영,아이메이크업,만족스러워,3
올리브영,아이메이크업,파워,3
올리브영,아이메이크업,출근,3
올리브영,아이메이크업,코,3
올리브영,아이메이크업,색인,3
올리브영,아이메이크업,무스,3
올리브영,아이메이크업,이자,3
올리브영,아이메이크업,연해,3
올리브영,아이메이크업,해지,3
올리브영,아이메이크업,머,3
올리브영,아이메이크업,상관,3
올리브영,아이메이크업,팬슬,3
올리브영,아이메이크업,심해,3
올리브영,아이메이크업,판다,3
올리브영,아이메이크업,펜슬들,3
올리브영,아이메이크업,중요한,3
올리브영,아이메이크업,손톱,3
올리브영,아이메이크업,샤쏘심,3
올리브영,아이메이크업,순서,3
올리브영,아이메이크업,빼,3
올리브영,아이메이크업,적,3
올리브영,아이메이크업,뚝딱,3
올리브영,아이메이크업,주황,3
올리브영,아이메이크업,대비,3
올리브영,아이메이크업,짧은,3
올리브영,아이메이크업,트러블,3
올리브영,아이메이크업,부위,3
올리브영,아이메이크업,냉장고,3
올리브영,아이메이크업,없네요,3
올리브영,아이메이크업,세번,3
올리브영,아이메이크업,마지막,3
올리브영,아이메이크업,아니면,3
올리브영,아이메이크업,맛,3
올리브영,아이메이크업,없는데,3
올리브영,아이메이크업,쓱쓱,3
올리브영,아이메이크업,힘들어서,3
올리브영,아이메이크업,한가지,3
올리브영,아이메이크업,아쉬웠던,3
올리브영,아이메이크업,풀,3
올리브영,아이메이크업,야무지게,3
올리브영,아이메이크업,머리,3
올리브영,아이메이크업,요먼,3
올리브영,아이메이크업,번쨔,3
올리브영,아이메이크업,즇,3
올리브영,아이메이크업,만족스럽습니다,3
올리브영,아이메이크업,스킬,3
올리브영,아이메이크업,그동안,3
올리브영,아이메이크업,텐더,3
올리브영,아이메이크업,결과,3
올리브영,아이메이크업,동동,3
올리브영,아이메이크업,괜찮았어요,3
올리브영,아이메이크업,흠,3
올리브영,아이메이크업,사이,3
올리브영,아이메이크업,동생,3
올리브영,아이메이크업,눈꺼풀,3
올리브영,아이메이크업,힘든데,3
올리브영,아이메이크업,완벽히,3
올리브영,아이메이크업,뿌러,3
올리브영,아이메이크업,립,3
올리브영,아이메이크업,확실하게,3
올리브영,아이메이크업,아쉬웠어요,3
올리브영,아이메이크업,예쁜거,3
올리브영,아이메이크업,그으,3
올리브영,아이메이크업,예쁘다,3
올리브영,아이메이크업,미니미니,3
올리브영,아이메이크업,대신,3
올리브영,아이메이크업,효과,3
올리브영,아이메이크업,생기,3
올리브영,아이메이크업,사지,3
올리브영,아이메이크업,담,3
올리브영,아이메이크업,둥둥,3
올리브영,아이메이크업,달이,3
올리브영,아이메이크업,젤리,3
올리브영,아이메이크업,심해서,3
올리브영,아이메이크업,먼,3
올리브영,아이메이크업,좋고요,3
올리브영,아이메이크업,청순,3
올리브영,아이메이크업,얜,3
올리브영,아이메이크업,광고,3
올리브영,아이메이크업,안좋아서,3
올리브영,아이메이크업,예쁘니까,3
올리브영,아이메이크업,글,3
올리브영,아이메이크업,같은게,3
올리브영,아이메이크업,없었는데,3
올리브영,아이메이크업,그럼,3
올리브영,아이메이크업,낫,3
올리브영,아이메이크업,확장,3
올리브영,아이메이크업,팬더,3
올리브영,아이메이크업,이쁘,3
올리브영,아이메이크업,평,3
올리브영,아이메이크업,삐,3
올리브영,아이메이크업,환해지는,3
올리브영,아이메이크업,옆,3
올리브영,아이메이크업,펜슬중,3
올리브영,아이메이크업,여기,3
올리브영,아이메이크업,합리,3
올리브영,아이메이크업,순,3
올리브영,아이메이크업,작고,3
올리브영,아이메이크업,짧아서,3
올리브영,아이메이크업,행사,3
올리브영,아이메이크업,수분,3
올리브영,아이메이크업,아님,3
올리브영,아이메이크업,약합니다,3
올리브영,아이메이크업,탁,3
올리브영,아이메이크업,만족합니다,3
올리브영,아이메이크업,쥬,3
올리브영,아이메이크업,따가운,3
올리브영,아이메이크업,그럼에도,3
올리브영,아이메이크업,시작,3
올리브영,아이메이크업,결,3
올리브영,아이메이크업,별,3
올리브영,아이메이크업,이모,3
올리브영,아이메이크업,좋구,3
올리브영,아이메이크업,반짝임,3
올리브영,아이메이크업,아닌데,3
올리브영,아이메이크업,유명한지,3
올리브영,아이메이크업,센티,3
올리브영,아이메이크업,부케,3
올리브영,아이메이크업,최악,3
올리브영,아이메이크업,장단점,3
올리브영,아이메이크업,호불호,3
올리브영,아이메이크업,화이트,3
올리브영,아이메이크업,평생,3
올리브영,아이메이크업,안해,3
올리브영,아이메이크업,살이,3
올리브영,아이메이크업,없는거,3
올리브영,아이메이크업,유일하게,3
올리브영,아이메이크업,좋겠,3
올리브영,아이메이크업,호도,3
올리브영,아이메이크업,없을,3
올리브영,아이메이크업,룩,3
올리브영,아이메이크업,난리,3
올리브영,아이메이크업,장할,3
올리브영,아이메이크업,딘짜,3
올리브영,아이메이크업,스러,3
올리브영,아이메이크업,움쌩얼,3
올리브영,아이메이크업,갠찮,3
올리브영,아이메이크업,득,3
올리브영,아이메이크업,만족하고,3
올리브영,아이메이크업,듀베,3
올리브영,아이메이크업,용할게요,3
올리브영,아이메이크업,응원,3
올리브영,아이메이크업,화이팅,3
올리브영,아이메이크업,귀여워서,3
올리브영,아이메이크업,붙이,3
올리브영,아이메이크업,혹시,3
올리브영,아이메이크업,빗,3
올리브영,아이메이크업,없구요,3
올리브영,아이메이크업,귀엽,3
올리브영,아이메이크업,미니어쳐,3
올리브영,아이메이크업,없네,3
올리브영,아이메이크업,싫었는데,3
올리브영,아이메이크업,아이돌,3
올리브영,아이메이크업,민스코님,3
올리브영,아이메이크업,픽서,3
올리브영,아이메이크업,굴곡,3
올리브영,아이메이크업,뭍,3
올리브영,아이메이크업,두꺼워서,3
올리브영,아이메이크업,직,3
올리브영,아이메이크업,소비자,2
올리브영,아이메이크업,쉐딩,2
올리브영,아이메이크업,밀도,2
올리브영,아이메이크업,비슷하게,2
올리브영,아이메이크업,레이스,2
올리브영,아이메이크업,던,2
올리브영,아이메이크업,좋아했는데,2
올리브영,아이메이크업,같지,2
올리브영,아이메이크업,비율,2
올리브영,아이메이크업,계솓,2
올리브영,아이메이크업,시러,2
올리브영,아이메이크업,믹스,2
올리브영,아이메이크업,기대했었는데,2
올리브영,아이메이크업,미묘하게,2
올리브영,아이메이크업,예쁘지만,2
올리브영,아이메이크업,의문,2
올리브영,아이메이크업,좋아하셨던,2
올리브영,아이메이크업,꼼꼼히,2
올리브영,아이메이크업,이쁘다고,2
올리브영,아이메이크업,고우나,2
올리브영,아이메이크업,시원시원하게,2
올리브영,아이메이크업,애매,2
올리브영,아이메이크업,신건,2
올리브영,아이메이크업,머는,2
올리브영,아이메이크업,손가락,2
올리브영,아이메이크업,좋게,2
올리브영,아이메이크업,팬색,2
올리브영,아이메이크업,듯이,2
올리브영,아이메이크업,단단하게,2
올리브영,아이메이크업,래서,2
올리브영,아이메이크업,있네용,2
올리브영,아이메이크업,초코,2
올리브영,아이메이크업,나은,2
올리브영,아이메이크업,만족스러워서,2
올리브영,아이메이크업,나머지,2
올리브영,아이메이크업,이면,2
올리브영,아이메이크업,홍차,2
올리브영,아이메이크업,만하,2
올리브영,아이메이크업,소문,2
올리브영,아이메이크업,다채롭,2
올리브영,아이메이크업,아이브,2
올리브영,아이메이크업,로우,2
올리브영,아이메이크업,사랑스러운,2
올리브영,아이메이크업,여리해,2
올리브영,아이메이크업,높게,2
올리브영,아이메이크업,바세린,2
올리브영,아이메이크업,있었던,2
올리브영,아이메이크업,겸용,2
올리브영,아이메이크업,좋았을거,2
올리브영,아이메이크업,입장,2
올리브영,아이메이크업,괜찮았는데,2
올리브영,아이메이크업,만족스러웠던,2
올리브영,아이메이크업,퍼,2
올리브영,아이메이크업,시몬,2
올리브영,아이메이크업,없었어,2
올리브영,아이메이크업,댜,2
올리브영,아이메이크업,만족했고,2
올리브영,아이메이크업,같다고,2
올리브영,아이메이크업,융,2
올리브영,아이메이크업,릴리,2
올리브영,아이메이크업,필,2
올리브영,아이메이크업,레오,2
올리브영,아이메이크업,제이,2
올리브영,아이메이크업,기대한,2
올리브영,아이메이크업,학생,2
올리브영,아이메이크업,앞뒤,2
올리브영,아이메이크업,아마,2
올리브영,아이메이크업,있도록,2
올리브영,아이메이크업,베이,2
올리브영,아이메이크업,욕구,2
올리브영,아이메이크업,요런,2
올리브영,아이메이크업,낮아서,2
올리브영,아이메이크업,다른데,2
올리브영,아이메이크업,중점,2
올리브영,아이메이크업,비싸게,2
올리브영,아이메이크업,의,2
올리브영,아이메이크업,웨이,2
올리브영,아이메이크업,메이크,2
올리브영,아이메이크업,비슷해서,2
올리브영,아이메이크업,장만,2
올리브영,아이메이크업,예쁩니당,2
올리브영,아이메이크업,좋아하던,2
올리브영,아이메이크업,다르다는,2
올리브영,아이메이크업,마침,2
올리브영,아이메이크업,있었고,2
올리브영,아이메이크업,업그레이드,2
올리브영,아이메이크업,싫어하는,2
올리브영,아이메이크업,있을것,2
올리브영,아이메이크업,모델,2
올리브영,아이메이크업,특,2
올리브영,아이메이크업,은색,2
올리브영,아이메이크업,낭낭,2
올리브영,아이메이크업,대용,2
올리브영,아이메이크업,값,2
올리브영,아이메이크업,비슷,2
올리브영,아이메이크업,쨍,2
올리브영,아이메이크업,라가,2
올리브영,아이메이크업,했슴,2
올리브영,아이메이크업,각,2
올리브영,아이메이크업,베이직,2
올리브영,아이메이크업,충,2
올리브영,아이메이크업,럼소,2
올리브영,아이메이크업,차분하고,2
올리브영,아이메이크업,데일,2
올리브영,아이메이크업,리하,2
올리브영,아이메이크업,민감,2
올리브영,아이메이크업,회끼,2
올리브영,아이메이크업,단정,2
올리브영,아이메이크업,동봉,2
올리브영,아이메이크업,이쁘다,2
올리브영,아이메이크업,웜지근,2
올리브영,아이메이크업,좋겠네,2
올리브영,아이메이크업,지갑,2
올리브영,아이메이크업,여뮽,2
올리브영,아이메이크업,풀메,2
올리브영,아이메이크업,가능해서,2
올리브영,아이메이크업,마저,2
올리브영,아이메이크업,배신,2
올리브영,아이메이크업,속상하긴,2
올리브영,아이메이크업,챡,2
올리브영,아이메이크업,감기,2
올리브영,아이메이크업,슬픔,2
올리브영,아이메이크업,잡고,2
올리브영,아이메이크업,겅,2
올리브영,아이메이크업,계절,2
올리브영,아이메이크업,대안,2
올리브영,아이메이크업,예뻤어,2
올리브영,아이메이크업,앞서,2
올리브영,아이메이크업,당시,2
올리브영,아이메이크업,일도,2
올리브영,아이메이크업,세,2
올리브영,아이메이크업,힘든,2
올리브영,아이메이크업,좋다,2
올리브영,아이메이크업,야할,2
올리브영,아이메이크업,같긴해,2
올리브영,아이메이크업,부드럽습니다,2
올리브영,아이메이크업,가능할거,2
올리브영,아이메이크업,듭,2
올리브영,아이메이크업,회보,2
올리브영,아이메이크업,낼,2
올리브영,아이메이크업,아니에요,2
올리브영,아이메이크업,저격,2
올리브영,아이메이크업,유명하죠,2
올리브영,아이메이크업,가을웜톤,2
올리브영,아이메이크업,완료,2
올리브영,아이메이크업,자연스럽,2
올리브영,아이메이크업,좋았을,2
올리브영,아이메이크업,긔,2
올리브영,아이메이크업,있나,2
올리브영,아이메이크업,간만,2
올리브영,아이메이크업,쟁여놓,2
올리브영,아이메이크업,딱입니다,2
올리브영,아이메이크업,유용할,2
올리브영,아이메이크업,다소,2
올리브영,아이메이크업,봄웜라,2
올리브영,아이메이크업,사려,2
올리브영,아이메이크업,첨,2
올리브영,아이메이크업,예쁘네요,2
올리브영,아이메이크업,같네,2
올리브영,아이메이크업,부어,2
올리브영,아이메이크업,많음,2
올리브영,아이메이크업,웜톤이,2
올리브영,아이메이크업,아쉽네,2
올리브영,아이메이크업,나름,2
올리브영,아이메이크업,내기,2
올리브영,아이메이크업,테스,2
올리브영,아이메이크업,오른쪽,2
올리브영,아이메이크업,또렷해서,2
올리브영,아이메이크업,등장,2
올리브영,아이메이크업,갈뮽,2
올리브영,아이메이크업,선,2
올리브영,아이메이크업,품절,2
올리브영,아이메이크업,속상했는데,2
올리브영,아이메이크업,커버,2
올리브영,아이메이크업,모카,2
올리브영,아이메이크업,쿨쿨,2
올리브영,아이메이크업,좋어,2
올리브영,아이메이크업,이상하고,2
올리브영,아이메이크업,이쁘긴,2
올리브영,아이메이크업,번갈아,2
올리브영,아이메이크업,하니,2
올리브영,아이메이크업,어찌,2
올리브영,아이메이크업,좋았,2
올리브영,아이메이크업,좋으면,2
올리브영,아이메이크업,좋아하시고,2
올리브영,아이메이크업,잘맞는것,2
올리브영,아이메이크업,진하면,2
올리브영,아이메이크업,진해,2
올리브영,아이메이크업,틀,2
올리브영,아이메이크업,정교하게,2
올리브영,아이메이크업,붉지,2
올리브영,아이메이크업,콧,2
올리브영,아이메이크업,안좋은,2
올리브영,아이메이크업,용량,2
올리브영,아이메이크업,지구,2
올리브영,아이메이크업,별도,2
올리브영,아이메이크업,날렵하게,2
올리브영,아이메이크업,불가능할,2
올리브영,아이메이크업,그럴,2
올리브영,아이메이크업,해결,2
올리브영,아이메이크업,컨트롤,2
올리브영,아이메이크업,픽싱후,2
올리브영,아이메이크업,피지,2
올리브영,아이메이크업,넘쳐나지,2
올리브영,아이메이크업,나이,2
올리브영,아이메이크업,쫙,2
올리브영,아이메이크업,마치,2
올리브영,아이메이크업,방황,2
올리브영,아이메이크업,매력,2
올리브영,아이메이크업,괜찮았고,2
올리브영,아이메이크업,신규,2
올리브영,아이메이크업,없더라구요,2
올리브영,아이메이크업,꾸준히,2
올리브영,아이메이크업,심한,2
올리브영,아이메이크업,눈번짐,2
올리브영,아이메이크업,부탁드립니다,2
올리브영,아이메이크업,몸,2
올리브영,아이메이크업,끈,2
올리브영,아이메이크업,적임,2
올리브영,아이메이크업,어디,2
올리브영,아이메이크업,변질,2
올리브영,아이메이크업,좋어요,2
올리브영,아이메이크업,바베,2
올리브영,아이메이크업,시중,2
올리브영,아이메이크업,쇼,2
올리브영,아이메이크업,만점,2
올리브영,아이메이크업,라이,2
올리브영,아이메이크업,작성,2
올리브영,아이메이크업,애정,2
올리브영,아이메이크업,남,2
올리브영,아이메이크업,어도,2
올리브영,아이메이크업,한지,2
올리브영,아이메이크업,길고,2
올리브영,아이메이크업,화사하게,2
올리브영,아이메이크업,퇴근,2
올리브영,아이메이크업,자연스러워,2
올리브영,아이메이크업,얘기,2
올리브영,아이메이크업,강하지,2
올리브영,아이메이크업,불구,2
올리브영,아이메이크업,클렌징오일,2
올리브영,아이메이크업,세안,2
올리브영,아이메이크업,그럴수도,2
올리브영,아이메이크업,있는데요,2
올리브영,아이메이크업,맴,2
올리브영,아이메이크업,싫어해서,2
올리브영,아이메이크업,정석,2
올리브영,아이메이크업,여서,2
올리브영,아이메이크업,백화점,2
올리브영,아이메이크업,쌍,2
올리브영,아이메이크업,높고,2
올리브영,아이메이크업,만족하며,2
올리브영,아이메이크업,기간,2
올리브영,아이메이크업,모,2
올리브영,아이메이크업,왼,2
올리브영,아이메이크업,계세,2
올리브영,아이메이크업,에두,2
올리브영,아이메이크업,저희,2
올리브영,아이메이크업,크보,2
올리브영,아이메이크업,드러,2
올리브영,아이메이크업,쥬아,2
올리브영,아이메이크업,빠르게,2
올리브영,아이메이크업,두꺼버,2
올리브영,아이메이크업,없으신,2
올리브영,아이메이크업,힘드실,2
올리브영,아이메이크업,쟁겨두려,2
올리브영,아이메이크업,뒷,2
올리브영,아이메이크업,성격,2
올리브영,아이메이크업,특유,2
올리브영,아이메이크업,원하는,2
올리브영,아이메이크업,촉촉하고,2
올리브영,아이메이크업,매끈한,2
올리브영,아이메이크업,요철,2
올리브영,아이메이크업,광도,2
올리브영,아이메이크업,뽀얗고,2
올리브영,아이메이크업,예뻤는데,2
올리브영,아이메이크업,붉어,2
올리브영,아이메이크업,똑같다고,2
올리브영,아이메이크업,비슷하더라구요,2
올리브영,아이메이크업,팬지,2
올리브영,아이메이크업,비슷했어용,2
올리브영,아이메이크업,후진,2
올리브영,아이메이크업,문인진,2
올리브영,아이메이크업,황,2
올리브영,아이메이크업,생얼,2
올리브영,아이메이크업,몇몇,2
올리브영,아이메이크업,많아요,2
올리브영,아이메이크업,스머징하,2
올리브영,아이메이크업,옆집,2
올리브영,아이메이크업,아파서,2
올리브영,아이메이크업,슈퍼,2
올리브영,아이메이크업,픽싱되기,2
올리브영,아이메이크업,그린,2
올리브영,아이메이크업,영역,2
올리브영,아이메이크업,만들기,2
올리브영,아이메이크업,있진,2
올리브영,아이메이크업,쿨티,2
올리브영,아이메이크업,길,2
올리브영,아이메이크업,피,2
올리브영,아이메이크업,피곤해,2
올리브영,아이메이크업,쌍꺼풀,2
올리브영,아이메이크업,무화과,2
올리브영,아이메이크업,화이,2
올리브영,아이메이크업,같다,2
올리브영,아이메이크업,몇번,2
올리브영,아이메이크업,똑,2
올리브영,아이메이크업,조심,2
올리브영,아이메이크업,도회,2
올리브영,아이메이크업,남아,2
올리브영,아이메이크업,잔잔한,2
올리브영,아이메이크업,좋겠다,2
올리브영,아이메이크업,아닙니다,2
올리브영,아이메이크업,여기저기,2
올리브영,아이메이크업,다릅니다,2
올리브영,아이메이크업,같진,2
올리브영,아이메이크업,지성,2
올리브영,아이메이크업,칠하고,2
올리브영,아이메이크업,어려워요,2
올리브영,아이메이크업,점점,2
올리브영,아이메이크업,성과,2
올리브영,아이메이크업,더라구요,2
올리브영,아이메이크업,점도,2
올리브영,아이메이크업,붉고,2
올리브영,아이메이크업,어차피,2
올리브영,아이메이크업,그로,2
올리브영,아이메이크업,강하고,2
올리브영,아이메이크업,용하니,2
올리브영,아이메이크업,시점,2
올리브영,아이메이크업,기대했던,2
올리브영,아이메이크업,좋을것,2
올리브영,아이메이크업,가늘게,2
올리브영,아이메이크업,웜톤용,2
올리브영,아이메이크업,어색,2
올리브영,아이메이크업,아니어도,2
올리브영,아이메이크업,뽞,2
올리브영,아이메이크업,클렌저,2
올리브영,아이메이크업,누가,2
올리브영,아이메이크업,투비,2
올리브영,아이메이크업,붉어서,2
올리브영,아이메이크업,두통,2
올리브영,아이메이크업,찾기,2
올리브영,아이메이크업,기획전,2
올리브영,아이메이크업,궁합,2
올리브영,아이메이크업,팔뚝,2
올리브영,아이메이크업,같더라구요,2
올리브영,아이메이크업,시한,2
올리브영,아이메이크업,흰색,2
올리브영,아이메이크업,대한,2
올리브영,아이메이크업,스,2
올리브영,아이메이크업,유독,2
올리브영,아이메이크업,방울,2
올리브영,아이메이크업,타지,2
올리브영,아이메이크업,기대했는데,2
올리브영,아이메이크업,바이올렛,2
올리브영,아이메이크업,동시,2
올리브영,아이메이크업,힛팬,2
올리브영,아이메이크업,성지,2
올리브영,아이메이크업,속력,2
올리브영,아이메이크업,자연스러우면서,2
올리브영,아이메이크업,건조해서,2
올리브영,아이메이크업,영롱하고,2
올리브영,아이메이크업,없는게,2
올리브영,아이메이크업,존예,2
올리브영,아이메이크업,양감,2
올리브영,아이메이크업,부드럽다,2
올리브영,아이메이크업,스킨,2
올리브영,아이메이크업,원하시면,2
올리브영,아이메이크업,딱인,2
올리브영,아이메이크업,촉촉하게,2
올리브영,아이메이크업,이준,2
올리브영,아이메이크업,이온,2
올리브영,아이메이크업,많고,2
올리브영,아이메이크업,쉬운,2
올리브영,아이메이크업,유튜버,2
올리브영,아이메이크업,짱짱한거,2
올리브영,아이메이크업,이아,2
올리브영,아이메이크업,쏙,2
올리브영,아이메이크업,자고,2
올리브영,아이메이크업,비비고,2
올리브영,아이메이크업,더용,2
올리브영,아이메이크업,고려,2
올리브영,아이메이크업,완,2
올리브영,아이메이크업,붉어요,2
올리브영,아이메이크업,메인,2
올리브영,아이메이크업,촉촉,2
올리브영,아이메이크업,기름,2
올리브영,아이메이크업,먼지,2
올리브영,아이메이크업,내주,2
올리브영,아이메이크업,괜찮다고,2
올리브영,아이메이크업,꼽,2
올리브영,아이메이크업,있다면,2
올리브영,아이메이크업,불편하다,2
올리브영,아이메이크업,다우니,2
올리브영,아이메이크업,엔젤,2
올리브영,아이메이크업,완존,2
올리브영,아이메이크업,좋아여,2
올리브영,아이메이크업,싹,2
올리브영,아이메이크업,높지,2
올리브영,아이메이크업,쟁이,2
올리브영,아이메이크업,지면,2
올리브영,아이메이크업,제격,2
올리브영,아이메이크업,딱이에,2
올리브영,아이메이크업,이쁘네,2
올리브영,아이메이크업,탑,2
올리브영,아이메이크업,거만한게,2
올리브영,아이메이크업,누,2
올리브영,아이메이크업,아쉽다는,2
올리브영,아이메이크업,같소이다,2
올리브영,아이메이크업,잔뜩,2
올리브영,아이메이크업,용해지고,2
올리브영,아이메이크업,간편하,2
올리브영,아이메이크업,있겠다,2
올리브영,아이메이크업,따라서,2
올리브영,아이메이크업,화사한데,2
올리브영,아이메이크업,콧대,2
올리브영,아이메이크업,부족하지만,2
올리브영,아이메이크업,건조한,2
올리브영,아이메이크업,롤,2
올리브영,아이메이크업,주시,2
올리브영,아이메이크업,버르,2
올리브영,아이메이크업,간편해서,2
올리브영,아이메이크업,자연스럽지만,2
올리브영,아이메이크업,예쁨에,2
올리브영,아이메이크업,사면,2
올리브영,아이메이크업,각거,2
올리브영,아이메이크업,림,2
올리브영,아이메이크업,똥망,2
올리브영,아이메이크업,충격,2
올리브영,아이메이크업,탓,2
올리브영,아이메이크업,감수,2
올리브영,아이메이크업,루,2
올리브영,아이메이크업,묘약,2
올리브영,아이메이크업,프라,2
올리브영,아이메이크업,물티슈,2
올리브영,아이메이크업,코등,2
올리브영,아이메이크업,코볼,2
올리브영,아이메이크업,이쁘니,2
올리브영,아이메이크업,없이도,2
올리브영,아이메이크업,샴페인,2
올리브영,아이메이크업,끝장,2
올리브영,아이메이크업,거림,2
올리브영,아이메이크업,안됩니다,2
올리브영,아이메이크업,유명하지만,2
올리브영,아이메이크업,멀티,2
올리브영,아이메이크업,잉,2
올리브영,아이메이크업,손끝,2
올리브영,아이메이크업,짧고,2
올리브영,아이메이크업,우드,2
올리브영,아이메이크업,필요하다,2
올리브영,아이메이크업,대충,2
올리브영,아이메이크업,말모,2
올리브영,아이메이크업,고요,2
올리브영,아이메이크업,체고,2
올리브영,아이메이크업,불어,2
올리브영,아이메이크업,중요시,2
올리브영,아이메이크업,호가,2
올리브영,아이메이크업,미세,2
올리브영,아이메이크업,이쁠,2
올리브영,아이메이크업,타로,2
올리브영,아이메이크업,쉬폰,2
올리브영,아이메이크업,엄청나게,2
올리브영,아이메이크업,인지,2
올리브영,아이메이크업,귀찮,2
올리브영,아이메이크업,좋으나,2
올리브영,아이메이크업,제거,2
올리브영,아이메이크업,와중,2
올리브영,아이메이크업,안좋아요,2
올리브영,아이메이크업,눈앞,2
올리브영,아이메이크업,하얗고,2
올리브영,아이메이크업,있는게,2
올리브영,아이메이크업,있긴한데,2
올리브영,아이메이크업,필름,2
올리브영,아이메이크업,아프고,2
올리브영,아이메이크업,파란색,2
올리브영,아이메이크업,남색,2
올리브영,아이메이크업,봣,2
올리브영,아이메이크업,야함,2
올리브영,아이메이크업,아쉽,2
올리브영,아이메이크업,펜슬형,2
올리브영,아이메이크업,두껍지,2
올리브영,아이메이크업,넣기,2
올리브영,아이메이크업,이신,2
올리브영,아이메이크업,겉,2
올리브영,아이메이크업,클래시,2
올리브영,아이메이크업,휘그,2
올리브영,아이메이크업,여전히,2
올리브영,아이메이크업,하이라이트,2
올리브영,아이메이크업,조명,2
올리브영,아이메이크업,호구,2
올리브영,아이메이크업,안좋고,2
올리브영,아이메이크업,뿐,2
올리브영,아이메이크업,만능,2
올리브영,아이메이크업,차로,2
올리브영,아이메이크업,처리,2
올리브영,아이메이크업,론데,2
올리브영,아이메이크업,냄새,2
올리브영,아이메이크업,달라,2
올리브영,아이메이크업,활동,2
올리브영,아이메이크업,예쁘다는,2
올리브영,아이메이크업,일상,2
올리브영,아이메이크업,안남,2
올리브영,아이메이크업,포기,2
올리브영,아이메이크업,안나,2
올리브영,아이메이크업,쫑쫑,2
올리브영,아이메이크업,느,2
올리브영,아이메이크업,아이펜슬,2
올리브영,아이메이크업,우수해서,2
올리브영,아이메이크업,만족스러웠습니다,2
올리브영,아이메이크업,강력히,2
올리브영,아이메이크업,누런,2
올리브영,아이메이크업,화사해져요,2
올리브영,아이메이크업,화장잘됏는,2
올리브영,아이메이크업,예뿌단,2
올리브영,아이메이크업,들엇어,2
올리브영,아이메이크업,햅삐,2
올리브영,아이메이크업,부드럽구요,2
올리브영,아이메이크업,뭉툭,2
올리브영,아이메이크업,상,2
올리브영,아이메이크업,봄브,2
올리브영,아이메이크업,아쉬워서,2
올리브영,아이메이크업,만족스러울듯,2
올리브영,아이메이크업,졌,2
올리브영,아이메이크업,애굣살펜슬,2
올리브영,아이메이크업,왠만한,2
올리브영,아이메이크업,연하다고,2
올리브영,아이메이크업,실짝,2
올리브영,아이메이크업,라서,2
올리브영,아이메이크업,괜찮는것,2
올리브영,아이메이크업,멀쩡,2
올리브영,아이메이크업,쿨턴인데,2
올리브영,아이메이크업,많이가,2
올리브영,아이메이크업,불편하지는,2
올리브영,아이메이크업,아쉬웠지만,2
올리브영,아이메이크업,동안,2
올리브영,아이메이크업,슥,2
올리브영,아이메이크업,경우,2
올리브영,아이메이크업,팁,2
올리브영,아이메이크업,녜,2
올리브영,아이메이크업,빡,2
올리브영,아이메이크업,원하면,2
올리브영,아이메이크업,원한다,2
올리브영,아이메이크업,쪼끔,2
올리브영,아이메이크업,짱짱하고,2
올리브영,아이메이크업,뿌리,2
올리브영,아이메이크업,세차,2
올리브영,아이메이크업,똥,2
올리브영,아이메이크업,도랏음,2
올리브영,아이메이크업,처지,2
올리브영,아이메이크업,좋았는데,2
올리브영,아이메이크업,또렷해,2
올리브영,아이메이크업,인형,2
올리브영,아이메이크업,적당,2
올리브영,아이메이크업,량,2
올리브영,아이메이크업,통통한,2
올리브영,아이메이크업,번창,2
올리브영,아이메이크업,네모,2
올리브영,아이메이크업,깔끔해요,2
올리브영,아이메이크업,섬유질,2
올리브영,아이메이크업,무거,2
올리브영,아이메이크업,연구,2
올리브영,아이메이크업,있긴,2
올리브영,아이메이크업,변하는,2
올리브영,아이메이크업,개봉,2
올리브영,아이메이크업,새롭게,2
올리브영,아이메이크업,외,2
올리브영,아이메이크업,검은,2
올리브영,아이메이크업,성해,2
올리브영,아이메이크업,기여,2
올리브영,아이메이크업,짱짱하게,2
올리브영,아이메이크업,필요해서,2
올리브영,아이메이크업,묽은,2
올리브영,아이메이크업,유명하고,2
올리브영,아이메이크업,내용물,2
올리브영,아이메이크업,있었습니다,2
올리브영,아이메이크업,둘째,2
올리브영,아이메이크업,종류,2
올리브영,아이메이크업,나중,2
올리브영,아이메이크업,나쁜말,2
올리브영,아이메이크업,놈,2
올리브영,아이메이크업,완전한,2
올리브영,아이메이크업,대서,2
올리브영,아이메이크업,묽어서,2
올리브영,아이메이크업,낭비,2
올리브영,아이메이크업,호환,2
올리브영,아이메이크업,건강한,2
올리브영,아이메이크업,아름다,2
올리브영,아이메이크업,종합,2
올리브영,아이메이크업,연습,2
올리브영,아이메이크업,한정,2
올리브영,아이메이크업,클렌징할,2
올리브영,아이메이크업,완벽한,2
올리브영,아이메이크업,잘맞네요,2
올리브영,아이메이크업,이뿌네여,2
올리브영,아이메이크업,작은건,2
올리브영,아이메이크업,딸,2
올리브영,아이메이크업,줫어,2
올리브영,아이메이크업,저렴하니,2
올리브영,아이메이크업,리뉴,1
올리브영,아이메이크업,있다고는,1
올리브영,아이메이크업,비슷하긴,1
올리브영,아이메이크업,다르고,1
올리브영,아이메이크업,좋아했는지,1
올리브영,아이메이크업,캐치,1
올리브영,아이메이크업,구인,1
올리브영,아이메이크업,자리는,1
올리브영,아이메이크업,넓으면서,1
올리브영,아이메이크업,그러면서,1
올리브영,아이메이크업,전부,1
올리브영,아이메이크업,근거,1
올리브영,아이메이크업,릴,1
올리브영,아이메이크업,도란,1
올리브영,아이메이크업,비싸도,1
올리브영,아이메이크업,쿠션,1
올리브영,아이메이크업,인간,1
올리브영,아이메이크업,미지근하게,1
올리브영,아이메이크업,웜하,1
올리브영,아이메이크업,예쁜거다,1
올리브영,아이메이크업,불평,1
올리브영,아이메이크업,불만,1
올리브영,아이메이크업,신,1
올리브영,아이메이크업,미적지근하면서,1
올리브영,아이메이크업,쉐이딩,1
올리브영,아이메이크업,아쉬울,1
올리브영,아이메이크업,보시,1
올리브영,아이메이크업,싱글,1
올리브영,아이메이크업,차이나,1
올리브영,아이메이크업,선명한,1
올리브영,아이메이크업,희,1
올리브영,아이메이크업,뿌연,1
올리브영,아이메이크업,뻣뻣한데,1
올리브영,아이메이크업,옅고,1
올리브영,아이메이크업,있으나,1
올리브영,아이메이크업,글쎄요,1
올리브영,아이메이크업,정확하게,1
올리브영,아이메이크업,리즌,1
올리브영,아이메이크업,어렵거나,1
올리브영,아이메이크업,싫어하시는,1
올리브영,아이메이크업,선명하고,1
올리브영,아이메이크업,지저분해지지,1
올리브영,아이메이크업,아쉬워진,1
올리브영,아이메이크업,좋았다는,1
올리브영,아이메이크업,칩,1
올리브영,아이메이크업,유사하다고,1
올리브영,아이메이크업,시원시원한,1
올리브영,아이메이크업,룩북,1
올리브영,아이메이크업,좋아하실,1
올리브영,아이메이크업,얼그레이,1
올리브영,아이메이크업,부담스러운,1
올리브영,아이메이크업,자잘하게,1
올리브영,아이메이크업,게다가,1
올리브영,아이메이크업,하라,1
올리브영,아이메이크업,아이스,1
올리브영,아이메이크업,머징,1
올리브영,아이메이크업,벽,1
올리브영,아이메이크업,일찍이,1
올리브영,아이메이크업,반가운,1
올리브영,아이메이크업,먼가,1
올리브영,아이메이크업,아니였는데,1
올리브영,아이메이크업,잔펄,1
올리브영,아이메이크업,모루,1
올리브영,아이메이크업,겠슴다,1
올리브영,아이메이크업,복합,1
올리브영,아이메이크업,좁쌀,1
올리브영,아이메이크업,써클,1
올리브영,아이메이크업,구도,1
올리브영,아이메이크업,인정,1
올리브영,아이메이크업,중후,1
올리브영,아이메이크업,이정,1
올리브영,아이메이크업,싱쉐,1
올리브영,아이메이크업,이하,1
올리브영,아이메이크업,아니다라고는,1
올리브영,아이메이크업,률,1
올리브영,아이메이크업,멍텅해,1
올리브영,아이메이크업,차라리,1
올리브영,아이메이크업,오류로,1
올리브영,아이메이크업,명작,1
올리브영,아이메이크업,내시,1
올리브영,아이메이크업,뇨,1
올리브영,아이메이크업,스포,1
올리브영,아이메이크업,선공,1
올리브영,아이메이크업,쿨하긴,1
올리브영,아이메이크업,곳곳,1
올리브영,아이메이크업,도랏어,1
올리브영,아이메이크업,오로라,1
올리브영,아이메이크업,마블링,1
올리브영,아이메이크업,머글,1
올리브영,아이메이크업,리터,1
올리브영,아이메이크업,투명하고,1
올리브영,아이메이크업,가볍기,1
올리브영,아이메이크업,착착,1
올리브영,아이메이크업,아닐거에요,1
올리브영,아이메이크업,예쁠거,1
올리브영,아이메이크업,신나서,1
올리브영,아이메이크업,업로드,1
올리브영,아이메이크업,화질,1
올리브영,아이메이크업,좌절,1
올리브영,아이메이크업,나머진,1
올리브영,아이메이크업,있구요,1
올리브영,아이메이크업,도대체,1
올리브영,아이메이크업,이뻣던,1
올리브영,아이메이크업,작게,1
올리브영,아이메이크업,이점,1
올리브영,아이메이크업,끝내기,1
올리브영,아이메이크업,여리고,1
올리브영,아이메이크업,만요,1
올리브영,아이메이크업,재미,1
올리브영,아이메이크업,쟁여둔,1
올리브영,아이메이크업,사선,1
올리브영,아이메이크업,안고,1
올리브영,아이메이크업,있더라구요,1
올리브영,아이메이크업,무게,1
올리브영,아이메이크업,약했지만,1
올리브영,아이메이크업,홀카,1
올리브영,아이메이크업,보송하긴,1
올리브영,아이메이크업,이구,1
올리브영,아이메이크업,신경,1
올리브영,아이메이크업,뽑혓,1
올리브영,아이메이크업,적절히,1
올리브영,아이메이크업,리리,1
올리브영,아이메이크업,느꼇어,1
올리브영,아이메이크업,멀하고,1
올리브영,아이메이크업,자연스럽다,1
올리브영,아이메이크업,학기,1
올리브영,아이메이크업,똑같아서,1
올리브영,아이메이크업,예뻣,1
올리브영,아이메이크업,휘뚤마뚤,1
올리브영,아이메이크업,추쳔,1
올리브영,아이메이크업,쿨했어요,1
올리브영,아이메이크업,요것,1
올리브영,아이메이크업,특이해요,1
올리브영,아이메이크업,있었어용,1
올리브영,아이메이크업,같으니까,1
올리브영,아이메이크업,이렇게는,1
올리브영,아이메이크업,홋수,1
올리브영,아이메이크업,또렷해지는,1
올리브영,아이메이크업,어두워요,1
올리브영,아이메이크업,담백한,1
올리브영,아이메이크업,폴인오트,1
올리브영,아이메이크업,같아욬,1
올리브영,아이메이크업,반성,1
올리브영,아이메이크업,이지,1
올리브영,아이메이크업,똑바로,1
올리브영,아이메이크업,블프세일,1
올리브영,아이메이크업,캔디,1
올리브영,아이메이크업,캔코블,1
올리브영,아이메이크업,붉게,1
올리브영,아이메이크업,봄웜라라,1
올리브영,아이메이크업,예쁠,1
올리브영,아이메이크업,알차게,1
올리브영,아이메이크업,레,1
올리브영,아이메이크업,포근하고,1
올리브영,아이메이크업,여릿,1
올리브영,아이메이크업,멀하니,1
올리브영,아이메이크업,이상하게,1
올리브영,아이메이크업,봄웜톤,1
올리브영,아이메이크업,컨드,1
올리브영,아이메이크업,친분,1
올리브영,아이메이크업,발그레,1
올리브영,아이메이크업,어떤지,1
올리브영,아이메이크업,화보,1
올리브영,아이메이크업,쓰려구,1
올리브영,아이메이크업,비축,1
올리브영,아이메이크업,툴시,1
올리브영,아이메이크업,예젼,1
올리브영,아이메이크업,가운데,1
올리브영,아이메이크업,자개,1
올리브영,아이메이크업,딱이었습니다,1
올리브영,아이메이크업,적당해요,1
올리브영,아이메이크업,질도,1
올리브영,아이메이크업,차곡차곡,1
올리브영,아이메이크업,완전히,1
올리브영,아이메이크업,굿굿,1
올리브영,아이메이크업,좋죠,1
올리브영,아이메이크업,가도,1
올리브영,아이메이크업,비싸,1
올리브영,아이메이크업,염,1
올리브영,아이메이크업,킥,1
올리브영,아이메이크업,모브,1
올리브영,아이메이크업,뮤브,1
올리브영,아이메이크업,그다음,1
올리브영,아이메이크업,컬럭,1
올리브영,아이메이크업,유용하고,1
올리브영,아이메이크업,비싸고,1
올리브영,아이메이크업,대가,1
올리브영,아이메이크업,비싸다,1
올리브영,아이메이크업,그랬나,1
올리브영,아이메이크업,갖규있엇어,1
올리브영,아이메이크업,삿,1
올리브영,아이메이크업,이쁘구요,1
올리브영,아이메이크업,높아요,1
올리브영,아이메이크업,덩,1
올리브영,아이메이크업,환장하신,1
올리브영,아이메이크업,에드,1
올리브영,아이메이크업,진단,1
올리브영,아이메이크업,미지근함이,1
올리브영,아이메이크업,고급,1
올리브영,아이메이크업,뒤애,1
올리브영,아이메이크업,쿨한데,1
올리브영,아이메이크업,좋울,1
올리브영,아이메이크업,깊어서,1
올리브영,아이메이크업,노래,1
올리브영,아이메이크업,강하지가,1
올리브영,아이메이크업,있어러,1
올리브영,아이메이크업,민,1
올리브영,아이메이크업,화하려고,1
올리브영,아이메이크업,노력,1
올리브영,아이메이크업,반작용,1
올리브영,아이메이크업,만족하시는,1
올리브영,아이메이크업,있겠지만,1
올리브영,아이메이크업,실망하실,1
올리브영,아이메이크업,망령,1
올리브영,아이메이크업,마다,1
올리브영,아이메이크업,럼빛,1
올리브영,아이메이크업,회기,1
올리브영,아이메이크업,귀하거든요,1
올리브영,아이메이크업,차분함이,1
올리브영,아이메이크업,영영,1
올리브영,아이메이크업,알차요,1
올리브영,아이메이크업,화려해서,1
올리브영,아이메이크업,가기,1
올리브영,아이메이크업,워스트,1
올리브영,아이메이크업,추얼,1
올리브영,아이메이크업,내일,1
올리브영,아이메이크업,겨쿨브,1
올리브영,아이메이크업,겨쿨딥,1
올리브영,아이메이크업,애굣살컬러,1
올리브영,아이메이크업,취저,1
올리브영,아이메이크업,굿임,1
올리브영,아이메이크업,딱일듯,1
올리브영,아이메이크업,스머징할때,1
올리브영,아이메이크업,특이해서,1
올리브영,아이메이크업,밑그림,1
올리브영,아이메이크업,팅,1
올리브영,아이메이크업,딱이고,1
올리브영,아이메이크업,이티,1
올리브영,아이메이크업,맑은,1
올리브영,아이메이크업,톡톡,1
올리브영,아이메이크업,화려하고,1
올리브영,아이메이크업,얼룩덜룩해질,1
올리브영,아이메이크업,밀,1
올리브영,아이메이크업,눌려,1
올리브영,아이메이크업,아니구,1
올리브영,아이메이크업,거거거,1
올리브영,아이메이크업,노놉,1
올리브영,아이메이크업,갈웜딥,1
올리브영,아이메이크업,놀랬어,1
올리브영,아이메이크업,뭐임,1
올리브영,아이메이크업,외색,1
올리브영,아이메이크업,웜한데,1
올리브영,아이메이크업,글케,1
올리브영,아이메이크업,촌스러운,1
올리브영,아이메이크업,뿜뿜,1
올리브영,아이메이크업,샀슴,1
올리브영,아이메이크업,모브톤,1
올리브영,아이메이크업,트럭,1
올리브영,아이메이크업,털이범,1
올리브영,아이메이크업,고소합니다,1
올리브영,아이메이크업,아니었지만,1
올리브영,아이메이크업,연하게하시는,1
올리브영,아이메이크업,미지근한거,1
올리브영,아이메이크업,만족스러워요,1
올리브영,아이메이크업,유명했던,1
올리브영,아이메이크업,베이지색,1
올리브영,아이메이크업,누런끼,1
올리브영,아이메이크업,따뜻하고,1
올리브영,아이메이크업,같긴하지만,1
올리브영,아이메이크업,인내심,1
올리브영,아이메이크업,가이드라인,1
올리브영,아이메이크업,원본,1
올리브영,아이메이크업,손발,1
올리브영,아이메이크업,팔렛,1
올리브영,아이메이크업,떄매,1
올리브영,아이메이크업,뽀용한,1
올리브영,아이메이크업,서도,1
올리브영,아이메이크업,죽,1
올리브영,아이메이크업,닥치고,1
올리브영,아이메이크업,팍,1
올리브영,아이메이크업,아니여서,1
올리브영,아이메이크업,중심,1
올리브영,아이메이크업,영향,1
올리브영,아이메이크업,연하면서도,1
올리브영,아이메이크업,좋아했고,1
올리브영,아이메이크업,모질도,1
올리브영,아이메이크업,개예,1
올리브영,아이메이크업,와웅회끼,1
올리브영,아이메이크업,값어치,1
올리브영,아이메이크업,왠만해서는,1
올리브영,아이메이크업,똥구멍,1
올리브영,아이메이크업,무드있는,1
올리브영,아이메이크업,눈길,1
올리브영,아이메이크업,뙇,1
올리브영,아이메이크업,심심할,1
올리브영,아이메이크업,이뻐여,1
올리브영,아이메이크업,모해,1
올리브영,아이메이크업,어둡게,1
올리브영,아이메이크업,장,1
올리브영,아이메이크업,비슷하다하여,1
올리브영,아이메이크업,서손,1
올리브영,아이메이크업,육안,1
올리브영,아이메이크업,너무뽀용,1
올리브영,아이메이크업,쿨해서,1
올리브영,아이메이크업,망했다싶었는데,1
올리브영,아이메이크업,다행,1
올리브영,아이메이크업,여리하고,1
올리브영,아이메이크업,의안,1
올리브영,아이메이크업,얀,1
올리브영,아이메이크업,이쁘겠어요,1
올리브영,아이메이크업,탬,1
올리브영,아이메이크업,잘썻는데,1
올리브영,아이메이크업,껀,1
올리브영,아이메이크업,들보,1
올리브영,아이메이크업,아쉽다고,1
올리브영,아이메이크업,같고요,1
올리브영,아이메이크업,조,1
올리브영,아이메이크업,엄청나요,1
올리브영,아이메이크업,롬앤,1
올리브영,아이메이크업,불필요한,1
올리브영,아이메이크업,안함,1
올리브영,아이메이크업,아니다,1
올리브영,아이메이크업,갈웜을위,1
올리브영,아이메이크업,갈웜중,1
올리브영,아이메이크업,천합니다,1
올리브영,아이메이크업,감안,1
올리브영,아이메이크업,사십,1
올리브영,아이메이크업,반해,1
올리브영,아이메이크업,오프라,1
올리브영,아이메이크업,클라우드,1
올리브영,아이메이크업,오묘하지만,1
올리브영,아이메이크업,음푹,1
올리브영,아이메이크업,경고,1
올리브영,아이메이크업,갈기,1
올리브영,아이메이크업,외관,1
올리브영,아이메이크업,완내,1
올리브영,아이메이크업,빠를수,1
올리브영,아이메이크업,너무하고,1
올리브영,아이메이크업,평균,1
올리브영,아이메이크업,아닌것,1
올리브영,아이메이크업,정사각형,1
올리브영,아이메이크업,좋기로,1
올리브영,아이메이크업,디벨롭해,1
올리브영,아이메이크업,없죠,1
올리브영,아이메이크업,역대,1
올리브영,아이메이크업,조정,1
올리브영,아이메이크업,정리,1
올리브영,아이메이크업,맑고,1
올리브영,아이메이크업,특이한,1
올리브영,아이메이크업,충실하면서도,1
올리브영,아이메이크업,고개,1
올리브영,아이메이크업,장난,1
올리브영,아이메이크업,강해서,1
올리브영,아이메이크업,튼튼한,1
올리브영,아이메이크업,대해,1
올리브영,아이메이크업,아니라고,1
올리브영,아이메이크업,한편,1
올리브영,아이메이크업,가능하여,1
올리브영,아이메이크업,많았으면,1
올리브영,아이메이크업,유일한,1
올리브영,아이메이크업,위치,1
올리브영,아이메이크업,연함,1
올리브영,아이메이크업,명불허전,1
올리브영,아이메이크업,긴장,1
올리브영,아이메이크업,사오만원,1
올리브영,아이메이크업,꼴,1
올리브영,아이메이크업,미지근하고,1
올리브영,아이메이크업,이뻐용,1
올리브영,아이메이크업,딱일꺼,1
올리브영,아이메이크업,미덕,1
올리브영,아이메이크업,많을,1
올리브영,아이메이크업,고급스러,1
올리브영,아이메이크업,개도,1
올리브영,아이메이크업,어쨌든,1
올리브영,아이메이크업,덜하긴,1
올리브영,아이메이크업,약하긴,1
올리브영,아이메이크업,기쁘네요,1
올리브영,아이메이크업,부족하실것,1
올리브영,아이메이크업,빨라,1
올리브영,아이메이크업,좋아하고,1
올리브영,아이메이크업,어렵다고,1
올리브영,아이메이크업,약하게,1
올리브영,아이메이크업,좋았음,1
올리브영,아이메이크업,아쉽더라구요,1
올리브영,아이메이크업,높아도,1
올리브영,아이메이크업,원했던,1
올리브영,아이메이크업,좋았으,1
올리브영,아이메이크업,개입,1
올리브영,아이메이크업,뻐,1
올리브영,아이메이크업,만족함,1
올리브영,아이메이크업,이뽀용,1
올리브영,아이메이크업,좋앗,1
올리브영,아이메이크업,웨메,1
올리브영,아이메이크업,끼도,1
올리브영,아이메이크업,잔한,1
올리브영,아이메이크업,이뽀,1
올리브영,아이메이크업,딱웜,1
올리브영,아이메이크업,짬뽕,1
올리브영,아이메이크업,뽀얀,1
올리브영,아이메이크업,안되거나,1
올리브영,아이메이크업,유명할,1
올리브영,아이메이크업,관심,1
올리브영,아이메이크업,없다가,1
올리브영,아이메이크업,택,1
올리브영,아이메이크업,라이신,1
올리브영,아이메이크업,공홈,1
올리브영,아이메이크업,엄하,1
올리브영,아이메이크업,가능할,1
올리브영,아이메이크업,실패,1
올리브영,아이메이크업,고고,1
올리브영,아이메이크업,아니었,1
올리브영,아이메이크업,모브미,1
올리브영,아이메이크업,슬펐는데,1
올리브영,아이메이크업,다양하고,1
올리브영,아이메이크업,약해여,1
올리브영,아이메이크업,안햇,1
올리브영,아이메이크업,추측,1
올리브영,아이메이크업,적합합니다,1
올리브영,아이메이크업,대략,1
올리브영,아이메이크업,아쉬웠음,1
올리브영,아이메이크업,고용,1
올리브영,아이메이크업,쟁임템,1
올리브영,아이메이크업,입니디,1
올리브영,아이메이크업,만족스러운데,1
올리브영,아이메이크업,안되는거,1
올리브영,아이메이크업,힘드네요,1
올리브영,아이메이크업,예쁘다고,1
올리브영,아이메이크업,기조,1
올리브영,아이메이크업,빛돌,1
올리브영,아이메이크업,단감,1
올리브영,아이메이크업,럼,1
올리브영,아이메이크업,소식,1
올리브영,아이메이크업,경계,1
올리브영,아이메이크업,없었다는,1
올리브영,아이메이크업,알차고,1
올리브영,아이메이크업,올해,1
올리브영,아이메이크업,연한거라고,1
올리브영,아이메이크업,어두울,1
올리브영,아이메이크업,딥톤,1
올리브영,아이메이크업,세미,1
올리브영,아이메이크업,얌전,1
올리브영,아이메이크업,정숙,1
올리브영,아이메이크업,사악하지만,1
올리브영,아이메이크업,금고,1
올리브영,아이메이크업,해유,1
올리브영,아이메이크업,그러,1
올리브영,아이메이크업,골,1
올리브영,아이메이크업,은은하면서,1
올리브영,아이메이크업,만족했어요,1
올리브영,아이메이크업,있으니깐,1
올리브영,아이메이크업,있지,1
올리브영,아이메이크업,쿨하진,1
올리브영,아이메이크업,미지근해서,1
올리브영,아이메이크업,아아,1
올리브영,아이메이크업,알구,1
올리브영,아이메이크업,무펄,1
올리브영,아이메이크업,있는것만,1
올리브영,아이메이크업,진햐지규,1
올리브영,아이메이크업,마케팅,1
올리브영,아이메이크업,오해,1
올리브영,아이메이크업,만해,1
올리브영,아이메이크업,행복하다,1
올리브영,아이메이크업,뿌듯하네요,1
올리브영,아이메이크업,퍼컬,1
올리브영,아이메이크업,이미지,1
올리브영,아이메이크업,일러스트,1
올리브영,아이메이크업,무시,1
올리브영,아이메이크업,깔정돓,1
올리브영,아이메이크업,캬,1
올리브영,아이메이크업,염색머리,1
올리브영,아이메이크업,비운,1
올리브영,아이메이크업,붓펫,1
올리브영,아이메이크업,란,1
올리브영,아이메이크업,순간,1
올리브영,아이메이크업,해구,1
올리브영,아이메이크업,좋슙댜,1
올리브영,아이메이크업,단어,1
올리브영,아이메이크업,그렇지못한,1
올리브영,아이메이크업,얄쌍하,1
올리브영,아이메이크업,장미,1
올리브영,아이메이크업,잎,1
올리브영,아이메이크업,기념,1
올리브영,아이메이크업,정상,1
올리브영,아이메이크업,진해진,1
올리브영,아이메이크업,에바,1
올리브영,아이메이크업,문지,1
올리브영,아이메이크업,끝쪽,1
올리브영,아이메이크업,당연하겠지만,1
올리브영,아이메이크업,랭킹,1
올리브영,아이메이크업,리필,1
올리브영,아이메이크업,바이,1
올리브영,아이메이크업,스키,1
올리브영,아이메이크업,아닐까,1
올리브영,아이메이크업,규,1
올리브영,아이메이크업,또렷한거,1
올리브영,아이메이크업,아니냐,1
올리브영,아이메이크업,검게,1
올리브영,아이메이크업,회식,1
올리브영,아이메이크업,실러,1
올리브영,아이메이크업,완벽하게,1
올리브영,아이메이크업,뉘,1
올리브영,아이메이크업,펜슬인데,1
올리브영,아이메이크업,쭈욱,1
올리브영,아이메이크업,이상은,1
올리브영,아이메이크업,머금,1
올리브영,아이메이크업,대지,1
올리브영,아이메이크업,끼회끼,1
올리브영,아이메이크업,가미,1
올리브영,아이메이크업,지인,1
올리브영,아이메이크업,생기지,1
올리브영,아이메이크업,좋지,1
올리브영,아이메이크업,딱딱해서,1
올리브영,아이메이크업,불편했는데,1
올리브영,아이메이크업,프르프,1
올리브영,아이메이크업,연,1
올리브영,아이메이크업,하프,1
올리브영,아이메이크업,슬,1
올리브영,아이메이크업,무리,1
올리브영,아이메이크업,두꺼워,1
올리브영,아이메이크업,이쁜것,1
올리브영,아이메이크업,정가,1
올리브영,아이메이크업,개정,1
올리브영,아이메이크업,그러고있네요,1
올리브영,아이메이크업,어의,1
올리브영,아이메이크업,두껍다고,1
올리브영,아이메이크업,많으신,1
올리브영,아이메이크업,중요하잖아요,1
올리브영,아이메이크업,며칠,1
올리브영,아이메이크업,말씀,1
올리브영,아이메이크업,트라블,1
올리브영,아이메이크업,없다늠것,1
올리브영,아이메이크업,세상,1
올리브영,아이메이크업,이상한,1
올리브영,아이메이크업,찝찝할텐데,1
올리브영,아이메이크업,그렇지가,1
올리브영,아이메이크업,저렴하다는,1
올리브영,아이메이크업,그럴수,1
올리브영,아이메이크업,없는것이,1
올리브영,아이메이크업,안타깝긴,1
올리브영,아이메이크업,별루,1
올리브영,아이메이크업,쉬운데,1
올리브영,아이메이크업,일방,1
올리브영,아이메이크업,유연성,1
올리브영,아이메이크업,개선,1
올리브영,아이메이크업,곳곳이,1
올리브영,아이메이크업,수많은,1
올리브영,아이메이크업,스러져서,1
올리브영,아이메이크업,진한거,1
올리브영,아이메이크업,그림애굣살,1
올리브영,아이메이크업,댕,1
올리브영,아이메이크업,여름뮽,1
올리브영,아이메이크업,붕뜨,1
올리브영,아이메이크업,바닐라,1
올리브영,아이메이크업,괜찮네,1
올리브영,아이메이크업,쵝오,1
올리브영,아이메이크업,보지,1
올리브영,아이메이크업,달후,1
올리브영,아이메이크업,성능,1
올리브영,아이메이크업,아쉬울수도,1
올리브영,아이메이크업,괜찮,1
올리브영,아이메이크업,굳거나,1
올리브영,아이메이크업,붉어졌어요,1
올리브영,아이메이크업,어렵지,1
올리브영,아이메이크업,드니,1
올리브영,아이메이크업,색조화,1
올리브영,아이메이크업,필요할까,1
올리브영,아이메이크업,주어,1
올리브영,아이메이크업,쟁였다,1
올리브영,아이메이크업,쉬웠다,1
올리브영,아이메이크업,편하네요,1
올리브영,아이메이크업,향후,1
올리브영,아이메이크업,빼기,1
올리브영,아이메이크업,닷,1
올리브영,아이메이크업,노메이크업,1
올리브영,아이메이크업,메이,1
올리브영,아이메이크업,컵,1
올리브영,아이메이크업,스운,1
올리브영,아이메이크업,려고,1
올리브영,아이메이크업,기용,1
올리브영,아이메이크업,자연스럽에,1
올리브영,아이메이크업,괜찮지만,1
올리브영,아이메이크업,번의,1
올리브영,아이메이크업,프제,1
올리브영,아이메이크업,힘들면,1
올리브영,아이메이크업,찌,1
올리브영,아이메이크업,질때,1
올리브영,아이메이크업,있더라고요,1
올리브영,아이메이크업,그런데도,1
올리브영,아이메이크업,엽니,1
올리브영,아이메이크업,버튼,1
올리브영,아이메이크업,꾸욱,1
올리브영,아이메이크업,씩,1
올리브영,아이메이크업,구비,1
올리브영,아이메이크업,애착,1
올리브영,아이메이크업,연애,1
올리브영,아이메이크업,그램,1
올리브영,아이메이크업,오래되,1
올리브영,아이메이크업,용하는데,1
올리브영,아이메이크업,구원,1
올리브영,아이메이크업,유명한만큼,1
올리브영,아이메이크업,없다고,1
올리브영,아이메이크업,짙은,1
올리브영,아이메이크업,답답해,1
올리브영,아이메이크업,보이시,1
올리브영,아이메이크업,추합니,1
올리브영,아이메이크업,딱이다,1
올리브영,아이메이크업,안그리,1
올리브영,아이메이크업,밋밋해,1
올리브영,아이메이크업,쟁겨둡니,1
올리브영,아이메이크업,인해,1
올리브영,아이메이크업,스트레스,1
올리브영,아이메이크업,보유,1
올리브영,아이메이크업,편합니다,1
올리브영,아이메이크업,원했는데,1
올리브영,아이메이크업,클리,1
올리브영,아이메이크업,모말,1
올리브영,아이메이크업,십년,1
올리브영,아이메이크업,적당합니다,1
올리브영,아이메이크업,아까우니까,1
올리브영,아이메이크업,엄무니,1
올리브영,아이메이크업,좋아하셔서,1
올리브영,아이메이크업,쭈우우욱,1
올리브영,아이메이크업,간다,1
올리브영,아이메이크업,사오,1
올리브영,아이메이크업,썻다구,1
올리브영,아이메이크업,타구,1
올리브영,아이메이크업,잘나시는,1
올리브영,아이메이크업,심각하지,1
올리브영,아이메이크업,몬안,1
올리브영,아이메이크업,화사해,1
올리브영,아이메이크업,왓습,1
올리브영,아이메이크업,반한,1
올리브영,아이메이크업,딱이었구요,1
올리브영,아이메이크업,상위호환,1
올리브영,아이메이크업,스윽,1
올리브영,아이메이크업,오묘해서,1
올리브영,아이메이크업,불가한,1
올리브영,아이메이크업,익스,1
올리브영,아이메이크업,지모,1
올리브영,아이메이크업,꼼꼼한,1
올리브영,아이메이크업,튜브,1
올리브영,아이메이크업,신중히,1
올리브영,아이메이크업,선정,1
올리브영,아이메이크업,어색하고,1
올리브영,아이메이크업,자칫,1
올리브영,아이메이크업,부은,1
올리브영,아이메이크업,체,1
올리브영,아이메이크업,진하다,1
올리브영,아이메이크업,어려웠었는데,1
올리브영,아이메이크업,오토,1
올리브영,아이메이크업,쉬워요,1
올리브영,아이메이크업,덜하게,1
올리브영,아이메이크업,굳지,1
올리브영,아이메이크업,독보,1
올리브영,아이메이크업,딱딱하지도,1
올리브영,아이메이크업,무르지,1
올리브영,아이메이크업,경도,1
올리브영,아이메이크업,미사,1
올리브영,아이메이크업,소복,1
올리브영,아이메이크업,은은하며,1
올리브영,아이메이크업,안내,1
올리브영,아이메이크업,팟,1
올리브영,아이메이크업,링치,1
올리브영,아이메이크업,어둡고,1
올리브영,아이메이크업,탁해,1
올리브영,아이메이크업,있겠더라구요,1
올리브영,아이메이크업,아쉬운건,1
올리브영,아이메이크업,얼룩,1
올리브영,아이메이크업,다를까,1
올리브영,아이메이크업,핑거퍼프,1
올리브영,아이메이크업,다크서클,1
올리브영,아이메이크업,마냥,1
올리브영,아이메이크업,침침해져서,1
올리브영,아이메이크업,피크,1
올리브영,아이메이크업,방식,1
올리브영,아이메이크업,좋잖아요,1
올리브영,아이메이크업,꽝,1
올리브영,아이메이크업,희안하게,1
올리브영,아이메이크업,완화,1
올리브영,아이메이크업,젠틀,1
올리브영,아이메이크업,요게,1
올리브영,아이메이크업,미적,1
올리브영,아이메이크업,티쉬,1
올리브영,아이메이크업,마인드,1
올리브영,아이메이크업,아니긴,1
올리브영,아이메이크업,심심하다,1
올리브영,아이메이크업,예뻤던거,1
올리브영,아이메이크업,쿨하거든요,1
올리브영,아이메이크업,힙한듯,1
올리브영,아이메이크업,아팠어요,1
올리브영,아이메이크업,쪼끔씩,1
올리브영,아이메이크업,다짐,1
올리브영,아이메이크업,오크샌드,1
올리브영,아이메이크업,블렌딩돼,1
올리브영,아이메이크업,예쁌,1
올리브영,아이메이크업,있어도,1
올리브영,아이메이크업,충분할,1
올리브영,아이메이크업,붉지도,1
올리브영,아이메이크업,어둡지도,1
올리브영,아이메이크업,많던데,1
올리브영,아이메이크업,바사,1
올리브영,아이메이크업,노랗긴,1
올리브영,아이메이크업,통통하신,1
올리브영,아이메이크업,궁금했는데,1
올리브영,아이메이크업,비슷했던,1
올리브영,아이메이크업,비슷했는데,1
올리브영,아이메이크업,없었,1
올리브영,아이메이크업,단단하고,1
올리브영,아이메이크업,질퍽이,1
올리브영,아이메이크업,안색,1
올리브영,아이메이크업,짧아,1
올리브영,아이메이크업,비슷하지만,1
올리브영,아이메이크업,방스,1
올리브영,아이메이크업,뽀용뽀,1
올리브영,아이메이크업,용해져요,1
올리브영,아이메이크업,흔하지,1
올리브영,아이메이크업,강력한,1
올리브영,아이메이크업,끄덕,1
올리브영,아이메이크업,이쁠거,1
올리브영,아이메이크업,무작정,1
올리브영,아이메이크업,싫어서,1
올리브영,아이메이크업,밑색,1
올리브영,아이메이크업,민증,1
올리브영,아이메이크업,찍,1
올리브영,아이메이크업,또렷해요,1
올리브영,아이메이크업,없는고,1
올리브영,아이메이크업,그래두,1
올리브영,아이메이크업,던거라,1
올리브영,아이메이크업,핑그,1
올리브영,아이메이크업,쓰시,1
올리브영,아이메이크업,곰손,1
올리브영,아이메이크업,웜톤쪽,1
올리브영,아이메이크업,아파,1
올리브영,아이메이크업,해주,1
올리브영,아이메이크업,분만,1
올리브영,아이메이크업,잡솨,1
올리브영,아이메이크업,웜임,1
올리브영,아이메이크업,처,1
올리브영,아이메이크업,돌이,1
올리브영,아이메이크업,귀여울거,1
올리브영,아이메이크업,좋은지,1
올리브영,아이메이크업,애매하게,1
올리브영,아이메이크업,특출나게,1
올리브영,아이메이크업,치기,1
올리브영,아이메이크업,어둡더라구요,1
올리브영,아이메이크업,가까,1
올리브영,아이메이크업,많은걸,1
올리브영,아이메이크업,포지션,1
올리브영,아이메이크업,하달,1
올리브영,아이메이크업,뻔해서,1
올리브영,아이메이크업,선뜻,1
올리브영,아이메이크업,빛과,1
올리브영,아이메이크업,좋겟,1
올리브영,아이메이크업,멱살,1
올리브영,아이메이크업,금펄,1
올리브영,아이메이크업,용기,1
올리브영,아이메이크업,가능합니다,1
올리브영,아이메이크업,벽돌,1
올리브영,아이메이크업,립라이너,1
올리브영,아이메이크업,조아여,1
올리브영,아이메이크업,셔때매,1
올리브영,아이메이크업,슬퍼욬,1
올리브영,아이메이크업,정신,1
올리브영,아이메이크업,같으면서도,1
올리브영,아이메이크업,이쁘더라구요,1
올리브영,아이메이크업,립니,1
올리브영,아이메이크업,뒤늦게,1
올리브영,아이메이크업,동네,1
올리브영,아이메이크업,겨우,1
올리브영,아이메이크업,같단,1
올리브영,아이메이크업,싫어하는데,1
올리브영,아이메이크업,흐트려주,1
올리브영,아이메이크업,밀리,1
올리브영,아이메이크업,없나,1
올리브영,아이메이크업,헤메,1
올리브영,아이메이크업,부드럽다고,1
올리브영,아이메이크업,존부,1
올리브영,아이메이크업,훨,1
올리브영,아이메이크업,쌩눈,1
올리브영,아이메이크업,연해지긴,1
올리브영,아이메이크업,만족했었습니다,1
올리브영,아이메이크업,불편하네요,1
올리브영,아이메이크업,혹,1
올리브영,아이메이크업,그다지,1
올리브영,아이메이크업,다를빠,1
올리브영,아이메이크업,비싼만큼,1
올리브영,아이메이크업,가면,1
올리브영,아이메이크업,작은데,1
올리브영,아이메이크업,거만한거,1
올리브영,아이메이크업,웜쿭톤,1
올리브영,아이메이크업,괜춘한듯,1
올리브영,아이메이크업,빡애굣살,1
올리브영,아이메이크업,은은하고,1
올리브영,아이메이크업,괜찬음,1
올리브영,아이메이크업,길진,1
올리브영,아이메이크업,괜찬은듯,1
올리브영,아이메이크업,쿨할,1
올리브영,아이메이크업,쿨하지,1
올리브영,아이메이크업,안쪽,1
올리브영,아이메이크업,줌,1
올리브영,아이메이크업,서운할,1
올리브영,아이메이크업,증식,1
올리브영,아이메이크업,퍼센트,1
올리브영,아이메이크업,화면,1
올리브영,아이메이크업,염두,1
올리브영,아이메이크업,웜해,1
올리브영,아이메이크업,까만,1
올리브영,아이메이크업,동양인,1
올리브영,아이메이크업,굴,1
올리브영,아이메이크업,서랍,1
올리브영,아이메이크업,행,1
올리브영,아이메이크업,메모,1
올리브영,아이메이크업,어딘가,1
올리브영,아이메이크업,분명,1
올리브영,아이메이크업,랍,1
올리브영,아이메이크업,예뻐져요,1
올리브영,아이메이크업,감탄,1
올리브영,아이메이크업,도화지,1
올리브영,아이메이크업,있어오,1
올리브영,아이메이크업,같았지만,1
올리브영,아이메이크업,따뜻한,1
올리브영,아이메이크업,진쨔,1
올리브영,아이메이크업,꽃,1
올리브영,아이메이크업,살구,1
올리브영,아이메이크업,애초,1
올리브영,아이메이크업,기대하지,1
올리브영,아이메이크업,임도,1
올리브영,아이메이크업,짱짱한,1
올리브영,아이메이크업,같았고,1
올리브영,아이메이크업,걔,1
올리브영,아이메이크업,결정,1
올리브영,아이메이크업,다를텐데,1
올리브영,아이메이크업,불투명한,1
올리브영,아이메이크업,다이소,1
올리브영,아이메이크업,셔깔,1
올리브영,아이메이크업,그렇다치는데,1
올리브영,아이메이크업,감일,1
올리브영,아이메이크업,당연히,1
올리브영,아이메이크업,살몬베,1
올리브영,아이메이크업,많았기에,1
올리브영,아이메이크업,노란기,1
올리브영,아이메이크업,노리,1
올리브영,아이메이크업,좋으라고,1
올리브영,아이메이크업,거구,1
올리브영,아이메이크업,얼마나,1
올리브영,아이메이크업,새삼,1
올리브영,아이메이크업,궁금해지네요,1
올리브영,아이메이크업,별개,1
올리브영,아이메이크업,배드,1
올리브영,아이메이크업,굵기라,1
올리브영,아이메이크업,러쉬,1
올리브영,아이메이크업,가로,1
올리브영,아이메이크업,진한가,1
올리브영,아이메이크업,예뿌,1
올리브영,아이메이크업,짧음,1
올리브영,아이메이크업,이쁜건,1
올리브영,아이메이크업,두기,1
올리브영,아이메이크업,인따,1
올리브영,아이메이크업,쟁여둿습,1
올리브영,아이메이크업,똑같은데,1
올리브영,아이메이크업,왜인,1
올리브영,아이메이크업,부드럽지만,1
올리브영,아이메이크업,존쪽,1
올리브영,아이메이크업,넝,1
올리브영,아이메이크업,가원,1
올리브영,아이메이크업,메이커,1
올리브영,아이메이크업,사야쥬,1
올리브영,아이메이크업,취,1
올리브영,아이메이크업,쪼꼼,1
올리브영,아이메이크업,가까이,1
올리브영,아이메이크업,용이,1
올리브영,아이메이크업,힘들더라,1
올리브영,아이메이크업,뾰용,1
올리브영,아이메이크업,안감,1
올리브영,아이메이크업,바르게,1
올리브영,아이메이크업,건조할,1
올리브영,아이메이크업,읍니,1
올리브영,아이메이크업,칙칙하고,1
올리브영,아이메이크업,거뭇,1
올리브영,아이메이크업,자자해서,1
올리브영,아이메이크업,말갛고,1
올리브영,아이메이크업,뽀오얀,1
올리브영,아이메이크업,정식,1
올리브영,아이메이크업,발매,1
올리브영,아이메이크업,와우,1
올리브영,아이메이크업,엄청난,1
올리브영,아이메이크업,어두웠어요,1
올리브영,아이메이크업,차분하,1
올리브영,아이메이크업,안정,1
올리브영,아이메이크업,바닥,1
올리브영,아이메이크업,예쁜지,1
올리브영,아이메이크업,화사,1
올리브영,아이메이크업,괜찮았어,1
올리브영,아이메이크업,개개,1
올리브영,아이메이크업,중앙,1
올리브영,아이메이크업,개추,1
올리브영,아이메이크업,지나,1
올리브영,아이메이크업,가다가,1
올리브영,아이메이크업,삿는디,1
올리브영,아이메이크업,눈옆,1
올리브영,아이메이크업,좋운듯,1
올리브영,아이메이크업,일언,1
올리브영,아이메이크업,고대로,1
올리브영,아이메이크업,탁하지,1
올리브영,아이메이크업,좋으니,1
올리브영,아이메이크업,민감하신,1
올리브영,아이메이크업,충분하다는,1
올리브영,아이메이크업,개쩌,1
올리브영,아이메이크업,화살,1
올리브영,아이메이크업,칠,1
올리브영,아이메이크업,예뻤을거,1
올리브영,아이메이크업,같긴한데,1
올리브영,아이메이크업,빨갛지도,1
올리브영,아이메이크업,화사함이,1
올리브영,아이메이크업,없지도,1
올리브영,아이메이크업,미어요,1
올리브영,아이메이크업,흘깃,1
올리브영,아이메이크업,어워즈,1
올리브영,아이메이크업,양각도,1
올리브영,아이메이크업,많긴,1
올리브영,아이메이크업,진하더라고요,1
올리브영,아이메이크업,해주시,1
올리브영,아이메이크업,귀찮고,1
올리브영,아이메이크업,번거로워서,1
올리브영,아이메이크업,변함도,1
올리브영,아이메이크업,딱하,1
올리브영,아이메이크업,꼽으라,1
올리브영,아이메이크업,물음,1
올리브영,아이메이크업,같기,1
올리브영,아이메이크업,확실하고,1
올리브영,아이메이크업,바이럴,1
올리브영,아이메이크업,하진,1
올리브영,아이메이크업,뽀개져,1
올리브영,아이메이크업,다닝,1
올리브영,아이메이크업,띄엄뜨엄,1
올리브영,아이메이크업,어려움,1
올리브영,아이메이크업,같닼,1
올리브영,아이메이크업,미스,1
올리브영,아이메이크업,단단한데,1
올리브영,아이메이크업,도톰함,1
올리브영,아이메이크업,뽝,1
올리브영,아이메이크업,옇,1
올리브영,아이메이크업,저렴하게,1
올리브영,아이메이크업,작은게,1
올리브영,아이메이크업,비싸네,1
올리브영,아이메이크업,있겠죠,1
올리브영,아이메이크업,대합,1
올리브영,아이메이크업,연정,1
올리브영,아이메이크업,좋내,1
올리브영,아이메이크업,안남아서,1
올리브영,아이메이크업,스럽고,1
올리브영,아이메이크업,비슷할줄,1
올리브영,아이메이크업,화사해요,1
올리브영,아이메이크업,애정탬,1
올리브영,아이메이크업,함쿨톤,1
올리브영,아이메이크업,무예,1
올리브영,아이메이크업,진쯔,1
올리브영,아이메이크업,감히,1
올리브영,아이메이크업,컴백,1
올리브영,아이메이크업,비싸서,1
올리브영,아이메이크업,웃음,1
올리브영,아이메이크업,고이는데,1
올리브영,아이메이크업,원하신다면,1
올리브영,아이메이크업,야합니다,1
올리브영,아이메이크업,크리미,1
올리브영,아이메이크업,이슈,1
올리브영,아이메이크업,립펜,1
올리브영,아이메이크업,있네,1
올리브영,아이메이크업,기만,1
올리브영,아이메이크업,부각,1
올리브영,아이메이크업,심하지,1
올리브영,아이메이크업,으루,1
올리브영,아이메이크업,야하는,1
올리브영,아이메이크업,뭉,1
올리브영,아이메이크업,두껍더라,1
올리브영,아이메이크업,더니,1
올리브영,아이메이크업,부자연스럽고,1
올리브영,아이메이크업,아쉬웠는데,1
올리브영,아이메이크업,더워,1
올리브영,아이메이크업,어색하지,1
올리브영,아이메이크업,부드럽지,1
올리브영,아이메이크업,담당,1
올리브영,아이메이크업,가타,1
올리브영,아이메이크업,짙,1
올리브영,아이메이크업,애매해요,1
올리브영,아이메이크업,성수,1
올리브영,아이메이크업,있길래,1
올리브영,아이메이크업,형광등,1
올리브영,아이메이크업,길거리,1
올리브영,아이메이크업,번호,1
올리브영,아이메이크업,쟁였어,1
올리브영,아이메이크업,숨,1
올리브영,아이메이크업,선명해,1
올리브영,아이메이크업,웜했어,1
올리브영,아이메이크업,순하고,1
올리브영,아이메이크업,노무,1
올리브영,아이메이크업,예쁘다구,1
올리브영,아이메이크업,좋쿠,1
올리브영,아이메이크업,예쁘지,1
올리브영,아이메이크업,걸이,1
올리브영,아이메이크업,터해봣,1
올리브영,아이메이크업,가깝다,1
올리브영,아이메이크업,능,1
올리브영,아이메이크업,임브,1
올리브영,아이메이크업,고픔,1
올리브영,아이메이크업,최,1
올리브영,아이메이크업,리기,1
올리브영,아이메이크업,애매해서,1
올리브영,아이메이크업,레알,1
올리브영,아이메이크업,도리,1
올리브영,아이메이크업,하절,1
올리브영,아이메이크업,세수,1
올리브영,아이메이크업,아깝고,1
올리브영,아이메이크업,환불,1
올리브영,아이메이크업,짜증나서,1
올리브영,아이메이크업,쿵,1
올리브영,아이메이크업,아까,1
올리브영,아이메이크업,드오,1
올리브영,아이메이크업,노심초사,1
올리브영,아이메이크업,예쁘구려,1
올리브영,아이메이크업,용서,1
올리브영,아이메이크업,같소,1
올리브영,아이메이크업,더구려,1
올리브영,아이메이크업,그러니,1
올리브영,아이메이크업,좋겠다는,1
올리브영,아이메이크업,소소한,1
올리브영,아이메이크업,있소,1
올리브영,아이메이크업,쟁여둘,1
올리브영,아이메이크업,젊은이,1
올리브영,아이메이크업,선비,1
올리브영,아이메이크업,하단,1
올리브영,아이메이크업,버어튼,1
올리브영,아이메이크업,있겠소,1
올리브영,아이메이크업,고맙,1
올리브영,아이메이크업,소이,1
올리브영,아이메이크업,진하진,1
올리브영,아이메이크업,벅,1
올리브영,아이메이크업,쉬머펄,1
올리브영,아이메이크업,유명하니까,1
올리브영,아이메이크업,호로,1
올리브영,아이메이크업,짱짱했으면,1
올리브영,아이메이크업,아픔,1
올리브영,아이메이크업,사본,1
올리브영,아이메이크업,비례,1
올리브영,아이메이크업,확실하다,1
올리브영,아이메이크업,개복치,1
올리브영,아이메이크업,생산,1
올리브영,아이메이크업,과정,1
올리브영,아이메이크업,나무모,1
올리브영,아이메이크업,불안하게,1
올리브영,아이메이크업,최고다,1
올리브영,아이메이크업,렌즈,1
올리브영,아이메이크업,눈동자,1
올리브영,아이메이크업,있더라,1
올리브영,아이메이크업,먹음,1
올리브영,아이메이크업,극악,1
올리브영,아이메이크업,심하다고,1
올리브영,아이메이크업,예뻤고,1
올리브영,아이메이크업,예뻤다,1
올리브영,아이메이크업,예쁘니,1
올리브영,아이메이크업,예쁘기,1
올리브영,아이메이크업,메이컨,1
올리브영,아이메이크업,뭔,1
올리브영,아이메이크업,세배,1
올리브영,아이메이크업,별다른,1
올리브영,아이메이크업,도구,1
올리브영,아이메이크업,서든,1
올리브영,아이메이크업,없으시면,1
올리브영,아이메이크업,빡침,1
올리브영,아이메이크업,그래도,1
올리브영,아이메이크업,면서,1
올리브영,아이메이크업,일회용,1
올리브영,아이메이크업,만원,1
올리브영,아이메이크업,슬치,1
올리브영,아이메이크업,불편한데다,1
올리브영,아이메이크업,좋아라,1
올리브영,아이메이크업,초딩,1
올리브영,아이메이크업,조카,1
올리브영,아이메이크업,용돈,1
올리브영,아이메이크업,생일,1
올리브영,아이메이크업,던건데,1
올리브영,아이메이크업,예쁘구,1
올리브영,아이메이크업,무르,1
올리브영,아이메이크업,황기,1
올리브영,아이메이크업,어케그렷,1
올리브영,아이메이크업,밯,1
올리브영,아이메이크업,교살,1
올리브영,아이메이크업,좋았던,1
올리브영,아이메이크업,창조,1
올리브영,아이메이크업,모로,1
올리브영,아이메이크업,같은데요,1
올리브영,아이메이크업,용한,1
올리브영,아이메이크업,이드,1
올리브영,아이메이크업,포켓,1
올리브영,아이메이크업,만족감,1
올리브영,아이메이크업,대로,1
올리브영,아이메이크업,플레이어,1
올리브영,아이메이크업,만족스런,1
올리브영,아이메이크업,구분,1
올리브영,아이메이크업,부담스러워서,1
올리브영,아이메이크업,힘들었는데,1
올리브영,아이메이크업,몽땅,1
올리브영,아이메이크업,작지,1
올리브영,아이메이크업,귀찮으면,1
올리브영,아이메이크업,커터칼,1
올리브영,아이메이크업,알맹이,1
올리브영,아이메이크업,저서,1
올리브영,아이메이크업,아픈,1
올리브영,아이메이크업,옙브,1
올리브영,아이메이크업,발색럭,1
올리브영,아이메이크업,아토피,1
올리브영,아이메이크업,샥상,1
올리브영,아이메이크업,예쁩니답,1
올리브영,아이메이크업,엏,1
올리브영,아이메이크업,달러,1
올리브영,아이메이크업,가득,1
올리브영,아이메이크업,으러,1
올리브영,아이메이크업,확인,1
올리브영,아이메이크업,주신,1
올리브영,아이메이크업,어떨지,1
올리브영,아이메이크업,아니라는,1
올리브영,아이메이크업,난생,1
올리브영,아이메이크업,있는지,1
올리브영,아이메이크업,결코,1
올리브영,아이메이크업,용납,1
올리브영,아이메이크업,더할,1
올리브영,아이메이크업,나위,1
올리브영,아이메이크업,구현,1
올리브영,아이메이크업,같기도,1
올리브영,아이메이크업,스러웠던,1
올리브영,아이메이크업,귀여웠어요,1
올리브영,아이메이크업,편했지만,1
올리브영,아이메이크업,원한다면,1
올리브영,아이메이크업,정화,1
올리브영,아이메이크업,투명한,1
올리브영,아이메이크업,마개,1
올리브영,아이메이크업,크레용,1
올리브영,아이메이크업,가까운,1
올리브영,아이메이크업,너비,1
올리브영,아이메이크업,얕은,1
올리브영,아이메이크업,하품,1
올리브영,아이메이크업,비비,1
올리브영,아이메이크업,넓은,1
올리브영,아이메이크업,유연하게,1
올리브영,아이메이크업,진짜진짜,1
올리브영,아이메이크업,펄사,1
올리브영,아이메이크업,모이,1
올리브영,아이메이크업,사망,1
올리브영,아이메이크업,모임,1
올리브영,아이메이크업,우리,1
올리브영,아이메이크업,거부,1
올리브영,아이메이크업,고운,1
올리브영,아이메이크업,파트,1
올리브영,아이메이크업,성공,1
올리브영,아이메이크업,붉거나,1
올리브영,아이메이크업,호더,1
올리브영,아이메이크업,호투,1
올리브영,아이메이크업,밝기,1
올리브영,아이메이크업,듀베이,1
올리브영,아이메이크업,누런기,1
올리브영,아이메이크업,부실한지,1
올리브영,아이메이크업,뜨렸는데,1
올리브영,아이메이크업,댕강,1
올리브영,아이메이크업,튼튼하게,1
올리브영,아이메이크업,샥,1
올리브영,아이메이크업,하얗다라고도,1
올리브영,아이메이크업,타슈,1
올리브영,아이메이크업,날카롭고,1
올리브영,아이메이크업,그지같은데,1
올리브영,아이메이크업,통통,1
올리브영,아이메이크업,쿨톤용,1
올리브영,아이메이크업,한정판,1
올리브영,아이메이크업,고급스러워서,1
올리브영,아이메이크업,주위,1
올리브영,아이메이크업,모습,1
올리브영,아이메이크업,예쁘다오,1
올리브영,아이메이크업,만족스럽소,1
올리브영,아이메이크업,싰아오,1
올리브영,아이메이크업,똑같은,1
올리브영,아이메이크업,허전해서,1
올리브영,아이메이크업,맥,1
올리브영,아이메이크업,펜슬용,1
올리브영,아이메이크업,좋아하,1
올리브영,아이메이크업,탈,1
올리브영,아이메이크업,노랄,1
올리브영,아이메이크업,있겠다만,1
올리브영,아이메이크업,있답니다,1
올리브영,아이메이크업,높으면,1
올리브영,아이메이크업,를,1
올리브영,아이메이크업,슬프지만,1
올리브영,아이메이크업,대체로,1
올리브영,아이메이크업,낮아요,1
올리브영,아이메이크업,바닐라코,1
올리브영,아이메이크업,약해,1
올리브영,아이메이크업,이나,1
올리브영,아이메이크업,칠하면,1
올리브영,아이메이크업,적당하게,1
올리브영,아이메이크업,짧습니다,1
올리브영,아이메이크업,칠하는,1
올리브영,아이메이크업,차원,1
올리브영,아이메이크업,다르,1
올리브영,아이메이크업,하얀,1
올리브영,아이메이크업,빵,1
올리브영,아이메이크업,실해,1
올리브영,아이메이크업,딩링,1
올리브영,아이메이크업,블룸,1
올리브영,아이메이크업,노랗게,1
올리브영,아이메이크업,높이,1
올리브영,아이메이크업,트렸,1
올리브영,아이메이크업,스러웠어요,1
올리브영,아이메이크업,로지듀,1
올리브영,아이메이크업,알맞아서,1
올리브영,아이메이크업,효고,1
올리브영,아이메이크업,덴,1
올리브영,아이메이크업,뜸,1
올리브영,아이메이크업,아쉬웠전,1
올리브영,아이메이크업,살라,1
올리브영,아이메이크업,구함,1
올리브영,아이메이크업,건조함,1
올리브영,아이메이크업,건조하지만,1
올리브영,아이메이크업,좋았늠,1
올리브영,아이메이크업,기껏,1
올리브영,아이메이크업,애증,1
올리브영,아이메이크업,계,1
올리브영,아이메이크업,반토막,1
올리브영,아이메이크업,부피,1
올리브영,아이메이크업,불편한데,1
올리브영,아이메이크업,편함,1
올리브영,아이메이크업,썻,1
올리브영,아이메이크업,약한것,1
올리브영,아이메이크업,예쁘더라고요,1
올리브영,아이메이크업,편리함은,1
올리브영,아이메이크업,아쉽고,1
올리브영,아이메이크업,반드시,1
올리브영,아이메이크업,좋아하면,1
올리브영,아이메이크업,쿨베,1
올리브영,아이메이크업,이지투,1
올리브영,아이메이크업,샋,1
올리브영,아이메이크업,요정,1
올리브영,아이메이크업,이뿌게,1
올리브영,아이메이크업,필템,1
올리브영,아이메이크업,이뿌고,1
올리브영,아이메이크업,품행,1
올리브영,아이메이크업,없으나,1
올리브영,아이메이크업,실패했는데,1
올리브영,아이메이크업,노하우,1
올리브영,아이메이크업,가능하게,1
올리브영,아이메이크업,불편하진,1
올리브영,아이메이크업,눈밑살,1
올리브영,아이메이크업,티쉬해,1
올리브영,아이메이크업,배경,1
올리브영,아이메이크업,없기,1
올리브영,아이메이크업,신기한,1
올리브영,아이메이크업,부드러운데,1
올리브영,아이메이크업,민감하시면,1
올리브영,아이메이크업,마르는,1
올리브영,아이메이크업,마른다고,1
올리브영,아이메이크업,연필깎이,1
올리브영,아이메이크업,컬러링,1
올리브영,아이메이크업,응,1
올리브영,아이메이크업,겧또,1
올리브영,아이메이크업,이벤트,1
올리브영,아이메이크업,꾸욱참,1
올리브영,아이메이크업,눈밑뽀용,1
올리브영,아이메이크업,한겨울,1
올리브영,아이메이크업,글리,1
올리브영,아이메이크업,액체,1
올리브영,아이메이크업,옥,1
올리브영,아이메이크업,짧은데,1
올리브영,아이메이크업,내추럴,1
올리브영,아이메이크업,매직,1
올리브영,아이메이크업,씰러,1
올리브영,아이메이크업,유지됨,1
올리브영,아이메이크업,똥꽝,1
올리브영,아이메이크업,써봣는데,1
올리브영,아이메이크업,투쿨임,1
올리브영,아이메이크업,배,1
올리브영,아이메이크업,도움됏다,1
올리브영,아이메이크업,봉,1
올리브영,아이메이크업,어울링다,1
올리브영,아이메이크업,산다,1
올리브영,아이메이크업,다운,1
올리브영,아이메이크업,소량,1
올리브영,아이메이크업,같아서요,1
올리브영,아이메이크업,감격,1
올리브영,아이메이크업,스러울,1
올리브영,아이메이크업,정돈,1
올리브영,아이메이크업,진자,1
올리브영,아이메이크업,많기도,1
올리브영,아이메이크업,형상,1
올리브영,아이메이크업,아쉬운거에요,1
올리브영,아이메이크업,차선,1
올리브영,아이메이크업,비감,1
올리브영,아이메이크업,없진,1
올리브영,아이메이크업,콧등,1
올리브영,아이메이크업,코끝,1
올리브영,아이메이크업,연보,1
올리브영,아이메이크업,건강하고,1
올리브영,아이메이크업,행복한,1
올리브영,아이메이크업,뷰티,1
올리브영,아이메이크업,생활,1
올리브영,아이메이크업,나임,1
올리브영,아이메이크업,안좋으니,1
올리브영,아이메이크업,검수,1
올리브영,아이메이크업,빡빡,1
올리브영,아이메이크업,같은거,1
올리브영,아이메이크업,주지,1
올리브영,아이메이크업,주거,1
올리브영,아이메이크업,촤르르,1
올리브영,아이메이크업,용법,1
올리브영,아이메이크업,다양하게,1
올리브영,아이메이크업,좋은가,1
올리브영,아이메이크업,많았고,1
올리브영,아이메이크업,언급,1
올리브영,아이메이크업,금세,1
올리브영,아이메이크업,뭉개져,1
올리브영,아이메이크업,단번,1
올리브영,아이메이크업,직각,1
올리브영,아이메이크업,리지,1
올리브영,아이메이크업,불편하더라구요,1
올리브영,아이메이크업,원샷,1
올리브영,아이메이크업,킬,1
올리브영,아이메이크업,대감,1
올리브영,아이메이크업,텀,1
올리브영,아이메이크업,짧은것,1
올리브영,아이메이크업,퍽퍽,1
올리브영,아이메이크업,귀찮아하는,1
올리브영,아이메이크업,눈덩이,1
올리브영,아이메이크업,투쿨펜슬,1
올리브영,아이메이크업,가치,1
올리브영,아이메이크업,어느새,1
올리브영,아이메이크업,업,1
올리브영,아이메이크업,짧아요,1
올리브영,아이메이크업,나연,1
올리브영,아이메이크업,핫,1
올리브영,아이메이크업,다양,1
올리브영,아이메이크업,아니었어서,1
올리브영,아이메이크업,펜슬형식,1
올리브영,아이메이크업,투명,1
올리브영,아이메이크업,가까워서,1
올리브영,아이메이크업,핑크펑,1
올리브영,아이메이크업,므,1
올리브영,아이메이크업,파스텔,1
올리브영,아이메이크업,젭,1
올리브영,아이메이크업,재사용,1
올리브영,아이메이크업,매,1
올리브영,아이메이크업,온라인,1
올리브영,아이메이크업,반짝,1
올리브영,아이메이크업,애매함,1
올리브영,아이메이크업,다르니,1
올리브영,아이메이크업,장가,1
올리브영,아이메이크업,어보,1
올리브영,아이메이크업,오래됨,1
올리브영,아이메이크업,반짝반짝한,1
올리브영,아이메이크업,기대하고,1
올리브영,아이메이크업,건데,1
올리브영,아이메이크업,허옇기,1
올리브영,아이메이크업,부드럽진,1
올리브영,아이메이크업,어두워서,1
올리브영,아이메이크업,트와이스,1
올리브영,아이메이크업,부러,1
올리브영,아이메이크업,곰방,1
올리브영,아이메이크업,드래곤볼,1
올리브영,아이메이크업,둣,1
올리브영,아이메이크업,주가,1
올리브영,아이메이크업,실종,1
올리브영,아이메이크업,잠깐,1
올리브영,아이메이크업,공,1
올리브영,아이메이크업,낮고,1
올리브영,아이메이크업,아쉬웠어,1
올리브영,아이메이크업,꿀,1
올리브영,아이메이크업,붉은빛,1
올리브영,아이메이크업,세련된,1
올리브영,아이메이크업,이쁘지만,1
올리브영,아이메이크업,탄탄한,1
올리브영,아이메이크업,편하구,1
올리브영,아이메이크업,케바케,1
올리브영,아이메이크업,어요,1
올리브영,아이메이크업,가벼워서,1
올리브영,아이메이크업,장하면,1
올리브영,아이메이크업,안된다는게,1
올리브영,아이메이크업,최대,1
올리브영,아이메이크업,휴지,1
올리브영,아이메이크업,먄,1
올리브영,아이메이크업,자리,1
올리브영,아이메이크업,잡,1
올리브영,아이메이크업,예뻤습니다,1
올리브영,아이메이크업,힘들었습니다,1
올리브영,아이메이크업,괜,1
올리브영,아이메이크업,차노아,1
올리브영,아이메이크업,유명한데엔,1
올리브영,아이메이크업,없던,1
올리브영,아이메이크업,좋길래,1
올리브영,아이메이크업,까슬까슬,1
올리브영,아이메이크업,아닙니,1
올리브영,아이메이크업,려,1
올리브영,아이메이크업,하얀데도,1
올리브영,아이메이크업,아까운,1
올리브영,아이메이크업,갈치,1
올리브영,아이메이크업,유명한데는,1
올리브영,아이메이크업,귀찮은,1
올리브영,아이메이크업,용해야,1
올리브영,아이메이크업,있다가,1
올리브영,아이메이크업,까말까,1
올리브영,아이메이크업,냥,1
올리브영,아이메이크업,미쳤다,1
올리브영,아이메이크업,명성,1
올리브영,아이메이크업,그런것,1
올리브영,아이메이크업,나쁘지는,1
올리브영,아이메이크업,훔색,1
올리브영,아이메이크업,랬,1
올리브영,아이메이크업,좁게,1
올리브영,아이메이크업,애굣살끝,1
올리브영,아이메이크업,예쁘구여,1
올리브영,아이메이크업,물렁한,1
올리브영,아이메이크업,증발,1
올리브영,아이메이크업,그대,1
올리브영,아이메이크업,여분,1
올리브영,아이메이크업,두껍다,1
올리브영,아이메이크업,얇았음,1
올리브영,아이메이크업,좋았을듯,1
올리브영,아이메이크업,반면,1
올리브영,아이메이크업,강하게,1
올리브영,아이메이크업,확률,1
올리브영,아이메이크업,높아서,1
올리브영,아이메이크업,안전합니다,1
올리브영,아이메이크업,안전하고,1
올리브영,아이메이크업,면적,1
올리브영,아이메이크업,안좋게,1
올리브영,아이메이크업,연분홍,1
올리브영,아이메이크업,강하,1
올리브영,아이메이크업,더해진,1
올리브영,아이메이크업,길지,1
올리브영,아이메이크업,필요하다는,1
올리브영,아이메이크업,플라스틱,1
올리브영,아이메이크업,아픈데,1
올리브영,아이메이크업,펜슬깎이,1
올리브영,아이메이크업,아깝긴,1
올리브영,아이메이크업,없으,1
올리브영,아이메이크업,좋겠네요,1
올리브영,아이메이크업,우왕,1
올리브영,아이메이크업,예므니,1
올리브영,아이메이크업,특별히,1
올리브영,아이메이크업,공개,1
올리브영,아이메이크업,자연스러운데,1
올리브영,아이메이크업,속상한데,1
올리브영,아이메이크업,캐,1
올리브영,아이메이크업,진해용,1
올리브영,아이메이크업,물건,1
올리브영,아이메이크업,이쁜데,1
올리브영,아이메이크업,개똥망임,1
올리브영,아이메이크업,깜빡,1
올리브영,아이메이크업,거릴,1
올리브영,아이메이크업,큐,1
올리브영,아이메이크업,거만,1
올리브영,아이메이크업,끊음,1
올리브영,아이메이크업,튜,1
올리브영,아이메이크업,상황,1
올리브영,아이메이크업,미침,1
올리브영,아이메이크업,그렇다면,1
올리브영,아이메이크업,있겠습니다,1
올리브영,아이메이크업,바스라,1
올리브영,아이메이크업,웜딥,1
올리브영,아이메이크업,쿨하다라고요,1
올리브영,아이메이크업,별롭니,1
올리브영,아이메이크업,반짝반짝해져,1
올리브영,아이메이크업,반짝반짝해,1
올리브영,아이메이크업,짧은것과,1
올리브영,아이메이크업,크레파스,1
올리브영,아이메이크업,향,1
올리브영,아이메이크업,쟁여두,1
올리브영,아이메이크업,쨍하,1
올리브영,아이메이크업,스크류,1
올리브영,아이메이크업,짱짱합니다,1
올리브영,아이메이크업,유명하잖아요,1
올리브영,아이메이크업,런칭,1
올리브영,아이메이크업,진작,1
올리브영,아이메이크업,그랬어요,1
올리브영,아이메이크업,유명한거,1
올리브영,아이메이크업,사도,1
올리브영,아이메이크업,많거든요,1
올리브영,아이메이크업,유무,1
올리브영,아이메이크업,실패한게,1
올리브영,아이메이크업,핀셋,1
올리브영,아이메이크업,야외,1
올리브영,아이메이크업,새까만,1
올리브영,아이메이크업,사각형,1
올리브영,아이메이크업,한쪽,1
올리브영,아이메이크업,삭삭,1
올리브영,아이메이크업,매끄럽고,1
올리브영,아이메이크업,그렇듯,1
올리브영,아이메이크업,훌륭함,1
올리브영,아이메이크업,완벽,1
올리브영,아이메이크업,훌륭,1
올리브영,아이메이크업,귀엽다고,1
올리브영,아이메이크업,좋아하더라고요,1
올리브영,아이메이크업,홀린,1
올리브영,아이메이크업,있다니,1
올리브영,아이메이크업,컬릭서,1
올리브영,아이메이크업,검증,1
올리브영,아이메이크업,민스,1
올리브영,아이메이크업,코스,1
올리브영,아이메이크업,지역,1
올리브영,아이메이크업,쓰레기,1
올리브영,아이메이크업,도루,1
올리브영,아이메이크업,장인,1
올리브영,아이메이크업,청답,1
올리브영,아이메이크업,웬만한,1
올리브영,아이메이크업,지방,1
올리브영,아이메이크업,계시,1
올리브영,아이메이크업,진임,1
올리브영,아이메이크업,얇은게,1
올리브영,아이메이크업,끼리,1
올리브영,아이메이크업,이렇게나,1
올리브영,아이메이크업,기회,1
올리브영,아이메이크업,또렷함,1
올리브영,아이메이크업,트위저,1
올리브영,아이메이크업,증사,1
올리브영,아이메이크업,증,1
올리브영,아이메이크업,사가,1
올리브영,아이메이크업,가벼운,1
올리브영,아이메이크업,불편할,1
올리브영,아이메이크업,망했,1
올리브영,아이메이크업,유튜브,1
올리브영,아이메이크업,가망,1
올리브영,아이메이크업,없드라구,1
올리브영,아이메이크업,칠해서,1
올리브영,아이메이크업,렸,1
올리브영,아이메이크업,오만,1
올리브영,아이메이크업,아시,1
올리브영,아이메이크업,댓글,1
올리브영,아이메이크업,리즈,1
올리브영,아이메이크업,자세,1
올리브영,아이메이크업,하겐,1
올리브영,아이메이크업,설명,1
올리브영,아이메이크업,불가능해요,1
올리브영,아이메이크업,신제품,1
올리브영,아이메이크업,원형,1
올리브영,아이메이크업,랂아,1
올리브영,아이메이크업,모형,1
올리브영,아이메이크업,심심한,1
올리브영,아이메이크업,아무,1
올리브영,아이메이크업,답답한,1
올리브영,아이메이크업,빼주,1
올리브영,아이메이크업,유목민,1
올리브영,아이메이크업,마를,1
올리브영,아이메이크업,픽싱되,1
올리브영,아이메이크업,왕,1
올리브영,아이메이크업,기술,1
올리브영,아이메이크업,마슼깨,1
올리브영,아이메이크업,귀여운데,1
올리브영,아이메이크업,기대하는,1
올리브영,아이메이크업,편할,1
올리브영,아이메이크업,욧,1
올리브영,아이메이크업,극혐,1
올리브영,아이메이크업,부스러기,1
올리브영,아이메이크업,다리,1
올리브영,아이메이크업,시러서,1
올리브영,아이메이크업,마법,1
올리브영,아이메이크업,안되서,1
올리브영,아이메이크업,더해서,1
올리브영,아이메이크업,해당,1
올리브영,아이메이크업,심하진,1
올리브영,아이메이크업,딱이네,1
올리브영,아이메이크업,새로운리,1
올리브영,아이메이크업,뉴얼,1
올리브영,아이메이크업,여운,1
올리브영,아이메이크업,안합,1
올리브영,아이메이크업,숫,1
올리브영,아이메이크업,력도,1
올리브영,아이메이크업,몊년째,1
올리브영,아이메이크업,질리,1
올리브영,아이메이크업,새로운거,1
올리브영,아이메이크업,귀엽네요,1
올리브영,아이메이크업,커브,1
올리브영,아이메이크업,금은,1
올리브영,아이메이크업,용액,1
올리브영,아이메이크업,양은,1
올리브영,아이메이크업,일어나서,1
올리브영,아이메이크업,졸귀탱,1
올리브영,아이메이크업,추세,1
올리브영,아이메이크업,펌,1
올리브영,아이메이크업,피곤,1
올리브영,아이메이크업,군더더기,1
올리브영,아이메이크업,탁해지는,1
올리브영,아이메이크업,집중,1
올리브영,아이메이크업,갈수록,1
올리브영,아이메이크업,얇아지는,1
올리브영,아이메이크업,편하다거나,1
올리브영,아이메이크업,특별함은,1
올리브영,아이메이크업,로서,1
올리브영,아이메이크업,어려웠어요,1
올리브영,아이메이크업,몸통,1
올리브영,아이메이크업,픽업,1
올리브영,아이메이크업,안된다는,1
올리브영,아이메이크업,실수,1
올리브영,아이메이크업,폼클렌징,1
올리브영,아이메이크업,리해,1
올리브영,아이메이크업,줄줄,1
올리브영,아이메이크업,항싱,1
올리브영,아이메이크업,불편해요,1
올리브영,아이메이크업,연결,1
올리브영,아이메이크업,발해,1
올리브영,아이메이크업,힘들거,1
올리브영,아이메이크업,무겁게,1
올리브영,아이메이크업,아팠어서,1
올리브영,아이메이크업,원뿔,1
올리브영,아이메이크업,가법,1
올리브영,아이메이크업,숱,1
올리브영,아이메이크업,없구,1
올리브영,아이메이크업,안번,1
올리브영,아이메이크업,하그,1
올리브영,아이메이크업,님들,1
올리브영,아이메이크업,땅,1
올리브영,아이메이크업,없구여,1
올리브영,아이메이크업,한적,1
올리브영,아이메이크업,사기,1
올리브영,아이메이크업,버여,1
올리브영,아이메이크업,옅은,1
올리브영,아이메이크업,쌉가눙,1
올리브영,아이메이크업,호기심,1
올리브영,아이메이크업,아니어서,1
올리브영,아이메이크업,욥,1
올리브영,아이메이크업,고정은,1
올리브영,아이메이크업,해고,1
올리브영,아이메이크업,쌩,1
올리브영,아이메이크업,수준,1
올리브영,아이메이크업,규어,1
올리브영,아이메이크업,능데,1
올리브영,아이메이크업,욬,1
올리브영,아이메이크업,오빠,1
올리브영,아이메이크업,여친,1
올리브영,아이메이크업,방문,1
올리브영,아이메이크업,적극,1
올리브영,아이메이크업,염색,1
올리브영,아이메이크업,원플러스원,1
올리브영,아이메이크업,넉넉하게,1
올리브영,아이메이크업,지저분하게,1
올리브영,아이메이크업,티나,1
올리브영,아이메이크업,편했,1
올리브영,아이메이크업,경제,1
올리브영,아이메이크업,물이,1
올리브영,아이메이크업,맘에듬,1
올리브영,아이메이크업,터치,1
올리브영,아이메이크업,무겁지,1
올리브영,아이메이크업,아쉬,1
올리브영,아이메이크업,웟,1
올리브영,아이메이크업,그렇더라,1
올리브영,아이메이크업,늬,1
올리브영,아이메이크업,길쥐,1
올리브영,아이메이크업,그랬다구요,1
올리브영,아이메이크업,미쳐,1
올리브영,아이메이크업,텁텁하,1
올리브영,아이메이크업,현대,1
올리브영,아이메이크업,컨디션,1
올리브영,아이메이크업,조로,1
올리브영,아이메이크업,마스크,1
올리브영,아이메이크업,답답해서,1
올리브영,아이메이크업,큐어,1
올리브영,아이메이크업,노토려,1
올리브영,아이메이크업,귀찮아진거,1
올리브영,아이메이크업,겸,1
올리브영,아이메이크업,공유,1
올리브영,아이메이크업,득템,1
올리브영,아이메이크업,학창시절,1
올리브영,아이메이크업,저렴했었어서,1
올리브영,아이메이크업,가물,1
올리브영,아이메이크업,혜자,1
올리브영,아이메이크업,같은건,1
올리브영,아이메이크업,추억,1
올리브영,아이메이크업,촘촘한,1
올리브영,아이메이크업,때듀,1
올리브영,아이메이크업,딱좋음,1
올리브영,아이메이크업,안되어서,1
올리브영,아이메이크업,고집,1
올리브영,아이메이크업,불편함은,1
올리브영,아이메이크업,없었습니다,1
올리브영,아이메이크업,손재주,1
올리브영,아이메이크업,요긴,1
올리브영,아이메이크업,쁠,1
올리브영,아이메이크업,미국,1
올리브영,아이메이크업,클렌징할때,1
올리브영,아이메이크업,딱좋아,1
올리브영,아이메이크업,보구,1
올리브영,아이메이크업,조을거,1
올리브영,아이메이크업,빡센화장,1
올리브영,아이메이크업,좋더라고요,1
올리브영,아이메이크업,에뛰드하우스,1
올리브영,아이메이크업,직모,1
올리브영,아이메이크업,불때,1
올리브영,아이메이크업,곡선,1
올리브영,아이메이크업,저렴한,1
올리브영,아이메이크업,촘촘함,1
올리브영,아이메이크업,들뜨고,1
올리브영,아이메이크업,까맣게,1
올리브영,아이메이크업,위저,1
올리브영,아이메이크업,그랬는지,1
올리브영,아이메이크업,거지,1
올리브영,아이메이크업,짱짱해요,1
올리브영,아이메이크업,심한거,1
올리브영,아이메이크업,놀때,1
올리브영,아이메이크업,케,1
올리브영,아이메이크업,괜찮냐는,1
올리브영,아이메이크업,있었네요,1
올리브영,아이메이크업,쿠,1
올리브영,아이메이크업,같야요,1
올리브영,아이메이크업,이쯤,1
올리브영,아이메이크업,드림,1
올리브영,아이메이크업,초,1
올리브영,아이메이크업,익숙하지,1
올리브영,아이메이크업,숙달,1
올리브영,아이메이크업,같더라고요,1
올리브영,아이메이크업,미쳤어요,1
올리브영,아이메이크업,폼클렌저,1
올리브영,아이메이크업,등등,1
올리브영,아이메이크업,모에,1
올리브영,아이메이크업,아니였어요,1
올리브영,아이메이크업,영화,1
올리브영,아이메이크업,비비먄,1
올리브영,아이메이크업,네버,1
올리브영,아이메이크업,있어욤앞,1
올리브영,아이메이크업,같네오,1
올리브영,아이메이크업,칭구들,1
올리브영,아이메이크업,다해,1
올리브영,아이메이크업,회사,1
올리브영,아이메이크업,덜해요,1
올리브영,아이메이크업,그럴지두,1
올리브영,아이메이크업,탑인,1
올리브영,아이메이크업,좋아합니,1
올리브영,아이메이크업,무기,1
올리브영,아이메이크업,안번짐,1
올리브영,아이메이크업,핵무기,1
올리브영,아이메이크업,진국,1
올리브영,아이메이크업,안좋았는데,1
올리브영,아이메이크업,유튜버님,1
올리브영,아이메이크업,부디,1
올리브영,아이메이크업,안되길,1
올리브영,아이메이크업,유명하,1
올리브영,아이메이크업,변하면서,1
올리브영,아이메이크업,부드러워지고,1
올리브영,아이메이크업,있어지는,1
올리브영,아이메이크업,쏫다,1
올리브영,아이메이크업,톡톡하라,1
올리브영,아이메이크업,필터,1
올리브영,아이메이크업,절,1
올리브영,아이메이크업,구미,1
올리브영,아이메이크업,변하지,1
올리브영,아이메이크업,뷰러대충,1
올리브영,아이메이크업,엉망,1
올리브영,아이메이크업,종말,1
올리브영,아이메이크업,깔끔히,1
올리브영,아이메이크업,평이,1
올리브영,아이메이크업,초반,1
올리브영,아이메이크업,많진,1
올리브영,아이메이크업,톡,1
올리브영,아이메이크업,익숙,1
올리브영,아이메이크업,젹응되,1
올리브영,아이메이크업,왜냐면,1
올리브영,아이메이크업,반대,1
올리브영,아이메이크업,고수,1
올리브영,아이메이크업,또렷해져서,1
올리브영,아이메이크업,이런건,1
올리브영,아이메이크업,실패하고,1
올리브영,아이메이크업,엄청납니다,1
올리브영,아이메이크업,여러분,1
올리브영,아이메이크업,템잉건,1
올리브영,아이메이크업,공간,1
올리브영,아이메이크업,지퍼,1
올리브영,아이메이크업,미챴음,1
올리브영,아이메이크업,없고요,1
올리브영,아이메이크업,깔끔하면서,1
올리브영,아이메이크업,칠해져서,1
올리브영,아이메이크업,아빠,1
올리브영,아이메이크업,스스로,1
올리브영,아이메이크업,속성,1
올리브영,아이메이크업,비슷한데,1
올리브영,아이메이크업,뭍었는데,1
올리브영,아이메이크업,접근성,1
올리브영,아이메이크업,경쟁,1
올리브영,아이메이크업,믿음,1
올리브영,아이메이크업,슬로건,1
올리브영,아이메이크업,적립,1
올리브영,아이메이크업,심봉,1
올리브영,아이메이크업,중학교,1
올리브영,아이메이크업,마르면은,1
올리브영,아이메이크업,아니면은,1
올리브영,아이메이크업,딱딱한게,1
올리브영,아이메이크업,불편했지만,1
올리브영,아이메이크업,원해,1
올리브영,아이메이크업,빠짝올리,1
올리브영,아이메이크업,심하게,1
올리브영,아이메이크업,빽빽한,1
올리브영,아이메이크업,유명한건,1
올리브영,아이메이크업,단지,1
올리브영,아이메이크업,덕,1
올리브영,아이메이크업,법,1
올리브영,아이메이크업,경험,1
올리브영,아이메이크업,고리,1
올리브영,아이메이크업,렁래쉬,1
올리브영,아이메이크업,클렌징폼,1
올리브영,아이메이크업,중요하게,1
올리브영,아이메이크업,특별하고,1
올리브영,아이메이크업,제공,1
올리브영,아이메이크업,아기자기한,1
올리브영,아이메이크업,달기,1
올리브영,아이메이크업,만족스러웠어요,1
올리브영,아이메이크업,독특했어요,1
올리브영,아이메이크업,정교한,1
올리브영,아이메이크업,사이사이,1
올리브영,아이메이크업,덩어리,1
올리브영,아이메이크업,지지,1
올리브영,아이메이크업,적합했어요,1
올리브영,아이메이크업,시꺼멓게,1
올리브영,아이메이크업,정력,1
올리브영,아이메이크업,폼,1
올리브영,아이메이크업,있었지만,1
올리브영,아이메이크업,뛰어남,1
올리브영,아이메이크업,최종,1
올리브영,아이메이크업,평점,1
올리브영,아이메이크업,본적,1
올리브영,아이메이크업,어떤,1
올리브영,아이메이크업,얇은데도,1
올리브영,아이메이크업,애뛰드쓰다,1
올리브영,아이메이크업,약속,1
올리브영,아이메이크업,또렸,1
올리브영,아이메이크업,깜짝,1
올리브영,아이메이크업,놀랬답니다,1
올리브영,아이메이크업,손민수,1
올리브영,아이메이크업,또렷하더라구요,1
올리브영,아이메이크업,착하잖아요,1
올리브영,아이메이크업,좋았던거,1
올리브영,아이메이크업,같은대,1
올리브영,아이메이크업,변해서,1
올리브영,아이메이크업,분리,1
올리브영,아이메이크업,성한,1
올리브영,아이메이크업,섬세한,1
올리브영,아이메이크업,편리했어요,1
올리브영,아이메이크업,발생,1
올리브영,아이메이크업,장시간,1
올리브영,아이메이크업,뛰어납니다,1
올리브영,아이메이크업,히팅뷰러,1
올리브영,아이메이크업,마르고,1
올리브영,아이메이크업,고데,1
올리브영,아이메이크업,축,1
올리브영,아이메이크업,사봐썽,1
올리브영,아이메이크업,불편합니다,1
올리브영,아이메이크업,혼자,1
올리브영,아이메이크업,급하게,1
올리브영,아이메이크업,원하는만큼,1
올리브영,아이메이크업,연하,1
올리브영,아이메이크업,입,1
올리브영,아이메이크업,무지,1
올리브영,아이메이크업,많은지,1
올리브영,아이메이크업,굳잖아요,1
올리브영,아이메이크업,오래되면,1
올리브영,아이메이크업,굳을것,1
올리브영,아이메이크업,유명하네요,1
올리브영,아이메이크업,키스미,1
올리브영,아이메이크업,요새,1
올리브영,아이메이크업,실망했는데,1
올리브영,아이메이크업,또렷해지고,1
올리브영,아이메이크업,이득,1
올리브영,아이메이크업,정보,1
올리브영,아이메이크업,많더라고요,1
올리브영,아이메이크업,테디,1
올리브영,아이메이크업,셀러,1
올리브영,아이메이크업,계실,1
올리브영,아이메이크업,라그,1
올리브영,아이메이크업,댕쩌,1
올리브영,아이메이크업,쥐,1
올리브영,아이메이크업,삼박자,1
올리브영,아이메이크업,모라,1
올리브영,아이메이크업,대세,1
올리브영,아이메이크업,강츄합,1
올리브영,아이메이크업,짧아도,1
올리브영,아이메이크업,불륨,1
올리브영,아이메이크업,적지,1
올리브영,아이메이크업,겨자,1
올리브영,아이메이크업,먹기,1
올리브영,아이메이크업,품삼,1
올리브영,아이메이크업,인터넷,1
올리브영,아이메이크업,살걸,1
올리브영,아이메이크업,놀람,1
올리브영,아이메이크업,번짐너,1
올리브영,아이메이크업,무심해서,1
올리브영,아이메이크업,있었음,1
올리브영,아이메이크업,지리,1
올리브영,아이메이크업,국민,1
올리브영,아이메이크업,난하,1
올리브영,아이메이크업,바짝,1
올리브영,아이메이크업,최강,1
올리브영,아이메이크업,유명한데에는,1
올리브영,아이메이크업,자연스럽긴,1
올리브영,아이메이크업,직원,1
올리브영,아이메이크업,눈범짐,1
올리브영,아이메이크업,구배,1
올리브영,아이메이크업,태초,1
올리브영,아이메이크업,뭉쳐쟈,1
올리브영,아이메이크업,색소,1
올리브영,아이메이크업,굳고,1
올리브영,아이메이크업,미니어처,1
올리브영,아이메이크업,불편함,1
올리브영,아이메이크업,만족스럽고,1
올리브영,아이메이크업,부자연스러워서,1
올리브영,아이메이크업,닜,1
올리브영,아이메이크업,있나요,1
올리브영,아이메이크업,안되었어,1
올리브영,아이메이크업,귀여웠어,1
올리브영,아이메이크업,없긴한데,1
올리브영,아이메이크업,학원,1
올리브영,아이메이크업,읺,1
올리브영,아이메이크업,쫄렸는데,1
올리브영,아이메이크업,진하지도,1
올리브영,아이메이크업,좋었어요,1
올리브영,아이메이크업,이지나,1
올리브영,아이메이크업,부드러워,1
올리브영,아이메이크업,귀엽네,1
올리브영,아이메이크업,샘플,1
올리브영,아이메이크업,눈섭,1
올리브영,아이메이크업,삭제쑈,1
올리브영,아이메이크업,집게,1
올리브영,아이메이크업,좋다하는데,1
